date,close,VWAP,signal,positions
2022-02-08 12:50:00,3055.42,3056.6821101190467,0.0,0.0
2022-02-08 12:55:00,3066.36,3057.6149695426398,1.0,1.0
2022-02-08 13:00:00,3076.38,3060.689349180069,1.0,0.0
2022-02-08 13:05:00,3071.62,3063.099401802157,1.0,0.0
2022-02-08 13:10:00,3068.32,3064.0560032484805,1.0,0.0
2022-02-08 13:15:00,3061.93,3064.1290502837323,0.0,-1.0
2022-02-08 13:20:00,3074.96,3064.759317897371,1.0,1.0
2022-02-08 13:25:00,3076.28,3065.3965614902518,1.0,0.0
2022-02-08 13:30:00,3077.0,3065.8822052392734,1.0,0.0
2022-02-08 13:35:00,3083.99,3067.3778164462374,1.0,0.0
2022-02-08 13:40:00,3079.22,3068.0589391437143,1.0,0.0
2022-02-08 13:45:00,3086.0,3069.122892683329,1.0,0.0
2022-02-08 13:50:00,3086.86,3070.6716563137606,1.0,0.0
2022-02-08 13:55:00,3092.15,3072.067528547439,1.0,0.0
2022-02-08 14:00:00,3088.46,3073.331314876654,1.0,0.0
2022-02-08 14:05:00,3086.09,3074.0198014617517,1.0,0.0
2022-02-08 14:10:00,3089.64,3074.8534888819295,1.0,0.0
2022-02-08 14:15:00,3093.79,3076.3564518063904,1.0,0.0
2022-02-08 14:20:00,3097.54,3077.119640960731,1.0,0.0
2022-02-08 14:25:00,3086.48,3077.615198168465,1.0,0.0
2022-02-08 14:30:00,3079.16,3078.5858011327546,1.0,0.0
2022-02-08 14:35:00,3096.59,3079.312704474826,1.0,0.0
2022-02-08 14:40:00,3093.62,3079.6435212059023,1.0,0.0
2022-02-08 14:45:00,3091.02,3080.149013036701,1.0,0.0
2022-02-08 14:50:00,3081.71,3080.351307878708,1.0,0.0
2022-02-08 14:55:00,3070.74,3080.1019249326396,0.0,-1.0
2022-02-08 15:00:00,3054.0,3078.8191826079005,0.0,0.0
2022-02-08 15:05:00,3050.48,3077.020211841423,0.0,0.0
2022-02-08 15:10:00,3041.33,3074.8303172790693,0.0,0.0
2022-02-08 15:15:00,3056.21,3072.6892141438466,0.0,0.0
2022-02-08 15:20:00,3060.0,3072.2553667461243,0.0,0.0
2022-02-08 15:25:00,3057.4,3072.014397985337,0.0,0.0
2022-02-08 15:30:00,3052.33,3071.6377723203905,0.0,0.0
2022-02-08 15:35:00,3060.04,3070.9805719717087,0.0,0.0
2022-02-08 15:40:00,3065.73,3070.836429603534,0.0,0.0
2022-02-08 15:45:00,3072.23,3070.873554312668,1.0,1.0
2022-02-08 15:50:00,3076.79,3070.9787913957502,1.0,0.0
2022-02-08 15:55:00,3076.19,3071.0752713047827,1.0,0.0
2022-02-08 16:00:00,3071.22,3071.210142884589,1.0,0.0
2022-02-08 16:05:00,3074.83,3071.2388997676453,1.0,0.0
2022-02-08 16:10:00,3079.9,3071.322492183107,1.0,0.0
2022-02-08 16:15:00,3079.67,3071.4341947426874,1.0,0.0
2022-02-08 16:20:00,3076.93,3071.473246483281,1.0,0.0
2022-02-08 16:25:00,3076.99,3071.5112865100164,1.0,0.0
2022-02-08 16:30:00,3075.13,3071.624031338539,1.0,0.0
2022-02-08 16:35:00,3072.59,3071.636405345783,1.0,0.0
2022-02-08 16:40:00,3069.06,3071.613673202906,0.0,-1.0
2022-02-08 16:45:00,3052.51,3071.215853006099,0.0,0.0
2022-02-08 16:50:00,3042.81,3070.559885823729,0.0,0.0
2022-02-08 16:55:00,3044.73,3069.8765852250453,0.0,0.0
2022-02-08 17:00:00,3040.26,3069.303054546063,0.0,0.0
2022-02-08 17:05:00,3040.02,3068.60272433158,0.0,0.0
2022-02-08 17:10:00,3047.71,3068.209522954668,0.0,0.0
2022-02-08 17:15:00,3058.33,3067.9977327271736,0.0,0.0
2022-02-08 17:20:00,3056.64,3067.898528430818,0.0,0.0
2022-02-08 17:25:00,3043.94,3067.562280038803,0.0,0.0
2022-02-08 17:30:00,3039.99,3067.2031299733126,0.0,0.0
2022-02-08 17:35:00,3039.37,3066.834656658774,0.0,0.0
2022-02-08 17:40:00,3032.9,3066.1247772964552,0.0,0.0
2022-02-08 17:45:00,3043.16,3065.5801721364483,0.0,0.0
2022-02-08 17:50:00,3049.14,3065.288860277469,0.0,0.0
2022-02-08 17:55:00,3052.27,3065.107044642657,0.0,0.0
2022-02-08 18:00:00,3056.78,3064.995697690376,0.0,0.0
2022-02-08 18:05:00,3052.5,3064.906810802856,0.0,0.0
2022-02-08 18:10:00,3061.02,3064.83752604377,0.0,0.0
2022-02-08 18:15:00,3062.6,3064.8083627396836,0.0,0.0
2022-02-08 18:20:00,3057.79,3064.7799882566555,0.0,0.0
2022-02-08 18:25:00,3063.27,3064.756668826191,0.0,0.0
2022-02-08 18:30:00,3067.83,3064.770446067076,1.0,1.0
2022-02-08 18:35:00,3062.63,3064.7747316150867,0.0,-1.0
2022-02-08 18:40:00,3063.0,3064.76841905175,0.0,0.0
2022-02-08 18:45:00,3068.1,3064.7787710712328,1.0,1.0
2022-02-08 18:50:00,3052.24,3064.7259123418285,0.0,-1.0
2022-02-08 18:55:00,3059.02,3064.6607186829265,0.0,0.0
2022-02-08 19:00:00,3058.4,3064.621808075705,0.0,0.0
2022-02-08 19:05:00,3057.25,3064.596183732587,0.0,0.0
2022-02-08 19:10:00,3056.26,3064.551066743278,0.0,0.0
2022-02-08 19:15:00,3062.2,3064.506973347638,0.0,0.0
2022-02-08 19:20:00,3043.75,3064.3253094776837,0.0,0.0
2022-02-08 19:25:00,3035.32,3063.813833574694,0.0,0.0
2022-02-08 19:30:00,3046.73,3063.591311457962,0.0,0.0
2022-02-08 19:35:00,3038.06,3063.41819500639,0.0,0.0
2022-02-08 19:40:00,3038.9,3063.2195860160223,0.0,0.0
2022-02-08 19:45:00,3038.86,3062.961631995317,0.0,0.0
2022-02-08 19:50:00,3049.21,3062.783440867567,0.0,0.0
2022-02-08 19:55:00,3051.6,3062.7097234112894,0.0,0.0
2022-02-08 20:00:00,3055.13,3062.6135133573407,0.0,0.0
2022-02-08 20:05:00,3063.69,3062.5994695354807,1.0,1.0
2022-02-08 20:10:00,3067.82,3062.6225275660686,1.0,0.0
2022-02-08 20:15:00,3067.38,3062.6649006570337,1.0,0.0
2022-02-08 20:20:00,3073.61,3062.7178423799564,1.0,0.0
2022-02-08 20:25:00,3081.93,3062.9633085975934,1.0,0.0
2022-02-08 20:30:00,3096.36,3063.614073348895,1.0,0.0
2022-02-08 20:35:00,3106.54,3064.4532781001067,1.0,0.0
2022-02-08 20:40:00,3107.0,3064.964027156008,1.0,0.0
2022-02-08 20:45:00,3116.8,3065.654580352955,1.0,0.0
2022-02-08 20:50:00,3116.72,3066.193884096922,1.0,0.0
2022-02-08 20:55:00,3117.0,3066.6095765267078,1.0,0.0
2022-02-08 21:00:00,3121.46,3067.5445737744303,1.0,0.0
2022-02-08 21:05:00,3115.77,3068.1283544676676,1.0,0.0
2022-02-08 21:10:00,3104.71,3068.859271408767,1.0,0.0
2022-02-08 21:15:00,3113.06,3069.072755212073,1.0,0.0
2022-02-08 21:20:00,3117.78,3069.5903141807166,1.0,0.0
2022-02-08 21:25:00,3113.33,3069.8975694372293,1.0,0.0
2022-02-08 21:30:00,3123.01,3070.6018480555135,1.0,0.0
2022-02-08 21:35:00,3119.54,3070.8055014140573,1.0,0.0
2022-02-08 21:40:00,3122.98,3071.1692690035097,1.0,0.0
2022-02-08 21:45:00,3118.89,3071.499816006433,1.0,0.0
2022-02-08 21:50:00,3116.59,3071.6911070069855,1.0,0.0
2022-02-08 21:55:00,3113.94,3071.843393519052,1.0,0.0
2022-02-08 22:00:00,3110.43,3072.084926011179,1.0,0.0
2022-02-08 22:05:00,3114.67,3072.2158865185484,1.0,0.0
2022-02-08 22:10:00,3111.36,3072.3897661433766,1.0,0.0
2022-02-08 22:15:00,3110.22,3072.5412549624666,1.0,0.0
2022-02-08 22:20:00,3111.97,3072.645782554843,1.0,0.0
2022-02-08 22:25:00,3109.53,3072.756015346116,1.0,0.0
2022-02-08 22:30:00,3097.42,3072.8767391059955,1.0,0.0
2022-02-08 22:35:00,3106.06,3072.9432931712568,1.0,0.0
2022-02-08 22:40:00,3102.35,3072.972741543309,1.0,0.0
2022-02-08 22:45:00,3107.04,3073.1180324861825,1.0,0.0
2022-02-08 22:50:00,3110.8,3073.34821388669,1.0,0.0
2022-02-08 22:55:00,3113.92,3073.5124634422195,1.0,0.0
2022-02-08 23:00:00,3113.44,3073.6601845821924,1.0,0.0
2022-02-08 23:05:00,3119.2,3073.8128015916523,1.0,0.0
2022-02-08 23:10:00,3118.0,3074.091717106685,1.0,0.0
2022-02-08 23:15:00,3132.5,3074.954339716439,1.0,0.0
2022-02-08 23:20:00,3131.83,3075.27682591679,1.0,0.0
2022-02-08 23:25:00,3134.81,3075.5537630146164,1.0,0.0
2022-02-08 23:30:00,3125.58,3075.905844035774,1.0,0.0
2022-02-08 23:35:00,3122.72,3076.0495352402604,1.0,0.0
2022-02-08 23:40:00,3128.71,3076.2797929483577,1.0,0.0
2022-02-08 23:45:00,3118.56,3076.573409378661,1.0,0.0
2022-02-08 23:50:00,3120.89,3076.656872546153,1.0,0.0
2022-02-08 23:55:00,3116.69,3076.7676296237073,1.0,0.0
2022-02-09 00:00:00,3118.6,3076.954131543963,1.0,0.0
2022-02-09 00:05:00,3121.92,3077.135520850329,1.0,0.0
2022-02-09 00:10:00,3117.75,3077.345994171034,1.0,0.0
2022-02-09 00:15:00,3123.65,3077.5432198690946,1.0,0.0
2022-02-09 00:20:00,3122.64,3077.699330130255,1.0,0.0
2022-02-09 00:25:00,3109.03,3077.883613534752,1.0,0.0
2022-02-09 00:30:00,3110.1,3078.041584017834,1.0,0.0
2022-02-09 00:35:00,3109.62,3078.1497090093603,1.0,0.0
2022-02-09 00:40:00,3124.43,3078.3113010067573,1.0,0.0
2022-02-09 00:45:00,3128.14,3078.445762554936,1.0,0.0
2022-02-09 00:50:00,3125.4,3078.5908961920604,1.0,0.0
2022-02-09 00:55:00,3129.08,3078.7601560827006,1.0,0.0
2022-02-09 01:00:00,3125.59,3078.913077194439,1.0,0.0
2022-02-09 01:05:00,3127.01,3079.0529759959386,1.0,0.0
2022-02-09 01:10:00,3125.77,3079.189555611794,1.0,0.0
2022-02-09 01:15:00,3117.34,3079.2975209527094,1.0,0.0
2022-02-09 01:20:00,3116.51,3079.3682311566076,1.0,0.0
2022-02-09 01:25:00,3118.15,3079.4431374322276,1.0,0.0
2022-02-09 01:30:00,3120.25,3079.553911561633,1.0,0.0
2022-02-09 01:35:00,3114.14,3079.699012796808,1.0,0.0
2022-02-09 01:40:00,3110.65,3080.009646882109,1.0,0.0
2022-02-09 01:45:00,3106.29,3080.119237627444,1.0,0.0
2022-02-09 01:50:00,3102.45,3080.321099769792,1.0,0.0
2022-02-09 01:55:00,3101.71,3080.460759154202,1.0,0.0
2022-02-09 02:00:00,3097.77,3080.537861511939,1.0,0.0
2022-02-09 02:05:00,3079.46,3080.616359549091,0.0,-1.0
2022-02-09 02:10:00,3068.93,3080.5267947891793,0.0,0.0
2022-02-09 02:15:00,3069.99,3080.4381178103276,0.0,0.0
2022-02-09 02:20:00,3069.01,3080.3700822819455,0.0,0.0
2022-02-09 02:25:00,3068.8,3080.315030347613,0.0,0.0
2022-02-09 02:30:00,3063.17,3080.1723244462237,0.0,0.0
2022-02-09 02:35:00,3066.57,3080.0952540587305,0.0,0.0
2022-02-09 02:40:00,3066.31,3080.034334482349,0.0,0.0
2022-02-09 02:45:00,3071.74,3079.9983762141,0.0,0.0
2022-02-09 02:50:00,3075.01,3079.981958036546,0.0,0.0
2022-02-09 02:55:00,3075.59,3079.962881559295,0.0,0.0
2022-02-09 03:00:00,3083.0,3079.9624911852034,1.0,1.0
2022-02-09 03:05:00,3074.15,3079.951589120443,0.0,-1.0
2022-02-09 03:10:00,3073.71,3079.929194992421,0.0,0.0
2022-02-09 03:15:00,3079.31,3079.9255321786495,0.0,0.0
2022-02-09 03:20:00,3079.02,3079.9192917812024,0.0,0.0
2022-02-09 03:25:00,3079.32,3079.91641957547,0.0,0.0
2022-02-09 03:30:00,3077.76,3079.915704440327,0.0,0.0
2022-02-09 03:35:00,3078.16,3079.9087940439053,0.0,0.0
2022-02-09 03:40:00,3074.49,3079.902507549907,0.0,0.0
2022-02-09 03:45:00,3075.9,3079.894327522633,0.0,0.0
2022-02-09 03:50:00,3076.35,3079.8888513951897,0.0,0.0
2022-02-09 03:55:00,3076.52,3079.883938134003,0.0,0.0
2022-02-09 04:00:00,3083.86,3079.886967990722,1.0,1.0
2022-02-09 04:05:00,3089.09,3079.9087044946955,1.0,0.0
2022-02-09 04:10:00,3089.0,3079.9293869671087,1.0,0.0
2022-02-09 04:15:00,3084.96,3079.9417504463318,1.0,0.0
2022-02-09 04:20:00,3085.86,3079.9497947815453,1.0,0.0
2022-02-09 04:25:00,3083.67,3079.9622329720883,1.0,0.0
2022-02-09 04:30:00,3080.0,3079.967745412256,1.0,0.0
2022-02-09 04:35:00,3087.11,3079.975239664984,1.0,0.0
2022-02-09 04:40:00,3085.53,3079.9826681366603,1.0,0.0
2022-02-09 04:45:00,3092.13,3080.0068879590963,1.0,0.0
2022-02-09 04:50:00,3089.45,3080.0270411882234,1.0,0.0
2022-02-09 04:55:00,3080.41,3080.0399599935463,1.0,0.0
2022-02-09 05:00:00,3068.0,3079.9746765709715,0.0,-1.0
2022-02-09 05:05:00,3066.98,3079.939615991193,0.0,0.0
2022-02-09 05:10:00,3066.72,3079.8422191398486,0.0,0.0
2022-02-09 05:15:00,3055.04,3079.769882082526,0.0,0.0
2022-02-09 05:20:00,3069.01,3079.7158151728586,0.0,0.0
2022-02-09 05:25:00,3072.85,3079.692311372468,0.0,0.0
2022-02-09 05:30:00,3078.45,3079.6834351426937,0.0,0.0
2022-02-09 05:35:00,3085.06,3079.6965483758513,1.0,1.0
2022-02-09 05:40:00,3100.23,3079.780119390662,1.0,0.0
2022-02-09 05:45:00,3091.66,3079.8969385917335,1.0,0.0
2022-02-09 05:50:00,3094.48,3079.934321841422,1.0,0.0
2022-02-09 05:55:00,3089.75,3079.961175633192,1.0,0.0
2022-02-09 06:00:00,3094.09,3080.008749277481,1.0,0.0
2022-02-09 06:05:00,3091.95,3080.0289390223793,1.0,0.0
2022-02-09 06:10:00,3087.9,3080.051788560265,1.0,0.0
2022-02-09 06:15:00,3094.2,3080.071488161094,1.0,0.0
2022-02-09 06:20:00,3095.96,3080.0908588549064,1.0,0.0
2022-02-09 06:25:00,3091.52,3080.1208103424838,1.0,0.0
2022-02-09 06:30:00,3094.78,3080.164056398136,1.0,0.0
2022-02-09 06:35:00,3095.95,3080.1874694819207,1.0,0.0
2022-02-09 06:40:00,3101.49,3080.2623731834383,1.0,0.0
2022-02-09 06:45:00,3103.98,3080.3836162836824,1.0,0.0
2022-02-09 06:50:00,3102.45,3080.427484579769,1.0,0.0
2022-02-09 06:55:00,3099.93,3080.4634179121376,1.0,0.0
2022-02-09 07:00:00,3095.86,3080.54058365013,1.0,0.0
2022-02-09 07:05:00,3096.87,3080.568365972025,1.0,0.0
2022-02-09 07:10:00,3101.26,3080.6140343443053,1.0,0.0
2022-02-09 07:15:00,3090.09,3080.640266988496,1.0,0.0
2022-02-09 07:20:00,3088.11,3080.667732864086,1.0,0.0
2022-02-09 07:25:00,3087.07,3080.6836818166616,1.0,0.0
2022-02-09 07:30:00,3085.19,3080.696488561324,1.0,0.0
2022-02-09 07:35:00,3088.52,3080.7094962149317,1.0,0.0
2022-02-09 07:40:00,3088.16,3080.7200121911524,1.0,0.0
2022-02-09 07:45:00,3091.73,3080.7371341776857,1.0,0.0
2022-02-09 07:50:00,3095.78,3080.7775988657604,1.0,0.0
2022-02-09 07:55:00,3105.93,3080.913184804323,1.0,0.0
2022-02-09 08:00:00,3101.69,3081.0182073263745,1.0,0.0
2022-02-09 08:05:00,3097.87,3081.051787673538,1.0,0.0
2022-02-09 08:10:00,3097.49,3081.0778220059024,1.0,0.0
2022-02-09 08:15:00,3084.29,3081.1189800974835,1.0,0.0
2022-02-09 08:20:00,3071.8,3081.0765320206774,0.0,-1.0
2022-02-09 08:25:00,3079.48,3081.0567819877433,0.0,0.0
2022-02-09 08:30:00,3076.71,3081.0349463333273,0.0,0.0
2022-02-09 08:35:00,3084.04,3081.0360136073923,1.0,1.0
2022-02-09 08:40:00,3081.81,3081.0369440894,1.0,0.0
2022-02-09 08:45:00,3096.08,3081.077741704273,1.0,0.0
2022-02-09 08:50:00,3095.0,3081.1215821818905,1.0,0.0
2022-02-09 08:55:00,3094.1,3081.147774853931,1.0,0.0
2022-02-09 09:00:00,3103.07,3081.3338095252975,1.0,0.0
2022-02-09 09:05:00,3112.45,3081.4679872311417,1.0,0.0
2022-02-09 09:10:00,3110.21,3081.5931357128275,1.0,0.0
2022-02-09 09:15:00,3107.73,3081.661022391709,1.0,0.0
2022-02-09 09:20:00,3109.46,3081.715739972083,1.0,0.0
2022-02-09 09:25:00,3109.83,3081.785888967102,1.0,0.0
2022-02-09 09:30:00,3104.11,3081.910448375759,1.0,0.0
2022-02-09 09:35:00,3097.12,3081.956243380434,1.0,0.0
2022-02-09 09:40:00,3105.93,3082.014533412435,1.0,0.0
2022-02-09 09:45:00,3106.23,3082.0790822491913,1.0,0.0
2022-02-09 09:50:00,3099.17,3082.118433998378,1.0,0.0
2022-02-09 09:55:00,3099.21,3082.1460339489386,1.0,0.0
2022-02-09 10:00:00,3101.19,3082.233872225568,1.0,0.0
2022-02-09 10:05:00,3122.98,3082.407377603146,1.0,0.0
2022-02-09 10:10:00,3123.5,3082.6645726176566,1.0,0.0
2022-02-09 10:15:00,3127.3,3082.7985560261736,1.0,0.0
2022-02-09 10:20:00,3128.28,3083.1639822725833,1.0,0.0
2022-02-09 10:25:00,3135.24,3083.646566721102,1.0,0.0
2022-02-09 10:30:00,3129.74,3083.95438639407,1.0,0.0
2022-02-09 10:35:00,3133.68,3084.1033982456356,1.0,0.0
2022-02-09 10:40:00,3131.02,3084.201837945691,1.0,0.0
2022-02-09 10:45:00,3126.52,3084.3972200439744,1.0,0.0
2022-02-09 10:50:00,3130.21,3084.5686668020057,1.0,0.0
2022-02-09 10:55:00,3136.3,3084.667557405834,1.0,0.0
2022-02-09 11:00:00,3138.65,3084.859012220028,1.0,0.0
2022-02-09 11:05:00,3120.66,3085.0572753466554,1.0,0.0
2022-02-09 11:10:00,3126.04,3085.1563975699355,1.0,0.0
2022-02-09 11:15:00,3130.89,3085.2738485784294,1.0,0.0
2022-02-09 11:20:00,3128.36,3085.449081237803,1.0,0.0
2022-02-09 11:25:00,3138.7,3085.622769737137,1.0,0.0
2022-02-09 11:30:00,3139.26,3085.790782209572,1.0,0.0
2022-02-09 11:35:00,3142.87,3086.153481556091,1.0,0.0
2022-02-09 11:40:00,3139.53,3086.288391718032,1.0,0.0
2022-02-09 11:45:00,3149.51,3086.704994078624,1.0,0.0
2022-02-09 11:50:00,3149.59,3086.935515311763,1.0,0.0
2022-02-09 11:55:00,3152.89,3087.158309681378,1.0,0.0
2022-02-09 12:00:00,3156.19,3087.5682517223977,1.0,0.0
2022-02-09 12:05:00,3147.3,3087.907759955952,1.0,0.0
2022-02-09 12:10:00,3154.61,3088.0630455031805,1.0,0.0
2022-02-09 12:15:00,3155.26,3088.233067077144,1.0,0.0
2022-02-09 12:20:00,3154.5,3088.3981345021916,1.0,0.0
2022-02-09 12:25:00,3154.62,3088.6232895113867,1.0,0.0
2022-02-09 12:30:00,3158.0,3088.820000026537,1.0,0.0
2022-02-09 12:35:00,3163.58,3089.2161498086034,1.0,0.0
2022-02-09 12:40:00,3190.59,3091.1737689509932,1.0,0.0
2022-02-09 12:45:00,3181.63,3091.750299404838,1.0,0.0
2022-02-09 12:50:00,3177.82,3092.043482833579,1.0,0.0
2022-02-09 12:55:00,3181.49,3092.402714801949,1.0,0.0
2022-02-09 13:00:00,3183.82,3092.7444084413364,1.0,0.0
2022-02-09 13:05:00,3189.06,3093.1206007502974,1.0,0.0
2022-02-09 13:10:00,3200.07,3094.8358866171093,1.0,0.0
2022-02-09 13:15:00,3194.68,3095.4674282214946,1.0,0.0
2022-02-09 13:20:00,3197.86,3096.2156485802093,1.0,0.0
2022-02-09 13:25:00,3198.74,3096.615320180867,1.0,0.0
2022-02-09 13:30:00,3193.66,3097.0804237443526,1.0,0.0
2022-02-09 13:35:00,3192.73,3097.3208615011417,1.0,0.0
2022-02-09 13:40:00,3198.64,3097.6771252616263,1.0,0.0
2022-02-09 13:45:00,3196.14,3097.9802992326895,1.0,0.0
2022-02-09 13:50:00,3192.72,3098.1845741125317,1.0,0.0
2022-02-09 13:55:00,3180.94,3098.811379629123,1.0,0.0
2022-02-09 14:00:00,3171.63,3099.1716701416235,1.0,0.0
2022-02-09 14:05:00,3176.72,3099.5414250843246,1.0,0.0
2022-02-09 14:10:00,3179.01,3099.798329081735,1.0,0.0
2022-02-09 14:15:00,3171.98,3099.945722853107,1.0,0.0
2022-02-09 14:20:00,3181.58,3100.0557851707063,1.0,0.0
2022-02-09 14:25:00,3186.83,3100.30102092906,1.0,0.0
2022-02-09 14:30:00,3196.27,3100.8799113366213,1.0,0.0
2022-02-09 14:35:00,3197.42,3101.228953732623,1.0,0.0
2022-02-09 14:40:00,3202.61,3101.86951167097,1.0,0.0
2022-02-09 14:45:00,3208.03,3102.336908170756,1.0,0.0
2022-02-09 14:50:00,3196.55,3102.733436000957,1.0,0.0
2022-02-09 14:55:00,3188.5,3103.1380718103496,1.0,0.0
2022-02-09 15:00:00,3195.06,3103.3684528941208,1.0,0.0
2022-02-09 15:05:00,3197.07,3103.703869764387,1.0,0.0
2022-02-09 15:10:00,3181.27,3103.941029538685,1.0,0.0
2022-02-09 15:15:00,3167.88,3104.2925636359996,1.0,0.0
2022-02-09 15:20:00,3172.27,3104.496526580696,1.0,0.0
2022-02-09 15:25:00,3177.68,3104.696656264015,1.0,0.0
2022-02-09 15:30:00,3180.3,3104.8766227513847,1.0,0.0
2022-02-09 15:35:00,3173.85,3105.1262835250777,1.0,0.0
2022-02-09 15:40:00,3166.0,3105.7103196284897,1.0,0.0
2022-02-09 15:45:00,3170.19,3105.8160916629613,1.0,0.0
2022-02-09 15:50:00,3168.96,3105.958309215102,1.0,0.0
2022-02-09 15:55:00,3178.45,3106.0899472328583,1.0,0.0
2022-02-09 16:00:00,3191.53,3107.007888641788,1.0,0.0
2022-02-09 16:05:00,3182.07,3107.4857373578884,1.0,0.0
2022-02-09 16:10:00,3172.45,3107.718644514107,1.0,0.0
2022-02-09 16:15:00,3175.68,3107.837734780316,1.0,0.0
2022-02-09 16:20:00,3185.73,3107.983665339017,1.0,0.0
2022-02-09 16:25:00,3183.83,3108.143668705387,1.0,0.0
2022-02-09 16:30:00,3192.08,3108.4365054090076,1.0,0.0
2022-02-09 16:35:00,3191.35,3108.6117451815344,1.0,0.0
2022-02-09 16:40:00,3193.46,3108.788857728388,1.0,0.0
2022-02-09 16:45:00,3211.42,3109.4972840487753,1.0,0.0
2022-02-09 16:50:00,3198.76,3109.8891104152426,1.0,0.0
2022-02-09 16:55:00,3202.95,3110.043360255371,1.0,0.0
2022-02-09 17:00:00,3207.24,3110.3254651239995,1.0,0.0
2022-02-09 17:05:00,3203.2,3110.5624685476732,1.0,0.0
2022-02-09 17:10:00,3205.74,3110.7466913920284,1.0,0.0
2022-02-09 17:15:00,3215.5,3111.0689897445436,1.0,0.0
2022-02-09 17:20:00,3208.81,3111.3139693804555,1.0,0.0
2022-02-09 17:25:00,3206.01,3111.545870887941,1.0,0.0
2022-02-09 17:30:00,3200.0,3111.851402137681,1.0,0.0
2022-02-09 17:35:00,3210.0,3112.06630428423,1.0,0.0
2022-02-09 17:40:00,3203.52,3112.2105152541676,1.0,0.0
2022-02-09 17:45:00,3206.57,3112.330401285525,1.0,0.0
2022-02-09 17:50:00,3196.31,3112.494508171362,1.0,0.0
2022-02-09 17:55:00,3199.76,3112.623228949119,1.0,0.0
2022-02-09 18:00:00,3200.6,3112.726216894376,1.0,0.0
2022-02-09 18:05:00,3196.28,3112.8607667024576,1.0,0.0
2022-02-09 18:10:00,3193.76,3112.9400553697387,1.0,0.0
2022-02-09 18:15:00,3197.81,3113.017322363539,1.0,0.0
2022-02-09 18:20:00,3189.09,3113.112025753385,1.0,0.0
2022-02-09 18:25:00,3193.0,3113.289722140822,1.0,0.0
2022-02-09 18:30:00,3189.58,3113.391818781375,1.0,0.0
2022-02-09 18:35:00,3191.5,3113.4840514365837,1.0,0.0
2022-02-09 18:40:00,3204.35,3113.6728851720845,1.0,0.0
2022-02-09 18:45:00,3202.04,3113.7790948835814,1.0,0.0
2022-02-09 18:50:00,3201.52,3113.8973186457893,1.0,0.0
2022-02-09 18:55:00,3210.13,3114.0408862943946,1.0,0.0
2022-02-09 19:00:00,3215.65,3114.6559532454285,1.0,0.0
2022-02-09 19:05:00,3229.64,3115.9316164942147,1.0,0.0
2022-02-09 19:10:00,3226.38,3116.359218834105,1.0,0.0
2022-02-09 19:15:00,3224.9,3116.6018096861353,1.0,0.0
2022-02-09 19:20:00,3237.26,3117.570765095897,1.0,0.0
2022-02-09 19:25:00,3247.01,3118.7723083405776,1.0,0.0
2022-02-09 19:30:00,3240.41,3119.200718362867,1.0,0.0
2022-02-09 19:35:00,3252.06,3119.763706055179,1.0,0.0
2022-02-09 19:40:00,3250.72,3120.138965410193,1.0,0.0
2022-02-09 19:45:00,3251.63,3120.5116464535763,1.0,0.0
2022-02-09 19:50:00,3248.76,3120.7531979203923,1.0,0.0
2022-02-09 19:55:00,3246.94,3120.9881842836267,1.0,0.0
2022-02-09 20:00:00,3249.65,3121.2599704403765,1.0,0.0
2022-02-09 20:05:00,3254.21,3121.840760849572,1.0,0.0
2022-02-09 20:10:00,3244.41,3122.117809800062,1.0,0.0
2022-02-09 20:15:00,3247.3,3122.412895489222,1.0,0.0
2022-02-09 20:20:00,3259.65,3122.7145678568845,1.0,0.0
2022-02-09 20:25:00,3260.67,3123.1844367033355,1.0,0.0
2022-02-09 20:30:00,3265.51,3123.726211736808,1.0,0.0
2022-02-09 20:35:00,3264.92,3124.140187837064,1.0,0.0
2022-02-09 20:40:00,3259.42,3124.590482201325,1.0,0.0
2022-02-09 20:45:00,3260.44,3125.0224446605553,1.0,0.0
2022-02-09 20:50:00,3257.26,3125.358581678941,1.0,0.0
2022-02-09 20:55:00,3258.74,3125.6089842591387,1.0,0.0
2022-02-09 21:00:00,3251.99,3126.091049944101,1.0,0.0
2022-02-09 21:05:00,3254.81,3126.3898337973637,1.0,0.0
2022-02-09 21:10:00,3254.34,3126.6094248188037,1.0,0.0
2022-02-09 21:15:00,3248.13,3126.798477104663,1.0,0.0
2022-02-09 21:20:00,3254.12,3126.952891253366,1.0,0.0
2022-02-09 21:25:00,3253.56,3127.0476212474623,1.0,0.0
2022-02-09 21:30:00,3248.7,3127.2849828027483,1.0,0.0
2022-02-09 21:35:00,3247.9,3127.411591547529,1.0,0.0
2022-02-09 21:40:00,3249.01,3127.499450734341,1.0,0.0
2022-02-09 21:45:00,3244.83,3127.722268832064,1.0,0.0
2022-02-09 21:50:00,3242.27,3127.920740247055,1.0,0.0
2022-02-09 21:55:00,3236.08,3128.165431453156,1.0,0.0
2022-02-09 22:00:00,3238.0,3128.351173127086,1.0,0.0
2022-02-09 22:05:00,3244.02,3128.503932193932,1.0,0.0
2022-02-09 22:10:00,3236.85,3128.775201297207,1.0,0.0
2022-02-09 22:15:00,3241.4,3128.916115833189,1.0,0.0
2022-02-09 22:20:00,3231.59,3129.110121246697,1.0,0.0
2022-02-09 22:25:00,3233.53,3129.2893154009203,1.0,0.0
2022-02-09 22:30:00,3239.77,3129.39995153348,1.0,0.0
2022-02-09 22:35:00,3240.41,3129.4914496722595,1.0,0.0
2022-02-09 22:40:00,3242.5,3129.5984618009225,1.0,0.0
2022-02-09 22:45:00,3246.26,3129.6906095414606,1.0,0.0
2022-02-09 22:50:00,3252.58,3129.8556122165273,1.0,0.0
2022-02-09 22:55:00,3251.02,3129.9537593637256,1.0,0.0
2022-02-09 23:00:00,3243.29,3130.1881173422485,1.0,0.0
2022-02-09 23:05:00,3241.22,3130.331913240725,1.0,0.0
2022-02-09 23:10:00,3242.37,3130.4360789503344,1.0,0.0
2022-02-09 23:15:00,3244.99,3130.524995563381,1.0,0.0
2022-02-09 23:20:00,3237.69,3130.684472906283,1.0,0.0
2022-02-09 23:25:00,3236.62,3130.838902546006,1.0,0.0
2022-02-09 23:30:00,3239.5,3131.030032303156,1.0,0.0
2022-02-09 23:35:00,3234.13,3131.1787443737526,1.0,0.0
2022-02-09 23:40:00,3234.82,3131.2884714456654,1.0,0.0
2022-02-09 23:45:00,3236.91,3131.4388467717513,1.0,0.0
2022-02-09 23:50:00,3239.1,3131.633785141396,1.0,0.0
2022-02-09 23:55:00,3243.94,3131.9340984854643,1.0,0.0
2022-02-10 00:00:00,3245.49,3132.2244676461996,1.0,0.0
2022-02-10 00:05:00,3238.19,3132.3899425370882,1.0,0.0
2022-02-10 00:10:00,3235.71,3132.566949911292,1.0,0.0
2022-02-10 00:15:00,3220.54,3132.9341121780158,1.0,0.0
2022-02-10 00:20:00,3214.99,3133.2274804478625,1.0,0.0
2022-02-10 00:25:00,3224.74,3133.4556215793855,1.0,0.0
2022-02-10 00:30:00,3224.59,3133.5959570647965,1.0,0.0
2022-02-10 00:35:00,3225.81,3133.673408084901,1.0,0.0
2022-02-10 00:40:00,3221.87,3133.8067105740647,1.0,0.0
2022-02-10 00:45:00,3219.55,3133.9076321274715,1.0,0.0
2022-02-10 00:50:00,3218.27,3133.9862772036795,1.0,0.0
2022-02-10 00:55:00,3220.09,3134.0803561324087,1.0,0.0
2022-02-10 01:00:00,3224.82,3134.1813459809637,1.0,0.0
2022-02-10 01:05:00,3223.83,3134.2773506025587,1.0,0.0
2022-02-10 01:10:00,3225.78,3134.428698878553,1.0,0.0
2022-02-10 01:15:00,3222.11,3134.516302725958,1.0,0.0
2022-02-10 01:20:00,3227.34,3134.6050969806556,1.0,0.0
2022-02-10 01:25:00,3214.23,3134.710015064526,1.0,0.0
2022-02-10 01:30:00,3220.79,3134.8609995589823,1.0,0.0
2022-02-10 01:35:00,3222.05,3134.941316545641,1.0,0.0
2022-02-10 01:40:00,3225.73,3135.028010084626,1.0,0.0
2022-02-10 01:45:00,3224.0,3135.0938054898006,1.0,0.0
2022-02-10 01:50:00,3220.62,3135.1638898533297,1.0,0.0
2022-02-10 01:55:00,3224.27,3135.2518939456672,1.0,0.0
2022-02-10 02:00:00,3218.79,3135.3930594944113,1.0,0.0
2022-02-10 02:05:00,3223.85,3135.5472710541517,1.0,0.0
2022-02-10 02:10:00,3225.8,3135.638579429794,1.0,0.0
2022-02-10 02:15:00,3221.5,3135.7657591675056,1.0,0.0
2022-02-10 02:20:00,3226.19,3135.8426227184673,1.0,0.0
2022-02-10 02:25:00,3228.29,3135.9089256636844,1.0,0.0
2022-02-10 02:30:00,3224.01,3135.9631762120785,1.0,0.0
2022-02-10 02:35:00,3221.23,3136.0440480946313,1.0,0.0
2022-02-10 02:40:00,3221.53,3136.130461299948,1.0,0.0
2022-02-10 02:45:00,3203.44,3136.469733022195,1.0,0.0
2022-02-10 02:50:00,3200.79,3136.708509209061,1.0,0.0
2022-02-10 02:55:00,3186.58,3137.03629754107,1.0,0.0
2022-02-10 03:00:00,3175.98,3137.272019286013,1.0,0.0
2022-02-10 03:05:00,3179.35,3137.4483585985436,1.0,0.0
2022-02-10 03:10:00,3177.58,3137.496851501653,1.0,0.0
2022-02-10 03:15:00,3185.37,3137.5671258251236,1.0,0.0
2022-02-10 03:20:00,3184.29,3137.6113039597008,1.0,0.0
2022-02-10 03:25:00,3185.17,3137.6675198831067,1.0,0.0
2022-02-10 03:30:00,3185.48,3137.714054281045,1.0,0.0
2022-02-10 03:35:00,3186.88,3137.7496046867914,1.0,0.0
2022-02-10 03:40:00,3180.4,3137.8156722528743,1.0,0.0
2022-02-10 03:45:00,3179.37,3137.8710244323092,1.0,0.0
2022-02-10 03:50:00,3179.73,3137.922716032787,1.0,0.0
2022-02-10 03:55:00,3179.6,3137.942477594796,1.0,0.0
2022-02-10 04:00:00,3175.27,3138.004173078973,1.0,0.0
2022-02-10 04:05:00,3182.38,3138.050580228735,1.0,0.0
2022-02-10 04:10:00,3185.11,3138.080846151346,1.0,0.0
2022-02-10 04:15:00,3181.98,3138.1296771275324,1.0,0.0
2022-02-10 04:20:00,3183.38,3138.175864930269,1.0,0.0
2022-02-10 04:25:00,3182.98,3138.219166285673,1.0,0.0
2022-02-10 04:30:00,3184.64,3138.388403467929,1.0,0.0
2022-02-10 04:35:00,3179.38,3138.447090655785,1.0,0.0
2022-02-10 04:40:00,3173.63,3138.5047008037322,1.0,0.0
2022-02-10 04:45:00,3165.48,3138.6447052809576,1.0,0.0
2022-02-10 04:50:00,3164.17,3138.730026930423,1.0,0.0
2022-02-10 04:55:00,3168.85,3138.85762263083,1.0,0.0
2022-02-10 05:00:00,3162.0,3138.88244315248,1.0,0.0
2022-02-10 05:05:00,3160.27,3138.924963213319,1.0,0.0
2022-02-10 05:10:00,3164.53,3138.968265380485,1.0,0.0
2022-02-10 05:15:00,3161.97,3138.9958243831734,1.0,0.0
2022-02-10 05:20:00,3167.02,3139.012322604461,1.0,0.0
2022-02-10 05:25:00,3166.63,3139.0622812662955,1.0,0.0
2022-02-10 05:30:00,3164.17,3139.1001853678054,1.0,0.0
2022-02-10 05:35:00,3164.67,3139.1272292018393,1.0,0.0
2022-02-10 05:40:00,3169.36,3139.1411803241936,1.0,0.0
2022-02-10 05:45:00,3167.78,3139.166577049749,1.0,0.0
2022-02-10 05:50:00,3173.01,3139.243281218909,1.0,0.0
2022-02-10 05:55:00,3174.93,3139.2755991141944,1.0,0.0
2022-02-10 06:00:00,3176.91,3139.3176490279643,1.0,0.0
2022-02-10 06:05:00,3176.58,3139.361364670494,1.0,0.0
2022-02-10 06:10:00,3175.44,3139.3951120794277,1.0,0.0
2022-02-10 06:15:00,3170.65,3139.4279593208444,1.0,0.0
2022-02-10 06:20:00,3174.27,3139.4510767438455,1.0,0.0
2022-02-10 06:25:00,3170.05,3139.476827397371,1.0,0.0
2022-02-10 06:30:00,3175.35,3139.508461545813,1.0,0.0
2022-02-10 06:35:00,3186.52,3139.589105490153,1.0,0.0
2022-02-10 06:40:00,3188.62,3139.681448627945,1.0,0.0
2022-02-10 06:45:00,3184.96,3139.72598196636,1.0,0.0
2022-02-10 06:50:00,3185.51,3139.7816759041443,1.0,0.0
2022-02-10 06:55:00,3179.41,3139.837259936482,1.0,0.0
2022-02-10 07:00:00,3185.83,3139.9119346659013,1.0,0.0
2022-02-10 07:05:00,3186.37,3139.9668711357394,1.0,0.0
2022-02-10 07:10:00,3189.84,3140.0378794946405,1.0,0.0
2022-02-10 07:15:00,3182.72,3140.121972147275,1.0,0.0
2022-02-10 07:20:00,3184.25,3140.208844222031,1.0,0.0
2022-02-10 07:25:00,3182.42,3140.280927033336,1.0,0.0
2022-02-10 07:30:00,3183.06,3140.3207948136765,1.0,0.0
2022-02-10 07:35:00,3182.6,3140.3462822702104,1.0,0.0
2022-02-10 07:40:00,3181.81,3140.4266000675448,1.0,0.0
2022-02-10 07:45:00,3183.5,3140.48083781956,1.0,0.0
2022-02-10 07:50:00,3187.84,3140.536481473848,1.0,0.0
2022-02-10 07:55:00,3189.9,3140.6176445339406,1.0,0.0
2022-02-10 08:00:00,3192.82,3140.7432775854195,1.0,0.0
2022-02-10 08:05:00,3196.0,3140.858573505454,1.0,0.0
2022-02-10 08:10:00,3201.34,3141.0220316830905,1.0,0.0
2022-02-10 08:15:00,3197.22,3141.1374946521782,1.0,0.0
2022-02-10 08:20:00,3193.86,3141.212114476915,1.0,0.0
2022-02-10 08:25:00,3194.2,3141.2873558433334,1.0,0.0
2022-02-10 08:30:00,3193.53,3141.3543505078796,1.0,0.0
2022-02-10 08:35:00,3197.9,3141.4138968159796,1.0,0.0
2022-02-10 08:40:00,3196.17,3141.4831533382417,1.0,0.0
2022-02-10 08:45:00,3197.54,3141.542427948728,1.0,0.0
2022-02-10 08:50:00,3197.12,3141.6349875037413,1.0,0.0
2022-02-10 08:55:00,3198.74,3141.6955081834385,1.0,0.0
2022-02-10 09:00:00,3195.59,3141.7843541697616,1.0,0.0
2022-02-10 09:05:00,3185.53,3141.876376048875,1.0,0.0
2022-02-10 09:10:00,3186.05,3141.9704783142884,1.0,0.0
2022-02-10 09:15:00,3195.8,3142.053702411449,1.0,0.0
2022-02-10 09:20:00,3204.62,3142.2452222192137,1.0,0.0
2022-02-10 09:25:00,3204.69,3142.3830847239296,1.0,0.0
2022-02-10 09:30:00,3199.72,3142.45960987234,1.0,0.0
2022-02-10 09:35:00,3199.34,3142.5007059966765,1.0,0.0
2022-02-10 09:40:00,3203.24,3142.571608584637,1.0,0.0
2022-02-10 09:45:00,3203.22,3142.610489795363,1.0,0.0
2022-02-10 09:50:00,3207.33,3142.6647276457497,1.0,0.0
2022-02-10 09:55:00,3214.39,3142.819409686965,1.0,0.0
2022-02-10 10:00:00,3226.34,3143.437352132977,1.0,0.0
2022-02-10 10:05:00,3244.54,3144.2220615734313,1.0,0.0
2022-02-10 10:10:00,3247.96,3144.997751974295,1.0,0.0
2022-02-10 10:15:00,3251.51,3145.6078867431625,1.0,0.0
2022-02-10 10:20:00,3249.48,3145.7983052695745,1.0,0.0
2022-02-10 10:25:00,3255.1,3146.6680512051726,1.0,0.0
2022-02-10 10:30:00,3250.98,3146.862294347197,1.0,0.0
2022-02-10 10:35:00,3258.47,3147.0446891971437,1.0,0.0
2022-02-10 10:40:00,3253.38,3147.1915861585667,1.0,0.0
2022-02-10 10:45:00,3244.32,3147.4106656283143,1.0,0.0
2022-02-10 10:50:00,3244.49,3147.5294333517304,1.0,0.0
2022-02-10 10:55:00,3246.94,3147.602125425475,1.0,0.0
2022-02-10 11:00:00,3238.29,3147.796202926983,1.0,0.0
2022-02-10 11:05:00,3244.55,3147.9092744010113,1.0,0.0
2022-02-10 11:10:00,3251.05,3148.067918988933,1.0,0.0
2022-02-10 11:15:00,3244.93,3148.2030353913606,1.0,0.0
2022-02-10 11:20:00,3253.47,3148.4058484400334,1.0,0.0
2022-02-10 11:25:00,3252.86,3148.6045431956104,1.0,0.0
2022-02-10 11:30:00,3271.98,3149.546552710669,1.0,0.0
2022-02-10 11:35:00,3269.07,3149.840432245073,1.0,0.0
2022-02-10 11:40:00,3266.12,3150.0171366834197,1.0,0.0
2022-02-10 11:45:00,3246.0,3150.3187627569678,1.0,0.0
2022-02-10 11:50:00,3247.56,3150.667585942404,1.0,0.0
2022-02-10 11:55:00,3248.05,3150.8240092044953,1.0,0.0
2022-02-10 12:00:00,3254.37,3151.1798179460375,1.0,0.0
2022-02-10 12:05:00,3253.38,3151.339995135996,1.0,0.0
2022-02-10 12:10:00,3255.99,3151.548261890012,1.0,0.0
2022-02-10 12:15:00,3242.01,3151.7447552197073,1.0,0.0
2022-02-10 12:20:00,3240.83,3151.931876498463,1.0,0.0
2022-02-10 12:25:00,3244.1,3152.0639079540715,1.0,0.0
2022-02-10 12:30:00,3241.2,3152.2236177802456,1.0,0.0
2022-02-10 12:35:00,3240.86,3152.395075533435,1.0,0.0
2022-02-10 12:40:00,3233.51,3152.6898513703536,1.0,0.0
2022-02-10 12:45:00,3237.8,3152.8191041517857,1.0,0.0
2022-02-10 12:50:00,3249.53,3153.121755138942,1.0,0.0
2022-02-10 12:55:00,3244.65,3153.2081748583887,1.0,0.0
2022-02-10 13:00:00,3242.67,3153.338734921099,1.0,0.0
2022-02-10 13:05:00,3255.0,3153.5944939397937,1.0,0.0
2022-02-10 13:10:00,3258.55,3153.7959484346957,1.0,0.0
2022-02-10 13:15:00,3256.35,3153.9530152500956,1.0,0.0
2022-02-10 13:20:00,3250.01,3154.1382488880163,1.0,0.0
2022-02-10 13:25:00,3255.2,3154.264359295244,1.0,0.0
2022-02-10 13:30:00,3166.72,3155.1178014731527,1.0,0.0
2022-02-10 13:35:00,3166.57,3155.1703007629353,1.0,0.0
2022-02-10 13:40:00,3139.48,3155.060518984228,0.0,-1.0
2022-02-10 13:45:00,3146.54,3154.977640873346,0.0,0.0
2022-02-10 13:50:00,3134.57,3154.8581053254998,0.0,0.0
2022-02-10 13:55:00,3125.68,3154.68491056259,0.0,0.0
2022-02-10 14:00:00,3101.31,3153.958023723635,0.0,0.0
2022-02-10 14:05:00,3106.4,3153.491683682726,0.0,0.0
2022-02-10 14:10:00,3105.11,3153.315828363313,0.0,0.0
2022-02-10 14:15:00,3099.71,3153.0523993695083,0.0,0.0
2022-02-10 14:20:00,3103.31,3152.891164479192,0.0,0.0
2022-02-10 14:25:00,3116.05,3152.748582324433,0.0,0.0
2022-02-10 14:30:00,3134.9,3152.5868836767613,0.0,0.0
2022-02-10 14:35:00,3140.35,3152.5191671404973,0.0,0.0
2022-02-10 14:40:00,3128.56,3152.4516974333715,0.0,0.0
2022-02-10 14:45:00,3123.69,3152.3605663158087,0.0,0.0
2022-02-10 14:50:00,3142.8,3152.3048809461875,0.0,0.0
2022-02-10 14:55:00,3170.0,3152.349723273778,1.0,1.0
2022-02-10 15:00:00,3221.74,3153.2065177027253,1.0,0.0
2022-02-10 15:05:00,3238.98,3153.8590274809703,1.0,0.0
2022-02-10 15:10:00,3220.92,3154.514203480933,1.0,0.0
2022-02-10 15:15:00,3218.97,3154.8071574012365,1.0,0.0
2022-02-10 15:20:00,3215.99,3154.96706165673,1.0,0.0
2022-02-10 15:25:00,3224.99,3155.1889444995604,1.0,0.0
2022-02-10 15:30:00,3226.29,3155.527363246711,1.0,0.0
2022-02-10 15:35:00,3245.26,3155.9044727777873,1.0,0.0
2022-02-10 15:40:00,3248.41,3156.539339192923,1.0,0.0
2022-02-10 15:45:00,3246.59,3156.7792293987536,1.0,0.0
2022-02-10 15:50:00,3210.33,3157.3230727082478,1.0,0.0
2022-02-10 15:55:00,3209.91,3157.5634767551705,1.0,0.0
2022-02-10 16:00:00,3207.54,3157.7872652616356,1.0,0.0
2022-02-10 16:05:00,3208.77,3157.893115517514,1.0,0.0
2022-02-10 16:10:00,3194.68,3158.019704117126,1.0,0.0
2022-02-10 16:15:00,3203.43,3158.1777130442815,1.0,0.0
2022-02-10 16:20:00,3206.21,3158.3079233436197,1.0,0.0
2022-02-10 16:25:00,3212.84,3158.4898133967913,1.0,0.0
2022-02-10 16:30:00,3202.92,3158.5727172424813,1.0,0.0
2022-02-10 16:35:00,3192.99,3158.670802906062,1.0,0.0
2022-02-10 16:40:00,3202.59,3158.72091636412,1.0,0.0
2022-02-10 16:45:00,3209.1,3158.769690958583,1.0,0.0
2022-02-10 16:50:00,3214.22,3158.8415097870566,1.0,0.0
2022-02-10 16:55:00,3226.28,3158.9515286731134,1.0,0.0
2022-02-10 17:00:00,3221.4,3159.0756028355504,1.0,0.0
2022-02-10 17:05:00,3224.91,3159.1526471678962,1.0,0.0
2022-02-10 17:10:00,3236.73,3159.528708623887,1.0,0.0
2022-02-10 17:15:00,3229.55,3159.740868340926,1.0,0.0
2022-02-10 17:20:00,3229.32,3159.8195281915355,1.0,0.0
2022-02-10 17:25:00,3233.9,3159.8972260656888,1.0,0.0
2022-02-10 17:30:00,3224.91,3160.0683149765023,1.0,0.0
2022-02-10 17:35:00,3232.1,3160.1210608835936,1.0,0.0
2022-02-10 17:40:00,3226.15,3160.1656192245487,1.0,0.0
2022-02-10 17:45:00,3207.17,3160.428925914173,1.0,0.0
2022-02-10 17:50:00,3205.17,3160.54560502269,1.0,0.0
2022-02-10 17:55:00,3210.84,3160.6363181770334,1.0,0.0
2022-02-10 18:00:00,3212.58,3160.7284994040365,1.0,0.0
2022-02-10 18:05:00,3205.22,3160.78901320471,1.0,0.0
2022-02-10 18:10:00,3197.3,3160.886230364087,1.0,0.0
2022-02-10 18:15:00,3191.22,3160.9554885204957,1.0,0.0
2022-02-10 18:20:00,3193.99,3160.9917747988393,1.0,0.0
2022-02-10 18:25:00,3177.3,3161.04896041629,1.0,0.0
2022-02-10 18:30:00,3172.01,3161.0717831668026,1.0,0.0
2022-02-10 18:35:00,3172.52,3161.095697082144,1.0,0.0
2022-02-10 18:40:00,3177.43,3161.1170195585096,1.0,0.0
2022-02-10 18:45:00,3179.0,3161.1368679477114,1.0,0.0
2022-02-10 18:50:00,3179.64,3161.1522996177637,1.0,0.0
2022-02-10 18:55:00,3186.13,3161.1801018941965,1.0,0.0
2022-02-10 19:00:00,3166.76,3161.202954236377,1.0,0.0
2022-02-10 19:05:00,3157.55,3161.1954235527032,0.0,-1.0
2022-02-10 19:10:00,3140.39,3161.153232358122,0.0,0.0
2022-02-10 19:15:00,3131.96,3161.1027061180484,0.0,0.0
2022-02-10 19:20:00,3141.07,3161.0279276200963,0.0,0.0
2022-02-10 19:25:00,3136.03,3160.9923629508953,0.0,0.0
2022-02-10 19:30:00,3137.3,3160.9583457675217,0.0,0.0
2022-02-10 19:35:00,3142.95,3160.9342441148947,0.0,0.0
2022-02-10 19:40:00,3138.31,3160.907321428959,0.0,0.0
2022-02-10 19:45:00,3132.69,3160.87673772699,0.0,0.0
2022-02-10 19:50:00,3121.46,3160.721274920855,0.0,0.0
2022-02-10 19:55:00,3121.07,3160.650402185929,0.0,0.0
2022-02-10 20:00:00,3115.38,3160.4743339415772,0.0,0.0
2022-02-10 20:05:00,3130.37,3160.3742410102395,0.0,0.0
2022-02-10 20:10:00,3134.72,3160.3342173295528,0.0,0.0
2022-02-10 20:15:00,3123.03,3160.288711654526,0.0,0.0
2022-02-10 20:20:00,3120.91,3160.219910397182,0.0,0.0
2022-02-10 20:25:00,3123.76,3160.177473897254,0.0,0.0
2022-02-10 20:30:00,3107.75,3160.1027132852237,0.0,0.0
2022-02-10 20:35:00,3100.07,3159.8350825060793,0.0,0.0
2022-02-10 20:40:00,3094.29,3159.6490987437337,0.0,0.0
2022-02-10 20:45:00,3097.09,3159.5259016850237,0.0,0.0
2022-02-10 20:50:00,3101.0,3159.3481542903223,0.0,0.0
2022-02-10 20:55:00,3111.59,3159.249458131103,0.0,0.0
2022-02-10 21:00:00,3110.95,3159.212742428871,0.0,0.0
2022-02-10 21:05:00,3106.16,3159.1750422333994,0.0,0.0
2022-02-10 21:10:00,3106.49,3159.142532071376,0.0,0.0
2022-02-10 21:15:00,3104.44,3159.0952452252245,0.0,0.0
2022-02-10 21:20:00,3117.31,3159.040094730174,0.0,0.0
2022-02-10 21:25:00,3124.93,3158.9951819981193,0.0,0.0
2022-02-10 21:30:00,3126.08,3158.9569099144146,0.0,0.0
2022-02-10 21:35:00,3121.58,3158.9253909389117,0.0,0.0
2022-02-10 21:40:00,3122.93,3158.9121124463186,0.0,0.0
2022-02-10 21:45:00,3115.02,3158.8609901734476,0.0,0.0
2022-02-10 21:50:00,3111.1,3158.796928009383,0.0,0.0
2022-02-10 21:55:00,3114.71,3158.754791462363,0.0,0.0
2022-02-10 22:00:00,3109.75,3158.715049003469,0.0,0.0
2022-02-10 22:05:00,3118.4,3158.694946095198,0.0,0.0
2022-02-10 22:10:00,3115.74,3158.669845918654,0.0,0.0
2022-02-10 22:15:00,3102.95,3158.6314336288456,0.0,0.0
2022-02-10 22:20:00,3119.05,3158.6160608222717,0.0,0.0
2022-02-10 22:25:00,3126.69,3158.5994361533462,0.0,0.0
2022-02-10 22:30:00,3122.07,3158.5783108027276,0.0,0.0
2022-02-10 22:35:00,3111.5,3158.5555648901955,0.0,0.0
2022-02-10 22:40:00,3122.52,3158.543343636995,0.0,0.0
2022-02-10 22:45:00,3113.32,3158.526664370091,0.0,0.0
2022-02-10 22:50:00,3109.75,3158.5042801199406,0.0,0.0
2022-02-10 22:55:00,3115.82,3158.4806254830323,0.0,0.0
2022-02-10 23:00:00,3115.95,3158.4599645438325,0.0,0.0
2022-02-10 23:05:00,3105.03,3158.401926627726,0.0,0.0
2022-02-10 23:10:00,3097.74,3158.315244378753,0.0,0.0
2022-02-10 23:15:00,3099.9,3158.220264894261,0.0,0.0
2022-02-10 23:20:00,3097.84,3158.1850395515576,0.0,0.0
2022-02-10 23:25:00,3077.49,3157.9896717927127,0.0,0.0
2022-02-10 23:30:00,3068.18,3157.73285678607,0.0,0.0
2022-02-10 23:35:00,3085.63,3157.6044349051404,0.0,0.0
2022-02-10 23:40:00,3071.93,3157.524270005755,0.0,0.0
2022-02-10 23:45:00,3069.4,3157.2191381658895,0.0,0.0
2022-02-10 23:50:00,3070.92,3157.1137980622552,0.0,0.0
2022-02-10 23:55:00,3072.49,3157.061152140044,0.0,0.0
2022-02-11 00:00:00,3045.35,3156.5471799102547,0.0,0.0
2022-02-11 00:05:00,3064.49,3156.3335740895827,0.0,0.0
2022-02-11 00:10:00,3059.48,3156.122581848193,0.0,0.0
2022-02-11 00:15:00,3036.76,3155.9072476668057,0.0,0.0
2022-02-11 00:20:00,3017.14,3155.4334540365644,0.0,0.0
2022-02-11 00:25:00,3014.69,3154.676343034478,0.0,0.0
2022-02-11 00:30:00,3014.68,3154.40336016285,0.0,0.0
2022-02-11 00:35:00,3017.12,3154.157615611865,0.0,0.0
2022-02-11 00:40:00,3011.37,3153.858125436733,0.0,0.0
2022-02-11 00:45:00,3031.63,3153.5296439051835,0.0,0.0
2022-02-11 00:50:00,3034.21,3153.3992971396606,0.0,0.0
2022-02-11 00:55:00,3038.7,3153.276649325961,0.0,0.0
2022-02-11 01:00:00,3091.77,3152.7939785228364,0.0,0.0
2022-02-11 01:05:00,3062.64,3152.610268249064,0.0,0.0
2022-02-11 01:10:00,3081.36,3152.4609945024854,0.0,0.0
2022-02-11 01:15:00,3081.03,3152.3717246288033,0.0,0.0
2022-02-11 01:20:00,3070.01,3152.31118295486,0.0,0.0
2022-02-11 01:25:00,3075.87,3152.2607851709195,0.0,0.0
2022-02-11 01:30:00,3074.74,3152.191436063512,0.0,0.0
2022-02-11 01:35:00,3080.49,3152.138553691387,0.0,0.0
2022-02-11 01:40:00,3059.17,3151.9561160958556,0.0,0.0
2022-02-11 01:45:00,3058.15,3151.8957808401983,0.0,0.0
2022-02-11 01:50:00,3064.86,3151.824090965147,0.0,0.0
2022-02-11 01:55:00,3064.92,3151.775878712602,0.0,0.0
2022-02-11 02:00:00,3050.47,3151.6322394837334,0.0,0.0
2022-02-11 02:05:00,3047.96,3151.5326549152433,0.0,0.0
2022-02-11 02:10:00,3041.61,3151.4101294656234,0.0,0.0
2022-02-11 02:15:00,3045.12,3151.324652188016,0.0,0.0
2022-02-11 02:20:00,3047.38,3151.25135871513,0.0,0.0
2022-02-11 02:25:00,3053.95,3151.199570188084,0.0,0.0
2022-02-11 02:30:00,3060.41,3151.11158392258,0.0,0.0
2022-02-11 02:35:00,3058.76,3151.032186572915,0.0,0.0
2022-02-11 02:40:00,3054.92,3150.979439621552,0.0,0.0
2022-02-11 02:45:00,3046.28,3150.9003683445276,0.0,0.0
2022-02-11 02:50:00,3052.01,3150.840922847282,0.0,0.0
2022-02-11 02:55:00,3058.48,3150.7429005084946,0.0,0.0
2022-02-11 03:00:00,3061.08,3150.6493872243673,0.0,0.0
2022-02-11 03:05:00,3063.02,3150.59475185515,0.0,0.0
2022-02-11 03:10:00,3058.86,3150.5297239590427,0.0,0.0
2022-02-11 03:15:00,3064.25,3150.4584170568005,0.0,0.0
2022-02-11 03:20:00,3055.77,3150.3913981821484,0.0,0.0
2022-02-11 03:25:00,3064.39,3150.313702436472,0.0,0.0
2022-02-11 03:30:00,3058.89,3150.2570349292187,0.0,0.0
2022-02-11 03:35:00,3062.08,3150.211632038551,0.0,0.0
2022-02-11 03:40:00,3073.63,3150.1685074087018,0.0,0.0
2022-02-11 03:45:00,3068.62,3150.1351633824193,0.0,0.0
2022-02-11 03:50:00,3084.07,3150.0348897155877,0.0,0.0
2022-02-11 03:55:00,3081.08,3149.9800858707413,0.0,0.0
2022-02-11 04:00:00,3079.28,3149.7775307536467,0.0,0.0
2022-02-11 04:05:00,3078.25,3149.693406780807,0.0,0.0
2022-02-11 04:10:00,3074.76,3149.6446846139643,0.0,0.0
2022-02-11 04:15:00,3079.35,3149.5889472947747,0.0,0.0
2022-02-11 04:20:00,3076.34,3149.5490415084323,0.0,0.0
2022-02-11 04:25:00,3064.79,3149.461035625627,0.0,0.0
2022-02-11 04:30:00,3070.65,3149.399611370233,0.0,0.0
2022-02-11 04:35:00,3068.38,3149.3740027862877,0.0,0.0
2022-02-11 04:40:00,3060.6,3149.2950849184767,0.0,0.0
2022-02-11 04:45:00,3062.74,3149.260122151972,0.0,0.0
2022-02-11 04:50:00,3064.66,3149.226425198498,0.0,0.0
2022-02-11 04:55:00,3068.93,3149.18507801317,0.0,0.0
2022-02-11 05:00:00,3063.96,3149.1480581872565,0.0,0.0
2022-02-11 05:05:00,3061.59,3149.0838205641753,0.0,0.0
2022-02-11 05:10:00,3046.48,3148.9209498940213,0.0,0.0
2022-02-11 05:15:00,3050.98,3148.8432144090784,0.0,0.0
2022-02-11 05:20:00,3050.96,3148.7566917695867,0.0,0.0
2022-02-11 05:25:00,3053.8,3148.681094979273,0.0,0.0
2022-02-11 05:30:00,3060.51,3148.61360832994,0.0,0.0
2022-02-11 05:35:00,3060.57,3148.570039160226,0.0,0.0
2022-02-11 05:40:00,3058.49,3148.5054959539575,0.0,0.0
2022-02-11 05:45:00,3062.14,3148.459249986776,0.0,0.0
2022-02-11 05:50:00,3050.39,3148.394921172949,0.0,0.0
2022-02-11 05:55:00,3047.87,3148.2585966248957,0.0,0.0
2022-02-11 06:00:00,3057.25,3148.0362952968053,0.0,0.0
2022-02-11 06:05:00,3064.3,3147.9865915368223,0.0,0.0
2022-02-11 06:10:00,3069.64,3147.8848691757867,0.0,0.0
2022-02-11 06:15:00,3068.81,3147.8268699487558,0.0,0.0
2022-02-11 06:20:00,3066.43,3147.789197418775,0.0,0.0
2022-02-11 06:25:00,3069.27,3147.7365049275686,0.0,0.0
2022-02-11 06:30:00,3065.91,3147.648288215272,0.0,0.0
2022-02-11 06:35:00,3070.01,3147.620012935063,0.0,0.0
2022-02-11 06:40:00,3072.89,3147.565547784929,0.0,0.0
2022-02-11 06:45:00,3074.3,3147.453037810985,0.0,0.0
2022-02-11 06:50:00,3076.15,3147.3937532544423,0.0,0.0
2022-02-11 06:55:00,3074.73,3147.352548391655,0.0,0.0
2022-02-11 07:00:00,3073.45,3147.295996553327,0.0,0.0
2022-02-11 07:05:00,3085.79,3147.239469597134,0.0,0.0
2022-02-11 07:10:00,3084.4,3147.195131023689,0.0,0.0
2022-02-11 07:15:00,3080.54,3147.154396293313,0.0,0.0
2022-02-11 07:20:00,3083.33,3147.1254661866456,0.0,0.0
2022-02-11 07:25:00,3085.69,3147.068319104411,0.0,0.0
2022-02-11 07:30:00,3085.26,3147.0238922854205,0.0,0.0
2022-02-11 07:35:00,3090.91,3146.9774160002153,0.0,0.0
2022-02-11 07:40:00,3088.68,3146.930166514575,0.0,0.0
2022-02-11 07:45:00,3097.84,3146.8887678910987,0.0,0.0
2022-02-11 07:50:00,3102.4,3146.84996692029,0.0,0.0
2022-02-11 07:55:00,3098.34,3146.815487510345,0.0,0.0
2022-02-11 08:00:00,3104.6,3146.7082631325534,0.0,0.0
2022-02-11 08:05:00,3106.36,3146.6319031552407,0.0,0.0
2022-02-11 08:10:00,3111.55,3146.5744671762914,0.0,0.0
2022-02-11 08:15:00,3104.47,3146.540476603242,0.0,0.0
2022-02-11 08:20:00,3101.84,3146.495665022681,0.0,0.0
2022-02-11 08:25:00,3104.62,3146.465609880927,0.0,0.0
2022-02-11 08:30:00,3093.44,3146.407865891686,0.0,0.0
2022-02-11 08:35:00,3090.27,3146.366818197684,0.0,0.0
2022-02-11 08:40:00,3089.97,3146.329793470491,0.0,0.0
2022-02-11 08:45:00,3088.28,3146.3004192326384,0.0,0.0
2022-02-11 08:50:00,3084.88,3146.269033878977,0.0,0.0
2022-02-11 08:55:00,3070.04,3146.184673182393,0.0,0.0
2022-02-11 09:00:00,3082.48,3146.0809590827425,0.0,0.0
2022-02-11 09:05:00,3084.99,3146.0331683701593,0.0,0.0
2022-02-11 09:10:00,3094.0,3145.980332106471,0.0,0.0
2022-02-11 09:15:00,3097.55,3145.889900965926,0.0,0.0
2022-02-11 09:20:00,3097.9,3145.820783299227,0.0,0.0
2022-02-11 09:25:00,3098.97,3145.7549130701705,0.0,0.0
2022-02-11 09:30:00,3086.16,3145.7105926393747,0.0,0.0
2022-02-11 09:35:00,3105.0,3145.6580617674367,0.0,0.0
2022-02-11 09:40:00,3103.83,3145.6434831541756,0.0,0.0
2022-02-11 09:45:00,3103.55,3145.6007878391033,0.0,0.0
2022-02-11 09:50:00,3097.96,3145.5897974307077,0.0,0.0
2022-02-11 09:55:00,3102.22,3145.5607364192274,0.0,0.0
2022-02-11 10:00:00,3099.01,3145.5388474251395,0.0,0.0
2022-02-11 10:05:00,3096.51,3145.518343283002,0.0,0.0
2022-02-11 10:10:00,3087.93,3145.392766521162,0.0,0.0
2022-02-11 10:15:00,3090.94,3145.3743336401485,0.0,0.0
2022-02-11 10:20:00,3092.51,3145.350767159287,0.0,0.0
2022-02-11 10:25:00,3090.2,3145.3085598592384,0.0,0.0
2022-02-11 10:30:00,3095.66,3145.2369192290703,0.0,0.0
2022-02-11 10:35:00,3101.49,3145.203145704377,0.0,0.0
2022-02-11 10:40:00,3104.12,3145.17482237436,0.0,0.0
2022-02-11 10:45:00,3101.07,3145.157486960464,0.0,0.0
2022-02-11 10:50:00,3108.87,3145.133578835789,0.0,0.0
2022-02-11 10:55:00,3106.33,3145.0915359153782,0.0,0.0
2022-02-11 11:00:00,3098.42,3145.0651368759222,0.0,0.0
2022-02-11 11:05:00,3093.32,3145.046830722024,0.0,0.0
2022-02-11 11:10:00,3105.14,3145.0212429646867,0.0,0.0
2022-02-11 11:15:00,3103.18,3145.001993518521,0.0,0.0
2022-02-11 11:20:00,3099.78,3144.980749422555,0.0,0.0
2022-02-11 11:25:00,3095.17,3144.951001465748,0.0,0.0
2022-02-11 11:30:00,3100.0,3144.9254537435922,0.0,0.0
2022-02-11 11:35:00,3101.25,3144.90307780228,0.0,0.0
2022-02-11 11:40:00,3095.05,3144.892746982132,0.0,0.0
2022-02-11 11:45:00,3096.28,3144.878484738966,0.0,0.0
2022-02-11 11:50:00,3088.45,3144.8521985544676,0.0,0.0
2022-02-11 11:55:00,3088.3,3144.817021407349,0.0,0.0
2022-02-11 12:00:00,3082.62,3144.7804096168047,0.0,0.0
2022-02-11 12:05:00,3088.57,3144.740438295748,0.0,0.0
2022-02-11 12:10:00,3107.33,3144.707391239485,0.0,0.0
2022-02-11 12:15:00,3101.9,3144.677700001922,0.0,0.0
2022-02-11 12:20:00,3118.73,3144.617332270398,0.0,0.0
2022-02-11 12:25:00,3113.93,3144.5911802216983,0.0,0.0
2022-02-11 12:30:00,3107.75,3144.560209464429,0.0,0.0
2022-02-11 12:35:00,3108.98,3144.5381075196165,0.0,0.0
2022-02-11 12:40:00,3098.99,3144.5146034444456,0.0,0.0
2022-02-11 12:45:00,3100.15,3144.4602611791156,0.0,0.0
2022-02-11 12:50:00,3107.1,3144.438189436581,0.0,0.0
2022-02-11 12:55:00,3102.23,3144.418709956488,0.0,0.0
2022-02-11 13:00:00,3101.98,3144.377676908483,0.0,0.0
2022-02-11 13:05:00,3105.51,3144.3519600208997,0.0,0.0
2022-02-11 13:10:00,3108.15,3144.329272134332,0.0,0.0
2022-02-11 13:15:00,3106.44,3144.3116394495432,0.0,0.0
2022-02-11 13:20:00,3115.82,3144.2773620731555,0.0,0.0
2022-02-11 13:25:00,3113.08,3144.249216022759,0.0,0.0
2022-02-11 13:30:00,3110.92,3144.2262804682186,0.0,0.0
2022-02-11 13:35:00,3114.99,3144.2103478288154,0.0,0.0
2022-02-11 13:40:00,3114.31,3144.178187097466,0.0,0.0
2022-02-11 13:45:00,3112.81,3144.148040808332,0.0,0.0
2022-02-11 13:50:00,3124.86,3144.124881579356,0.0,0.0
2022-02-11 13:55:00,3121.64,3144.1045854472127,0.0,0.0
2022-02-11 14:00:00,3122.98,3144.078823240513,0.0,0.0
2022-02-11 14:05:00,3115.62,3144.0630792137217,0.0,0.0
2022-02-11 14:10:00,3110.04,3144.034126916833,0.0,0.0
2022-02-11 14:15:00,3115.03,3144.003418070711,0.0,0.0
2022-02-11 14:20:00,3118.47,3143.987371915143,0.0,0.0
2022-02-11 14:25:00,3115.57,3143.9766061209675,0.0,0.0
2022-02-11 14:30:00,3108.67,3143.9151037445695,0.0,0.0
2022-02-11 14:35:00,3109.42,3143.8234032007745,0.0,0.0
2022-02-11 14:40:00,3102.76,3143.757339688151,0.0,0.0
2022-02-11 14:45:00,3122.91,3143.7005745190113,0.0,0.0
2022-02-11 14:50:00,3115.65,3143.6716067960388,0.0,0.0
2022-02-11 14:55:00,3093.99,3143.566596531155,0.0,0.0
2022-02-11 15:00:00,3106.88,3143.502136084657,0.0,0.0
2022-02-11 15:05:00,3099.8,3143.4369472585986,0.0,0.0
2022-02-11 15:10:00,3100.37,3143.394630183652,0.0,0.0
2022-02-11 15:15:00,3099.0,3143.3204930899783,0.0,0.0
2022-02-11 15:20:00,3099.16,3143.1835754041745,0.0,0.0
2022-02-11 15:25:00,3095.75,3143.150843235971,0.0,0.0
2022-02-11 15:30:00,3099.96,3143.113391315739,0.0,0.0
2022-02-11 15:35:00,3109.8,3143.0857202627117,0.0,0.0
2022-02-11 15:40:00,3113.55,3143.055931282506,0.0,0.0
2022-02-11 15:45:00,3112.83,3143.0398045729266,0.0,0.0
2022-02-11 15:50:00,3109.38,3143.0057689000737,0.0,0.0
2022-02-11 15:55:00,3102.93,3142.977097036735,0.0,0.0
2022-02-11 16:00:00,3109.39,3142.9201000298026,0.0,0.0
2022-02-11 16:05:00,3101.9,3142.776539776283,0.0,0.0
2022-02-11 16:10:00,3105.31,3142.7377699209806,0.0,0.0
2022-02-11 16:15:00,3095.8,3142.629998022738,0.0,0.0
2022-02-11 16:20:00,3095.0,3142.5038216377893,0.0,0.0
2022-02-11 16:25:00,3090.97,3142.431260174438,0.0,0.0
2022-02-11 16:30:00,3081.42,3142.2822866052293,0.0,0.0
2022-02-11 16:35:00,3082.82,3142.2129600698413,0.0,0.0
2022-02-11 16:40:00,3084.76,3142.164000567694,0.0,0.0
2022-02-11 16:45:00,3088.35,3142.1234999658986,0.0,0.0
2022-02-11 16:50:00,3090.42,3142.0934727389163,0.0,0.0
2022-02-11 16:55:00,3093.13,3142.069270150241,0.0,0.0
2022-02-11 17:00:00,3099.02,3142.0449312530736,0.0,0.0
2022-02-11 17:05:00,3096.02,3142.0174057939525,0.0,0.0
2022-02-11 17:10:00,3100.02,3141.96672797004,0.0,0.0
2022-02-11 17:15:00,3091.44,3141.9402064819988,0.0,0.0
2022-02-11 17:20:00,3081.1,3141.8530661202835,0.0,0.0
2022-02-11 17:25:00,3089.76,3141.8236781202477,0.0,0.0
2022-02-11 17:30:00,3093.14,3141.789086548782,0.0,0.0
2022-02-11 17:35:00,3089.29,3141.7644333596404,0.0,0.0
2022-02-11 17:40:00,3083.79,3141.694740812582,0.0,0.0
2022-02-11 17:45:00,3085.15,3141.668805105256,0.0,0.0
2022-02-11 17:50:00,3073.95,3141.5917952021864,0.0,0.0
2022-02-11 17:55:00,3074.83,3141.565446782043,0.0,0.0
2022-02-11 18:00:00,3076.97,3141.534796678709,0.0,0.0
2022-02-11 18:05:00,3082.19,3141.514875465271,0.0,0.0
2022-02-11 18:10:00,3074.51,3141.4889158575943,0.0,0.0
2022-02-11 18:15:00,3080.44,3141.440522584272,0.0,0.0
2022-02-11 18:20:00,3080.16,3141.405197375304,0.0,0.0
2022-02-11 18:25:00,3064.24,3141.356703673628,0.0,0.0
2022-02-11 18:30:00,3053.57,3141.158988323813,0.0,0.0
2022-02-11 18:35:00,3029.27,3140.921954339251,0.0,0.0
2022-02-11 18:40:00,3022.95,3140.6575758057947,0.0,0.0
2022-02-11 18:45:00,3022.66,3140.1657265699037,0.0,0.0
2022-02-11 18:50:00,3019.2,3139.9233532206986,0.0,0.0
2022-02-11 18:55:00,3005.47,3139.7054274487673,0.0,0.0
2022-02-11 19:00:00,2992.99,3138.950331009696,0.0,0.0
2022-02-11 19:05:00,2977.98,3138.32281901407,0.0,0.0
2022-02-11 19:10:00,2994.74,3138.0555438463834,0.0,0.0
2022-02-11 19:15:00,3000.19,3137.8545555414016,0.0,0.0
2022-02-11 19:20:00,2985.08,3137.6549292202594,0.0,0.0
2022-02-11 19:25:00,2981.15,3137.4173055149986,0.0,0.0
2022-02-11 19:30:00,3012.46,3137.1352546192234,0.0,0.0
2022-02-11 19:35:00,3013.2,3136.8992802968914,0.0,0.0
2022-02-11 19:40:00,3004.73,3136.809614816923,0.0,0.0
2022-02-11 19:45:00,3003.21,3136.655630554493,0.0,0.0
2022-02-11 19:50:00,2995.45,3136.457930011571,0.0,0.0
2022-02-11 19:55:00,2992.89,3136.3415121552894,0.0,0.0
2022-02-11 20:00:00,2967.36,3135.7134194869436,0.0,0.0
2022-02-11 20:05:00,2959.55,3135.234257370542,0.0,0.0
2022-02-11 20:10:00,2938.92,3134.45002810008,0.0,0.0
2022-02-11 20:15:00,2943.9,3134.0905924838453,0.0,0.0
2022-02-11 20:20:00,2923.56,3133.266955480604,0.0,0.0
2022-02-11 20:25:00,2926.7,3132.746390287798,0.0,0.0
2022-02-11 20:30:00,2921.75,3132.2938865264628,0.0,0.0
2022-02-11 20:35:00,2929.09,3132.0269387620274,0.0,0.0
2022-02-11 20:40:00,2927.93,3131.494414297697,0.0,0.0
2022-02-11 20:45:00,2934.97,3131.139636074589,0.0,0.0
2022-02-11 20:50:00,2921.71,3130.8972252758763,0.0,0.0
2022-02-11 20:55:00,2917.46,3130.732667689019,0.0,0.0
2022-02-11 21:00:00,2920.78,3130.4290811993556,0.0,0.0
2022-02-11 21:05:00,2931.38,3130.230590990996,0.0,0.0
2022-02-11 21:10:00,2932.41,3129.9851390186304,0.0,0.0
2022-02-11 21:15:00,2937.22,3129.868275055184,0.0,0.0
2022-02-11 21:20:00,2935.43,3129.733728580048,0.0,0.0
2022-02-11 21:25:00,2939.93,3129.534065078767,0.0,0.0
2022-02-11 21:30:00,2930.5,3129.369519092296,0.0,0.0
2022-02-11 21:35:00,2927.0,3129.232050687251,0.0,0.0
2022-02-11 21:40:00,2931.57,3129.1160461083264,0.0,0.0
2022-02-11 21:45:00,2928.87,3128.992068558309,0.0,0.0
2022-02-11 21:50:00,2925.94,3128.740481922922,0.0,0.0
2022-02-11 21:55:00,2926.34,3128.61555666343,0.0,0.0
2022-02-11 22:00:00,2932.01,3128.4229312443213,0.0,0.0
2022-02-11 22:05:00,2922.03,3128.1956245357155,0.0,0.0
2022-02-11 22:10:00,2915.17,3127.914623108083,0.0,0.0
2022-02-11 22:15:00,2918.12,3127.629532748119,0.0,0.0
2022-02-11 22:20:00,2915.14,3127.5187587419364,0.0,0.0
2022-02-11 22:25:00,2904.11,3126.6902370480952,0.0,0.0
2022-02-11 22:30:00,2917.34,3126.4742870053997,0.0,0.0
2022-02-11 22:35:00,2914.35,3126.4045531387183,0.0,0.0
2022-02-11 22:40:00,2905.83,3126.3054516571046,0.0,0.0
2022-02-11 22:45:00,2888.54,3126.11696196563,0.0,0.0
2022-02-11 22:50:00,2881.83,3125.9093631918536,0.0,0.0
2022-02-11 22:55:00,2893.99,3125.6656883887536,0.0,0.0
2022-02-11 23:00:00,2900.88,3125.3595885067257,0.0,0.0
2022-02-11 23:05:00,2881.64,3125.1592827793334,0.0,0.0
2022-02-11 23:10:00,2900.43,3124.798332409642,0.0,0.0
2022-02-11 23:15:00,2911.65,3124.5571309543284,0.0,0.0
2022-02-11 23:20:00,2920.42,3124.383301354394,0.0,0.0
2022-02-11 23:25:00,2921.77,3124.2715170841875,0.0,0.0
2022-02-11 23:30:00,2931.94,3124.1019404412546,0.0,0.0
2022-02-11 23:35:00,2926.91,3124.001130072797,0.0,0.0
2022-02-11 23:40:00,2926.91,3123.8954852252455,0.0,0.0
2022-02-11 23:45:00,2925.31,3123.7608246513223,0.0,0.0
2022-02-11 23:50:00,2926.14,3123.6408242523767,0.0,0.0
2022-02-11 23:55:00,2927.54,3123.595503160836,0.0,0.0
2022-02-12 00:00:00,2925.82,3123.4162351800583,0.0,0.0
