date,open,high,low,close,volume,VWAP
2022-02-12 16:30:00,42362.33,42439.3,42320.43,42388.6,116.0,42382.77666666667
2022-02-12 16:35:00,42388.6,42673.87,42382.89,42611.84,336.0,42511.69312684367
2022-02-12 16:40:00,42611.84,42799.0,42574.98,42636.25,383.0,42584.34090618762
2022-02-12 16:45:00,42633.0,42690.1,42539.91,42585.29,231.0,42588.83935897436
2022-02-12 16:50:00,42585.29,42773.72,42535.65,42729.87,228.0,42604.85702988151
2022-02-12 16:55:00,42732.45,42806.65,42677.57,42730.49,421.0,42637.59920310982
2022-02-12 17:00:00,42730.49,42804.03,42674.48,42732.9,197.0,42647.85489365412
2022-02-12 17:05:00,42732.91,42746.89,42670.48,42693.86,126.0,42651.31021426235
2022-02-12 17:10:00,42693.86,42698.29,42638.92,42657.01,86.0,42651.85398148148
2022-02-12 17:15:00,42657.01,42700.0,42625.63,42668.02,69.0,42652.253445812436
2022-02-12 17:20:00,42668.02,42668.03,42598.3,42640.52,52.0,42651.86809502599
2022-02-12 17:25:00,42640.52,42659.6,42626.03,42630.88,42.0,42651.62877714619
2022-02-12 17:30:00,42630.88,42677.88,42579.76,42580.01,60.0,42650.62974577475
2022-02-12 17:35:00,42580.0,42631.09,42548.62,42589.96,61.0,42649.09107281285
2022-02-12 17:40:00,42589.95,42628.89,42572.51,42621.61,35.0,42648.49764770092
2022-02-12 17:45:00,42621.61,42680.03,42600.88,42680.02,35.0,42648.57032687652
2022-02-12 17:50:00,42680.02,42713.07,42650.6,42700.42,39.0,42649.18174016687
2022-02-12 17:55:00,42700.41,42750.53,42672.32,42723.95,67.0,42650.90388544892
2022-02-12 18:00:00,42723.94,42870.31,42723.94,42797.04,209.0,42661.84348132236
2022-02-12 18:05:00,42794.13,42924.78,42759.5,42898.7,183.0,42674.08959117384
2022-02-12 18:10:00,42898.69,42970.0,42855.67,42945.14,131.0,42684.60980366914
2022-02-12 18:15:00,42945.14,43079.49,42940.84,42983.59,317.0,42713.93016160436
2022-02-12 18:20:00,42983.6,42986.27,42873.81,42923.65,148.0,42722.79606756253
2022-02-12 18:25:00,42923.65,42946.77,42802.13,42829.36,115.0,42727.05745954254
2022-02-12 18:30:00,42829.37,42897.2,42788.6,42849.63,84.0,42729.68785291258
2022-02-12 18:35:00,42849.64,42887.48,42843.19,42858.53,79.0,42732.42471688312
2022-02-12 18:40:00,42858.53,42869.98,42769.0,42839.99,63.0,42733.93650140558
2022-02-12 18:45:00,42840.0,42850.0,42804.02,42828.25,49.0,42735.09269897359
2022-02-12 18:50:00,42828.26,42884.1,42805.96,42842.84,31.0,42735.94053927708
2022-02-12 18:55:00,42842.83,42857.09,42823.92,42829.94,20.0,42736.444116620994
2022-02-12 19:00:00,42829.94,42880.35,42786.42,42800.0,74.0,42737.99785498737
2022-02-12 19:05:00,42799.99,42882.66,42796.12,42853.7,55.0,42739.407540640605
2022-02-12 19:10:00,42853.7,42859.65,42830.0,42835.51,50.0,42740.62787054709
2022-02-12 19:15:00,42835.51,42856.47,42785.0,42785.01,60.0,42741.59022420823
2022-02-12 19:20:00,42785.0,42823.21,42678.69,42705.64,101.0,42741.456959951
2022-02-12 19:25:00,42705.65,42833.32,42700.0,42772.04,83.0,42741.962076946205
2022-02-12 19:30:00,42772.05,42789.23,42691.74,42696.78,44.0,42741.80448809525
2022-02-12 19:35:00,42696.78,42708.89,42636.64,42671.15,128.0,42739.87177083334
2022-02-12 19:40:00,42671.15,42687.93,42612.91,42663.15,86.0,42738.31064479478
2022-02-12 19:45:00,42663.16,42670.47,42608.56,42623.99,66.0,42736.86903501401
2022-02-12 19:50:00,42623.99,42734.21,42623.99,42635.34,60.0,42735.96834163209
2022-02-12 19:55:00,42635.34,42663.77,42630.99,42662.47,31.0,42735.43436748438
2022-02-12 20:00:00,42662.47,42714.43,42475.16,42527.84,234.0,42727.935429039666
2022-02-12 20:05:00,42527.85,42600.01,42527.84,42597.85,85.0,42725.424852998076
2022-02-12 20:10:00,42597.86,42666.47,42595.57,42654.38,52.0,42724.56232031151
2022-02-12 20:15:00,42654.37,42673.38,42603.37,42605.11,39.0,42723.84121206362
2022-02-12 20:20:00,42603.37,42671.89,42601.02,42643.16,45.0,42723.11904761906
2022-02-12 20:25:00,42643.16,42673.38,42621.07,42639.98,29.0,42722.69337519526
2022-02-12 20:30:00,42639.98,42743.27,42639.98,42735.93,47.0,42722.55102997648
2022-02-12 20:35:00,42735.94,42752.99,42646.72,42677.97,50.0,42722.27497115858
2022-02-12 20:40:00,42677.96,42680.91,42622.01,42622.01,37.0,42721.72946547207
2022-02-12 20:45:00,42622.01,42669.7,42611.38,42624.64,29.0,42721.27326421731
2022-02-12 20:50:00,42624.64,42649.98,42617.17,42636.99,35.0,42720.72571359722
2022-02-12 20:55:00,42636.99,42645.78,42564.43,42622.67,24.0,42720.25164897128
2022-02-12 21:00:00,42622.66,42622.67,42567.45,42587.68,45.0,42719.22624300847
2022-02-12 21:05:00,42587.68,42588.75,42530.0,42539.74,37.0,42718.13444286814
2022-02-12 21:10:00,42539.74,42586.82,42526.53,42585.14,42.0,42717.010910637815
2022-02-12 21:15:00,42585.14,42585.14,42510.0,42530.61,59.0,42715.21116144021
2022-02-12 21:20:00,42530.61,42543.99,42373.7,42381.95,230.0,42704.34692350644
2022-02-12 21:25:00,42381.95,42431.66,42345.08,42424.44,101.0,42699.290209191255
2022-02-12 21:30:00,42424.44,42424.45,41916.81,42019.81,476.0,42657.19881370604
2022-02-12 21:35:00,42019.8,42099.8,41957.93,42064.55,206.0,42638.39437188412
2022-02-12 21:40:00,42066.71,42066.71,41700.0,41957.57,586.0,42580.0817395649
2022-02-12 21:45:00,41957.57,41957.57,41739.13,41798.5,202.0,42560.03580692217
2022-02-12 21:50:00,41798.5,41881.5,41749.06,41798.75,159.0,42544.54330519482
2022-02-12 21:55:00,41798.74,41904.86,41798.74,41877.82,89.0,42536.72686823299
2022-02-12 22:00:00,41877.82,41957.19,41830.01,41944.65,148.0,42525.051889042894
2022-02-12 22:05:00,41944.65,42000.63,41890.08,41997.82,101.0,42517.98756158249
2022-02-12 22:10:00,41998.65,42002.7,41926.06,41933.86,78.0,42512.56926318385
2022-02-12 22:15:00,41933.86,42062.26,41928.88,42058.63,81.0,42507.668162742484
2022-02-12 22:20:00,42058.63,42061.35,41890.2,41946.98,67.0,42503.27804533722
2022-02-12 22:25:00,41946.99,42007.04,41924.49,41980.0,56.0,42499.692106570525
2022-02-12 22:30:00,41979.99,42079.0,41965.07,42075.25,41.0,42497.43679384445
2022-02-12 22:35:00,42075.24,42187.39,42053.47,42056.53,103.0,42492.5897239288
2022-02-12 22:40:00,42059.62,42061.0,41926.07,42041.64,76.0,42488.291187743955
2022-02-12 22:45:00,42041.65,42067.69,41949.26,42067.69,51.0,42485.55996081171
2022-02-12 22:50:00,42067.69,42226.29,42053.37,42133.44,139.0,42480.02129705995
2022-02-12 22:55:00,42137.48,42179.91,42098.74,42175.51,34.0,42478.74635668645
2022-02-12 23:00:00,42175.52,42185.94,42103.14,42107.08,55.0,42476.58419359716
2022-02-12 23:05:00,42107.08,42204.08,42105.39,42173.37,31.0,42475.478570621475
2022-02-12 23:10:00,42173.36,42247.02,42153.11,42217.01,45.0,42474.11382237213
2022-02-12 23:15:00,42217.02,42250.87,42177.96,42196.76,28.0,42473.28043146925
2022-02-12 23:20:00,42196.75,42200.42,42122.5,42155.51,39.0,42471.91484936399
2022-02-12 23:25:00,42155.5,42205.0,42151.79,42177.14,17.0,42471.35833426144
2022-02-12 23:30:00,42177.89,42186.96,42110.87,42113.74,26.0,42470.393495095326
2022-02-12 23:35:00,42113.75,42141.29,42089.0,42097.06,29.0,42469.23376208399
2022-02-12 23:40:00,42097.06,42108.61,42058.83,42108.6,34.0,42467.81939347155
2022-02-12 23:45:00,42108.6,42139.08,42065.62,42102.82,31.0,42466.574784774886
2022-02-12 23:50:00,42102.83,42169.22,42095.95,42158.14,39.0,42465.18570766762
2022-02-12 23:55:00,42158.13,42250.0,42153.54,42217.87,78.0,42463.001698857064
2022-02-13 00:00:00,42217.87,42221.01,42121.76,42183.64,65.0,42460.9879546026
2022-02-13 00:05:00,42183.63,42197.1,42059.69,42062.01,43.0,42459.35206706707
2022-02-13 00:10:00,42062.02,42167.46,42057.26,42120.03,35.0,42458.063976564445
2022-02-13 00:15:00,42120.02,42178.57,42094.63,42177.32,20.0,42457.4074233216
2022-02-13 00:20:00,42177.32,42179.97,42110.53,42169.9,43.0,42456.02030248354
2022-02-13 00:25:00,42169.91,42207.0,42158.96,42201.84,20.0,42455.45526618654
2022-02-13 00:30:00,42201.84,42300.0,42200.31,42247.96,53.0,42454.30521958925
2022-02-13 00:35:00,42247.96,42508.47,42247.96,42490.43,361.0,42452.88827922077
2022-02-13 00:40:00,42487.18,42505.99,42415.11,42483.82,82.0,42453.01549875896
2022-02-13 00:45:00,42483.83,42490.27,42391.32,42419.7,42.0,42452.9344776219
2022-02-13 00:50:00,42419.7,42440.0,42348.14,42353.36,56.0,42452.53029958814
2022-02-13 00:55:00,42353.35,42399.97,42350.0,42390.82,67.0,42452.05104721369
2022-02-13 01:00:00,42390.81,42393.83,42312.67,42346.53,107.0,42450.99214495591
2022-02-13 01:05:00,42346.53,42421.58,42346.52,42421.58,35.0,42450.80618838457
2022-02-13 01:10:00,42419.99,42499.35,42398.47,42416.62,49.0,42450.745928372504
2022-02-13 01:15:00,42416.63,42470.77,42398.0,42439.65,61.0,42450.659886689195
2022-02-13 01:20:00,42439.66,42448.4,42399.52,42412.19,37.0,42450.55085482422
2022-02-13 01:25:00,42412.2,42440.0,42367.17,42406.8,31.0,42450.41435671112
2022-02-13 01:30:00,42406.81,42411.99,42352.84,42354.84,29.0,42450.20018337798
2022-02-13 01:35:00,42354.84,42382.99,42328.64,42347.0,23.0,42449.98648973747
2022-02-13 01:40:00,42347.01,42379.41,42318.77,42319.99,26.0,42449.71265784211
2022-02-13 01:45:00,42321.61,42355.62,42297.79,42337.21,68.0,42448.94376699152
2022-02-13 01:50:00,42337.21,42340.7,42276.85,42290.01,29.0,42448.54309806882
2022-02-13 01:55:00,42290.0,42290.01,42198.86,42233.77,92.0,42446.75591331462
2022-02-13 02:00:00,42233.77,42271.84,42170.79,42241.52,41.0,42445.92030223962
2022-02-13 02:05:00,42241.53,42275.11,42219.92,42250.1,18.0,42445.58950072875
2022-02-13 02:10:00,42250.1,42250.1,42216.51,42216.74,13.0,42445.326400916805
2022-02-13 02:15:00,42216.74,42244.5,42207.79,42222.03,17.0,42444.97855768933
2022-02-13 02:20:00,42222.03,42235.21,42171.0,42171.0,48.0,42443.85880052954
2022-02-13 02:25:00,42171.01,42187.45,42127.84,42136.15,54.0,42442.40282633336
2022-02-13 02:30:00,42136.16,42160.26,42102.22,42123.3,35.0,42441.39665811652
2022-02-13 02:35:00,42123.29,42220.54,42120.82,42188.76,27.0,42440.74358037101
2022-02-13 02:40:00,42191.13,42215.22,42130.87,42182.11,47.0,42439.61165908401
2022-02-13 02:45:00,42182.12,42239.9,42174.39,42201.86,20.0,42439.186176203446
2022-02-13 02:50:00,42201.86,42227.35,42186.52,42218.98,35.0,42438.46292892711
2022-02-13 02:55:00,42218.98,42229.99,42200.0,42219.44,14.0,42438.18190824969
2022-02-13 03:00:00,42219.43,42250.8,42200.0,42250.8,41.0,42437.42723033033
2022-02-13 03:05:00,42250.79,42250.8,42201.44,42209.61,33.0,42436.78456899907
2022-02-13 03:10:00,42209.61,42228.5,42195.45,42195.46,31.0,42436.14503553088
2022-02-13 03:15:00,42195.47,42195.47,42151.37,42192.55,36.0,42435.32105863095
2022-02-13 03:20:00,42192.56,42197.88,42152.01,42167.05,29.0,42434.6418152403
2022-02-13 03:25:00,42167.06,42219.97,42150.0,42206.59,31.0,42433.974309946716
2022-02-13 03:30:00,42206.59,42219.96,42174.76,42202.24,34.0,42433.26689185999
2022-02-13 03:35:00,42202.25,42220.57,42173.12,42214.58,15.0,42432.96114834793
2022-02-13 03:40:00,42214.57,42295.08,42202.3,42240.02,54.0,42432.07170876236
2022-02-13 03:45:00,42240.02,42298.29,42240.02,42281.55,75.0,42431.030540887106
2022-02-13 03:50:00,42281.54,42291.42,42227.87,42260.0,50.0,42430.28512302693
2022-02-13 03:55:00,42260.0,42273.68,42215.0,42230.0,33.0,42429.73882244019
2022-02-13 04:00:00,42229.99,42273.61,42228.19,42270.08,26.0,42429.35053260588
2022-02-13 04:05:00,42270.07,42321.01,42253.84,42305.08,35.0,42428.93942756001
2022-02-13 04:10:00,42304.04,42333.24,42264.69,42274.03,35.0,42428.52279561563
2022-02-13 04:15:00,42274.03,42299.41,42250.88,42295.95,25.0,42428.208324743755
2022-02-13 04:20:00,42295.94,42299.44,42270.44,42282.32,14.0,42428.03519646535
2022-02-13 04:25:00,42282.33,42297.38,42263.36,42263.37,13.0,42427.864375124984
2022-02-13 04:30:00,42263.37,42297.68,42256.19,42295.01,19.0,42427.62881873147
2022-02-13 04:35:00,42295.01,42295.37,42195.26,42217.89,27.0,42427.18756409163
2022-02-13 04:40:00,42217.89,42217.9,42156.39,42172.01,50.0,42426.14596798414
2022-02-13 04:45:00,42172.0,42189.88,42119.35,42184.99,48.0,42425.08379186773
2022-02-13 04:50:00,42184.99,42198.95,42157.36,42185.4,12.0,42424.835659478515
2022-02-13 04:55:00,42185.4,42222.0,42185.4,42204.84,21.0,42424.44431481795
2022-02-13 05:00:00,42204.83,42213.44,42171.63,42200.1,17.0,42424.115596111165
2022-02-13 05:05:00,42200.1,42222.14,42194.08,42214.73,15.0,42423.845602514455
2022-02-13 05:10:00,42214.72,42219.99,42165.14,42180.62,16.0,42423.529123928034
2022-02-13 05:15:00,42180.62,42192.4,42120.0,42192.4,41.0,42422.65222734255
2022-02-13 05:20:00,42192.4,42200.0,42166.01,42178.92,15.0,42422.34970571827
2022-02-13 05:25:00,42178.93,42240.0,42172.8,42224.4,24.0,42421.9288945493
2022-02-13 05:30:00,42224.41,42278.41,42222.7,42274.03,20.0,42421.656176699464
2022-02-13 05:35:00,42274.03,42296.22,42231.17,42247.05,23.0,42421.34322681757
2022-02-13 05:40:00,42247.06,42280.03,42239.69,42262.72,26.0,42420.99665393452
2022-02-13 05:45:00,42262.72,42272.41,42208.87,42245.41,30.0,42420.552439603525
2022-02-13 05:50:00,42245.41,42285.0,42216.01,42284.99,13.0,42420.38189668487
2022-02-13 05:55:00,42284.99,42314.02,42257.47,42268.49,57.0,42419.72290400505
2022-02-13 06:00:00,42268.5,42296.64,42246.65,42287.52,32.0,42419.34761368926
2022-02-13 06:05:00,42287.52,42287.52,42235.78,42247.23,25.0,42419.014613114756
2022-02-13 06:10:00,42247.22,42291.34,42240.08,42277.47,36.0,42418.57510297483
2022-02-13 06:15:00,42277.48,42277.48,42225.31,42242.48,34.0,42418.10361477859
2022-02-13 06:20:00,42242.47,42269.07,42240.02,42251.0,14.0,42417.91586128297
2022-02-13 06:25:00,42250.99,42270.0,42240.01,42270.0,18.0,42417.6848073484
2022-02-13 06:30:00,42269.99,42290.0,42215.0,42285.41,40.0,42417.18500243073
2022-02-13 06:35:00,42285.42,42428.3,42281.44,42391.0,169.0,42416.505927050865
2022-02-13 06:40:00,42392.7,42394.45,42350.08,42355.01,20.0,42416.426136780785
2022-02-13 06:45:00,42355.01,42382.1,42326.52,42337.45,54.0,42416.13549304728
2022-02-13 06:50:00,42337.45,42416.25,42326.55,42382.63,36.0,42416.01856746693
2022-02-13 06:55:00,42382.63,42430.0,42362.01,42426.18,39.0,42415.98789968405
2022-02-13 07:00:00,42423.88,42426.17,42370.0,42399.01,39.0,42415.93386487126
2022-02-13 07:05:00,42399.0,42400.0,42360.0,42379.56,69.0,42415.73888079575
2022-02-13 07:10:00,42380.98,42411.58,42367.92,42407.83,27.0,42415.696756545534
2022-02-13 07:15:00,42407.83,42490.01,42399.01,42457.31,92.0,42415.93291327178
2022-02-13 07:20:00,42457.3,42460.0,42383.6,42405.75,47.0,42415.93479227876
2022-02-13 07:25:00,42405.76,42413.18,42350.0,42364.26,42.0,42415.80492935677
2022-02-13 07:30:00,42364.26,42380.0,42350.0,42353.92,37.0,42415.64997387229
2022-02-13 07:35:00,42353.92,42365.25,42300.0,42328.43,130.0,42414.81492632328
2022-02-13 07:40:00,42328.43,42368.81,42328.43,42346.75,27.0,42414.6779412807
2022-02-13 07:45:00,42346.74,42382.5,42342.66,42375.32,26.0,42414.58366020007
2022-02-13 07:50:00,42375.33,42426.73,42375.32,42411.32,57.0,42414.54010488192
2022-02-13 07:55:00,42411.33,42444.25,42401.66,42412.4,24.0,42414.548956089486
2022-02-13 08:00:00,42412.39,42412.4,42355.92,42390.01,39.0,42414.465663863026
2022-02-13 08:05:00,42390.01,42393.13,42338.18,42339.79,26.0,42414.35374356669
2022-02-13 08:10:00,42339.79,42474.25,42328.92,42444.42,37.0,42414.35791837956
2022-02-13 08:15:00,42444.42,42479.0,42421.64,42422.73,46.0,42414.4496285537
2022-02-13 08:20:00,42422.73,42451.72,42414.1,42425.26,27.0,42414.48156284073
2022-02-13 08:25:00,42425.26,42442.67,42392.78,42412.37,24.0,42414.484160235486
2022-02-13 08:30:00,42412.37,42500.0,42404.76,42472.72,65.0,42414.69861482412
2022-02-13 08:35:00,42472.72,42478.38,42441.43,42445.69,48.0,42414.84155885888
2022-02-13 08:40:00,42445.69,42498.64,42444.0,42492.46,35.0,42415.00475459973
2022-02-13 08:45:00,42492.47,42494.0,42429.85,42465.65,55.0,42415.19840217365
2022-02-13 08:50:00,42465.66,42470.02,42442.07,42444.47,36.0,42415.29549131122
2022-02-13 08:55:00,42444.47,42448.34,42423.08,42443.06,51.0,42415.38019928326
2022-02-13 09:00:00,42443.06,42447.99,42354.05,42354.05,36.0,42415.301905762455
2022-02-13 09:05:00,42355.77,42387.4,42290.01,42349.54,127.0,42414.63645057076
2022-02-13 09:10:00,42349.54,42357.6,42320.45,42347.77,21.0,42414.527015053776
2022-02-13 09:15:00,42348.72,42374.26,42326.24,42333.34,20.0,42414.42692388452
2022-02-13 09:20:00,42333.33,42369.26,42327.6,42365.89,23.0,42414.32801233951
2022-02-13 09:25:00,42363.72,42388.95,42354.13,42361.36,26.0,42414.242363221354
2022-02-13 09:30:00,42361.35,42363.88,42330.29,42340.17,29.0,42414.09896853646
2022-02-13 09:35:00,42340.17,42345.45,42269.64,42304.84,114.0,42413.23398178225
2022-02-13 09:40:00,42304.84,42365.73,42300.74,42365.62,27.0,42413.10229473537
2022-02-13 09:45:00,42365.62,42373.55,42331.0,42339.82,23.0,42412.99713598838
2022-02-13 09:50:00,42339.83,42363.96,42318.36,42334.36,22.0,42412.88260151751
2022-02-13 09:55:00,42334.35,42334.36,42301.89,42310.59,39.0,42412.61681986969
2022-02-13 10:00:00,42310.59,42312.52,42269.18,42296.03,47.0,42412.22283333334
2022-02-13 10:05:00,42296.03,42297.8,42243.48,42257.3,62.0,42411.59330830206
2022-02-13 10:10:00,42257.3,42326.53,42255.7,42277.02,27.0,42411.35874869874
2022-02-13 10:15:00,42277.01,42334.36,42277.01,42334.36,22.0,42411.212221144306
2022-02-13 10:20:00,42334.35,42337.51,42313.38,42337.5,29.0,42411.04827109268
2022-02-13 10:25:00,42337.5,42349.07,42330.0,42347.55,30.0,42410.90574189097
2022-02-13 10:30:00,42347.56,42476.95,42337.27,42462.1,81.0,42410.98653764327
2022-02-13 10:35:00,42462.1,42634.86,42462.09,42571.1,358.0,42414.46438520108
2022-02-13 10:40:00,42571.1,42607.72,42561.4,42592.89,69.0,42415.25970373829
2022-02-13 10:45:00,42592.89,42592.9,42490.63,42517.92,35.0,42415.53572939535
2022-02-13 10:50:00,42517.92,42600.0,42513.29,42580.76,66.0,42416.18767600505
2022-02-13 10:55:00,42581.27,42633.24,42563.59,42570.0,77.0,42417.0642037867
2022-02-13 11:00:00,42570.0,42598.27,42500.5,42522.45,75.0,42417.67076628857
2022-02-13 11:05:00,42522.44,42547.99,42513.74,42525.16,35.0,42417.92559030051
2022-02-13 11:10:00,42525.16,42539.22,42521.61,42526.97,17.0,42418.04927835502
2022-02-13 11:15:00,42526.97,42581.99,42522.32,42581.98,38.0,42418.40608695654
2022-02-13 11:20:00,42581.98,42590.26,42543.8,42590.25,40.0,42418.81272869125
2022-02-13 11:25:00,42590.25,42650.13,42562.75,42592.1,69.0,42419.629328155344
2022-02-13 11:30:00,42592.1,42597.94,42543.09,42563.9,48.0,42420.089818041044
2022-02-13 11:35:00,42563.89,42654.64,42524.93,42573.46,99.0,42421.13239661474
2022-02-13 11:40:00,42573.46,42595.8,42552.18,42557.99,30.0,42421.41560696232
2022-02-13 11:45:00,42557.99,42571.01,42524.91,42535.23,111.0,42422.27819545051
2022-02-13 11:50:00,42535.22,42535.98,42412.33,42495.1,119.0,42422.71990309223
2022-02-13 11:55:00,42495.11,42498.01,42459.4,42470.73,29.0,42422.81725145831
2022-02-13 12:00:00,42470.72,42524.17,42415.6,42519.39,61.0,42423.06041533414
2022-02-13 12:05:00,42519.39,42531.22,42500.62,42516.01,27.0,42423.217421643516
2022-02-13 12:10:00,42516.0,42560.08,42509.84,42544.74,36.0,42423.47601582345
2022-02-13 12:15:00,42544.75,42549.68,42494.05,42525.78,45.0,42423.75544461747
2022-02-13 12:20:00,42525.78,42631.89,42522.63,42612.91,67.0,42424.44276557913
2022-02-13 12:25:00,42612.92,42612.92,42573.83,42607.41,34.0,42424.808125773714
2022-02-13 12:30:00,42607.41,42609.0,42525.8,42537.58,29.0,42425.0458090825
2022-02-13 12:35:00,42537.59,42566.6,42537.58,42557.99,20.0,42425.20503260312
2022-02-13 12:40:00,42555.1,42599.63,42554.99,42562.45,34.0,42425.51312765566
2022-02-13 12:45:00,42562.45,42620.0,42556.13,42559.85,40.0,42425.889433011864
2022-02-13 12:50:00,42559.84,42567.97,42478.24,42496.01,36.0,42426.08401593626
2022-02-13 12:55:00,42496.01,42499.17,42457.13,42468.44,70.0,42426.29262455498
2022-02-13 13:00:00,42468.43,42508.57,42400.6,42475.17,63.0,42426.42727342737
2022-02-13 13:05:00,42475.17,42528.0,42464.0,42510.02,39.0,42426.602902488834
2022-02-13 13:10:00,42510.02,42521.69,42488.47,42519.0,18.0,42426.69354821772
2022-02-13 13:15:00,42519.0,42528.0,42467.23,42524.94,43.0,42426.901505720736
2022-02-13 13:20:00,42524.95,42554.0,42524.94,42541.94,33.0,42427.12718151298
2022-02-13 13:25:00,42541.95,42559.36,42528.01,42558.44,40.0,42427.41952529932
2022-02-13 13:30:00,42558.43,42568.63,42524.74,42538.19,42.0,42427.71300306068
2022-02-13 13:35:00,42538.19,42539.49,42451.36,42504.47,52.0,42427.93303320371
2022-02-13 13:40:00,42504.48,42504.53,42471.02,42477.65,19.0,42427.99714652803
2022-02-13 13:45:00,42477.65,42504.14,42424.25,42501.99,91.0,42428.261066468556
2022-02-13 13:50:00,42502.0,42516.11,42485.09,42508.56,21.0,42428.35455083305
2022-02-13 13:55:00,42508.57,42524.49,42490.1,42506.34,24.0,42428.46640209446
2022-02-13 14:00:00,42506.34,42532.99,42479.78,42521.03,40.0,42428.66226315791
2022-02-13 14:05:00,42521.03,42554.87,42509.49,42522.53,32.0,42428.85171152561
2022-02-13 14:10:00,42521.59,42540.0,42508.71,42535.01,21.0,42428.974340427216
2022-02-13 14:15:00,42535.01,42714.48,42469.31,42492.12,326.0,42431.419242871205
2022-02-13 14:20:00,42492.13,42566.16,42476.66,42525.77,34.0,42431.59872096828
2022-02-13 14:25:00,42525.76,42550.7,42480.0,42487.0,33.0,42431.739994430376
2022-02-13 14:30:00,42487.0,42508.03,42312.44,42346.9,181.0,42431.300146357244
2022-02-13 14:35:00,42346.9,42385.96,42138.17,42375.22,331.0,42428.863831990166
2022-02-13 14:40:00,42375.22,42379.79,42297.2,42366.99,122.0,42428.31540503985
2022-02-13 14:45:00,42366.98,42370.0,42258.66,42293.91,65.0,42427.88054020125
2022-02-13 14:50:00,42293.91,42293.92,42216.64,42260.67,110.0,42426.8462200202
2022-02-13 14:55:00,42260.68,42547.45,42258.08,42535.07,225.0,42427.09116838862
2022-02-13 15:00:00,42535.07,42628.34,42498.09,42609.72,134.0,42428.18800583028
2022-02-13 15:05:00,42609.72,42619.78,42572.87,42597.97,56.0,42428.69642231791
2022-02-13 15:10:00,42597.97,42616.22,42589.22,42610.13,48.0,42429.151204996066
2022-02-13 15:15:00,42610.13,42610.14,42562.75,42589.19,50.0,42429.57472141914
2022-02-13 15:20:00,42589.19,42676.04,42573.56,42631.21,146.0,42431.105471738214
2022-02-13 15:25:00,42631.2,42689.7,42524.91,42644.54,122.0,42432.320005981914
2022-02-13 15:30:00,42644.54,42684.66,42635.97,42669.98,60.0,42433.049933354385
2022-02-13 15:35:00,42671.27,42760.0,42637.33,42641.16,188.0,42435.46381195513
2022-02-13 15:40:00,42641.16,42718.24,42635.66,42711.56,74.0,42436.43556259083
2022-02-13 15:45:00,42711.56,42713.96,42636.43,42644.99,97.0,42437.58108477494
2022-02-13 15:50:00,42645.0,42692.91,42583.55,42599.79,74.0,42438.29613354597
2022-02-13 15:55:00,42599.79,42604.26,42559.97,42559.97,40.0,42438.576306449686
2022-02-13 16:00:00,42559.97,42580.0,42428.3,42435.0,148.0,42438.89696200812
2022-02-13 16:05:00,42435.89,42517.0,42366.65,42408.06,155.0,42438.83171688067
2022-02-13 16:10:00,42408.07,42430.46,42330.0,42367.82,119.0,42438.4565665042
2022-02-13 16:15:00,42372.92,42429.36,42352.57,42374.94,90.0,42438.21870991947
2022-02-13 16:20:00,42374.93,42425.51,42288.06,42396.11,173.0,42437.63250231436
2022-02-13 16:25:00,42396.12,42399.88,42223.73,42291.83,143.0,42436.699549416466
2022-02-13 16:30:00,42291.82,42330.15,42249.41,42307.39,74.0,42436.18742210884
2022-02-13 16:35:00,42307.39,42322.5,42240.8,42259.96,63.0,42435.68892144395
2022-02-13 16:40:00,42259.96,42291.62,42208.21,42243.39,92.0,42434.84692199066
2022-02-13 16:45:00,42244.14,42350.51,42241.0,42295.32,79.0,42434.313343681795
2022-02-13 16:50:00,42295.32,42301.2,42263.0,42280.43,32.0,42434.0765712533
2022-02-13 16:55:00,42280.43,42323.51,42272.84,42311.15,35.0,42433.85390516715
2022-02-13 17:00:00,42311.16,42311.16,42134.94,42197.07,222.0,42431.52320353363
2022-02-13 17:05:00,42197.08,42261.75,42157.06,42169.99,95.0,42430.45889709036
2022-02-13 17:10:00,42170.23,42208.63,42154.47,42157.96,74.0,42429.557215077766
2022-02-13 17:15:00,42157.95,42214.59,42082.16,42184.85,186.0,42427.20346174955
2022-02-13 17:20:00,42184.86,42247.95,42127.07,42224.98,128.0,42425.843661725994
2022-02-13 17:25:00,42224.98,42249.99,42202.21,42202.75,59.0,42425.27273508659
2022-02-13 17:30:00,42202.76,42283.17,42200.0,42248.17,68.0,42424.699085091896
2022-02-13 17:35:00,42248.17,42254.38,42148.77,42220.78,83.0,42423.86619345281
2022-02-13 17:40:00,42220.79,42241.37,42191.0,42228.74,35.0,42423.53694203035
2022-02-13 17:45:00,42228.75,42300.0,42192.07,42223.31,50.0,42423.11014343698
2022-02-13 17:50:00,42223.3,42241.28,42175.8,42214.44,44.0,42422.67957393601
2022-02-13 17:55:00,42214.43,42279.98,42212.01,42267.4,21.0,42422.51584831627
2022-02-13 18:00:00,42267.39,42332.04,42263.08,42302.86,45.0,42422.26146536958
2022-02-13 18:05:00,42302.87,42398.75,42302.86,42375.27,48.0,42422.12234126987
2022-02-13 18:10:00,42375.27,42396.1,42315.01,42348.32,47.0,42421.97421620142
2022-02-13 18:15:00,42348.31,42374.83,42300.62,42306.89,23.0,42421.87498600337
2022-02-13 18:20:00,42306.9,42314.35,42266.75,42282.15,39.0,42421.63666651482
2022-02-13 18:25:00,42282.15,42295.7,42263.11,42291.2,36.0,42421.410203017236
2022-02-13 18:30:00,42291.19,42293.13,42204.23,42231.76,52.0,42420.9893085871
2022-02-13 18:35:00,42231.77,42231.77,41900.0,41991.36,383.0,42414.49870606604
2022-02-13 18:40:00,41989.99,42036.91,41877.99,41954.75,286.0,42408.730480489765
2022-02-13 18:45:00,41954.75,42000.01,41950.0,41965.66,68.0,42407.426135505426
2022-02-13 18:50:00,41965.65,41999.28,41870.0,41976.14,147.0,42404.48271846781
2022-02-13 18:55:00,41976.13,42027.71,41934.32,41974.93,73.0,42403.13187860604
2022-02-13 19:00:00,41974.93,42099.41,41943.67,42078.67,98.0,42401.593261013935
2022-02-13 19:05:00,42078.98,42080.02,42036.06,42063.82,65.0,42400.634340228324
2022-02-13 19:10:00,42063.82,42088.45,42052.4,42052.4,44.0,42399.99671350375
2022-02-13 19:15:00,42052.4,42158.61,42046.03,42128.51,69.0,42399.13993124197
2022-02-13 19:20:00,42128.51,42181.63,42126.7,42142.3,56.0,42398.54231158367
2022-02-13 19:25:00,42142.31,42146.76,42064.47,42086.45,64.0,42397.723320507364
2022-02-13 19:30:00,42086.44,42120.0,41980.0,41986.97,71.0,42396.60742324143
2022-02-13 19:35:00,41986.97,42070.18,41986.19,42038.47,56.0,42395.73827883378
2022-02-13 19:40:00,42038.46,42054.78,41875.38,41906.45,171.0,42392.488343183635
2022-02-13 19:45:00,41906.46,42038.76,41893.68,42014.95,111.0,42390.57596131493
2022-02-13 19:50:00,42012.8,42022.0,41973.5,42000.43,81.0,42389.2465415969
2022-02-13 19:55:00,42000.43,42066.72,41958.44,42031.16,49.0,42388.487914524936
2022-02-13 20:00:00,42031.17,42060.82,41929.42,42057.09,132.0,42386.443199645364
2022-02-13 20:05:00,42057.1,42132.36,42047.17,42088.77,68.0,42385.60617072129
2022-02-13 20:10:00,42087.99,42145.0,42079.97,42134.7,55.0,42385.00187079614
2022-02-13 20:15:00,42134.69,42249.16,42113.83,42180.55,105.0,42384.12076015208
2022-02-13 20:20:00,42180.54,42247.41,42180.54,42241.73,63.0,42383.70451804098
2022-02-13 20:25:00,42241.73,42373.8,42239.1,42304.54,191.0,42383.098348612664
2022-02-13 20:30:00,42304.53,42334.62,42255.41,42302.69,70.0,42382.85511328704
2022-02-13 20:35:00,42302.69,42310.51,42272.04,42285.35,42.0,42382.69574136418
2022-02-13 20:40:00,42285.34,42299.86,42269.77,42283.52,29.0,42382.580239021256
2022-02-13 20:45:00,42283.52,42316.01,42278.03,42308.38,43.0,42382.43803561561
2022-02-13 20:50:00,42308.39,42322.42,42281.01,42299.0,32.0,42382.33253470121
2022-02-13 20:55:00,42298.99,42446.55,42288.84,42441.44,77.0,42382.36336487359
2022-02-13 21:00:00,42441.45,42497.85,42358.06,42436.82,141.0,42382.63742002644
2022-02-13 21:05:00,42436.83,42462.64,42373.52,42376.52,68.0,42382.696037266265
2022-02-13 21:10:00,42376.53,42412.29,42334.49,42341.66,36.0,42382.66749863776
2022-02-13 21:15:00,42341.66,42362.58,42277.78,42281.13,84.0,42382.41546804426
2022-02-13 21:20:00,42281.13,42327.83,42281.13,42313.94,25.0,42382.341249966936
2022-02-13 21:25:00,42312.04,42329.81,42206.99,42228.02,55.0,42382.06368733084
2022-02-13 21:30:00,42228.01,42263.55,42217.01,42237.57,25.0,42381.92252486481
2022-02-13 21:35:00,42237.13,42242.33,42200.1,42211.99,30.0,42381.72831633731
2022-02-13 21:40:00,42211.98,42281.04,42211.52,42272.34,33.0,42381.56319043673
2022-02-13 21:45:00,42272.34,42292.51,42247.55,42274.99,59.0,42381.3078772842
2022-02-13 21:50:00,42275.0,42291.23,42246.99,42270.49,14.0,42381.24630402269
2022-02-13 21:55:00,42270.49,42290.49,42196.09,42200.2,30.0,42381.066653561895
2022-02-13 22:00:00,42200.21,42255.66,42200.18,42252.11,20.0,42380.952666038145
2022-02-13 22:05:00,42252.11,42269.99,42222.0,42253.58,21.0,42380.84350813153
2022-02-13 22:10:00,42253.57,42280.0,42227.15,42266.84,20.0,42380.74714633096
2022-02-13 22:15:00,42266.85,42347.95,42256.75,42334.83,64.0,42380.577962390635
2022-02-13 22:20:00,42334.82,42353.56,42311.7,42320.97,42.0,42380.49293116694
2022-02-13 22:25:00,42320.96,42381.58,42320.03,42360.98,45.0,42380.446793772106
2022-02-13 22:30:00,42360.97,42365.46,42340.01,42343.43,16.0,42380.4275833853
2022-02-13 22:35:00,42343.43,42364.34,42288.23,42352.94,35.0,42380.36594614579
2022-02-13 22:40:00,42352.94,42363.96,42305.4,42307.88,40.0,42380.28106440293
2022-02-13 22:45:00,42307.87,42344.34,42303.45,42329.28,17.0,42380.2450320961
2022-02-13 22:50:00,42329.28,42411.23,42260.99,42278.39,63.0,42380.09039299226
2022-02-13 22:55:00,42278.39,42423.53,42245.09,42371.56,58.0,42380.01561244865
2022-02-13 23:00:00,42371.56,42393.42,42209.0,42222.91,112.0,42379.56352007902
2022-02-13 23:05:00,42222.91,42242.61,42050.0,42160.4,151.0,42378.24322213722
2022-02-13 23:10:00,42160.39,42173.5,42088.94,42156.63,58.0,42377.715086902324
2022-02-13 23:15:00,42156.64,42356.18,42156.63,42332.45,96.0,42377.3647283284
2022-02-13 23:20:00,42332.45,42350.0,42167.46,42167.46,82.0,42376.90132367811
2022-02-13 23:25:00,42167.46,42230.55,42154.74,42203.55,58.0,42376.50501450154
2022-02-13 23:30:00,42203.55,42240.33,42116.61,42119.91,71.0,42375.92224121237
2022-02-13 23:35:00,42119.91,42178.3,42091.26,42168.75,39.0,42375.58457780793
2022-02-13 23:40:00,42168.75,42189.26,42126.17,42189.26,72.0,42375.023654693934
2022-02-13 23:45:00,42189.25,42287.28,42186.86,42234.56,50.0,42374.76341633542
2022-02-13 23:50:00,42234.57,42235.5,42179.73,42222.88,33.0,42374.56310985432
2022-02-13 23:55:00,42222.87,42235.51,42018.0,42053.66,107.0,42373.47669178544
2022-02-14 00:00:00,42053.65,42116.29,41975.84,42010.96,180.0,42371.21476321058
2022-02-14 00:05:00,42010.96,42099.23,41975.84,42059.38,95.0,42370.06976047169
2022-02-14 00:10:00,42059.58,42143.99,42032.83,42089.5,107.0,42368.96270155953
2022-02-14 00:15:00,42089.5,42168.05,42088.73,42162.91,50.0,42368.54221173852
2022-02-14 00:20:00,42162.92,42180.04,42000.0,42018.16,66.0,42367.81105930757
2022-02-14 00:25:00,42018.16,42069.38,42000.0,42029.43,60.0,42367.07679298837
2022-02-14 00:30:00,42029.43,42030.42,41934.03,42029.32,84.0,42365.94706074519
2022-02-14 00:35:00,42029.32,42126.5,41989.41,42105.85,66.0,42365.24655242182
2022-02-14 00:40:00,42105.86,42114.47,42002.3,42024.71,90.0,42364.2094639666
2022-02-14 00:45:00,42024.72,42116.0,41980.3,42088.12,52.0,42363.640246480594
2022-02-14 00:50:00,42088.13,42103.34,42059.85,42067.23,46.0,42363.16395073763
2022-02-14 00:55:00,42067.23,42129.26,42067.22,42113.12,25.0,42362.92955470602
2022-02-14 01:00:00,42116.92,42140.69,42046.11,42073.65,54.0,42362.39285350901
2022-02-14 01:05:00,42073.65,42126.48,42062.26,42094.02,31.0,42362.09397801909
2022-02-14 01:10:00,42094.01,42152.0,42059.02,42100.26,141.0,42360.790894596896
2022-02-14 01:15:00,42100.25,42100.77,42060.01,42080.64,63.0,42360.16054028651
2022-02-14 01:20:00,42080.64,42096.0,41932.69,41973.72,77.0,42359.17557944447
2022-02-14 01:25:00,41973.72,41979.54,41805.08,41865.72,209.0,42355.66249405225
2022-02-14 01:30:00,41865.71,41869.59,41550.56,41765.23,858.0,42337.20777046183
2022-02-14 01:35:00,41765.22,41837.69,41632.65,41656.81,257.0,42331.719904703634
2022-02-14 01:40:00,41656.81,41756.18,41647.13,41687.82,137.0,42328.777809208004
2022-02-14 01:45:00,41687.82,41729.31,41623.75,41668.41,90.0,42326.78934939054
2022-02-14 01:50:00,41667.57,41729.36,41569.67,41722.2,174.0,42322.97856373108
2022-02-14 01:55:00,41722.19,41728.84,41633.13,41670.43,72.0,42321.42363376826
2022-02-14 02:00:00,41670.16,41756.17,41600.0,41724.99,181.0,42317.64543025949
2022-02-14 02:05:00,41725.0,41770.69,41715.55,41760.0,75.0,42316.230071430145
2022-02-14 02:10:00,41760.01,41787.73,41735.02,41760.42,65.0,42315.035596857655
2022-02-14 02:15:00,41760.41,41835.18,41752.81,41827.35,73.0,42313.80642220314
2022-02-14 02:20:00,41827.34,41831.59,41725.84,41741.72,87.0,42312.238287840366
2022-02-14 02:25:00,41741.73,41786.14,41719.81,41785.38,68.0,42311.01303766001
2022-02-14 02:30:00,41785.37,41803.02,41731.09,41735.73,84.0,42309.487316886705
2022-02-14 02:35:00,41735.73,41793.44,41684.39,41775.49,80.0,42308.02764129877
2022-02-14 02:40:00,41775.48,41796.55,41752.36,41782.34,34.0,42307.438415641205
2022-02-14 02:45:00,41782.34,41839.95,41731.01,41742.82,64.0,42306.32068597113
2022-02-14 02:50:00,41742.81,41752.26,41685.35,41712.91,133.0,42303.77800804306
2022-02-14 02:55:00,41712.92,41740.4,41700.0,41703.81,57.0,42302.69111035576
2022-02-14 03:00:00,41703.81,41829.83,41620.32,41796.98,126.0,42300.44203340103
2022-02-14 03:05:00,41795.67,41879.94,41759.71,41829.55,107.0,42298.80088302703
2022-02-14 03:10:00,41829.55,41863.59,41803.06,41819.09,67.0,42297.79082245946
2022-02-14 03:15:00,41819.09,41950.0,41800.01,41904.27,196.0,42295.21160045028
2022-02-14 03:20:00,41904.28,41971.76,41893.4,41912.38,96.0,42294.08530900273
2022-02-14 03:25:00,41912.38,41930.0,41855.16,41855.21,52.0,42293.40270165424
2022-02-14 03:30:00,41855.21,41950.0,41855.21,41914.68,84.0,42292.37518949576
2022-02-14 03:35:00,41914.67,41965.99,41900.0,41932.27,78.0,42291.49023177798
2022-02-14 03:40:00,41932.28,41940.04,41894.98,41898.52,42.0,42290.98696986882
2022-02-14 03:45:00,41898.53,41940.64,41860.01,41937.08,54.0,42290.344244854736
2022-02-14 03:50:00,41937.08,41942.4,41910.0,41923.98,72.0,42289.519777080386
2022-02-14 03:55:00,41923.97,41946.05,41910.0,41916.43,83.0,42288.570582717744
2022-02-14 04:00:00,41916.42,41941.56,41900.0,41900.01,77.0,42287.6696312256
2022-02-14 04:05:00,41900.0,41908.3,41853.01,41853.06,135.0,42285.92246859452
2022-02-14 04:10:00,41853.06,41932.04,41836.82,41915.2,49.0,42285.32727612365
2022-02-14 04:15:00,41915.2,41957.37,41863.7,41887.15,75.0,42284.43847530252
2022-02-14 04:20:00,41887.15,41985.18,41876.66,41919.97,94.0,42283.40154168469
2022-02-14 04:25:00,41919.96,41959.42,41910.56,41947.52,34.0,42283.04044129747
2022-02-14 04:30:00,41947.53,41968.18,41910.01,41968.17,21.0,42282.824015765844
2022-02-14 04:35:00,41968.17,41974.52,41916.64,41931.89,28.0,42282.52918178738
2022-02-14 04:40:00,41931.89,41982.98,41912.32,41942.34,75.0,42281.75315865503
2022-02-14 04:45:00,41942.34,41942.35,41876.91,41901.77,40.0,42281.293012340386
2022-02-14 04:50:00,41901.77,41959.85,41883.94,41938.57,40.0,42280.859066204735
2022-02-14 04:55:00,41938.56,41977.3,41927.68,41962.01,40.0,42280.46073728157
2022-02-14 05:00:00,41962.01,42018.51,41935.8,41949.23,74.0,42279.75394103271
2022-02-14 05:05:00,41949.23,41965.99,41915.88,41949.56,72.0,42279.016548076346
2022-02-14 05:10:00,41949.56,41974.98,41933.96,41944.66,36.0,42278.65716578356
2022-02-14 05:15:00,41942.6,41969.53,41890.0,41901.75,41.0,42278.21045358234
2022-02-14 05:20:00,41901.75,41905.03,41879.17,41898.04,31.0,42277.84861693509
2022-02-14 05:25:00,41898.05,41917.0,41863.51,41883.85,39.0,42277.38731564945
2022-02-14 05:30:00,41883.86,41920.37,41853.44,41869.37,41.0,42276.89475972519
2022-02-14 05:35:00,41869.36,41872.32,41817.26,41857.48,77.0,42275.89840818138
2022-02-14 05:40:00,41857.47,41879.05,41842.0,41846.0,59.0,42275.14997222727
2022-02-14 05:45:00,41847.61,41882.33,41806.12,41816.89,81.0,42274.076615171514
2022-02-14 05:50:00,41816.9,41828.33,41767.27,41778.24,75.0,42272.98864731689
2022-02-14 05:55:00,41778.25,41810.94,41767.56,41778.62,59.0,42272.126356538014
2022-02-14 06:00:00,41778.62,41837.61,41766.83,41806.66,112.0,42270.55807411395
2022-02-14 06:05:00,41806.66,41810.66,41745.79,41764.97,81.0,42269.35819148726
2022-02-14 06:10:00,41764.97,41819.12,41734.7,41809.67,53.0,42268.59834410141
2022-02-14 06:15:00,41809.67,41922.85,41800.35,41916.83,53.0,42267.986121086025
2022-02-14 06:20:00,41916.83,41978.99,41892.11,41892.12,84.0,42267.12202803149
2022-02-14 06:25:00,41892.11,41951.24,41851.72,41868.98,74.0,42266.29774325899
2022-02-14 06:30:00,41868.99,41912.55,41834.7,41907.95,36.0,42265.89210636246
2022-02-14 06:35:00,41907.94,41961.94,41902.98,41938.96,51.0,42265.393521814
2022-02-14 06:40:00,41938.96,41938.96,41886.72,41906.37,37.0,42265.006626083385
2022-02-14 06:45:00,41906.36,42072.76,41898.9,42060.98,129.0,42264.043883880084
2022-02-14 06:50:00,42060.97,42276.0,42032.89,42179.63,399.0,42262.87174020321
2022-02-14 06:55:00,42179.62,42216.64,42148.42,42184.55,97.0,42262.64804971008
2022-02-14 07:00:00,42184.54,42230.76,42112.47,42135.45,128.0,42262.267508387435
2022-02-14 07:05:00,42135.45,42199.0,42113.9,42180.18,56.0,42262.10964306626
2022-02-14 07:10:00,42180.18,42249.9,42158.97,42227.86,149.0,42261.89662471333
2022-02-14 07:15:00,42227.85,42262.51,42180.6,42196.14,106.0,42261.74873101624
2022-02-14 07:20:00,42192.99,42209.39,42137.57,42155.04,46.0,42261.62475555685
2022-02-14 07:25:00,42155.03,42190.0,42134.47,42151.74,36.0,42261.51913301778
2022-02-14 07:30:00,42151.74,42180.32,42130.92,42164.16,60.0,42261.34311536858
2022-02-14 07:35:00,42164.15,42213.1,42148.23,42192.97,107.0,42261.11057159077
2022-02-14 07:40:00,42190.85,42237.39,42183.48,42219.99,53.0,42261.03924421901
2022-02-14 07:45:00,42219.99,42220.0,42175.03,42201.5,52.0,42260.94772788155
2022-02-14 07:50:00,42201.49,42368.21,42197.05,42294.19,237.0,42261.11783605514
2022-02-14 07:55:00,42294.2,42334.58,42280.0,42314.42,66.0,42261.20773372987
2022-02-14 08:00:00,42314.42,42335.0,42267.0,42322.49,159.0,42261.41626789939
2022-02-14 08:05:00,42322.5,42415.0,42302.53,42406.54,183.0,42261.99231605763
2022-02-14 08:10:00,42406.54,42415.0,42363.27,42384.36,137.0,42262.46849371576
2022-02-14 08:15:00,42386.76,42412.0,42340.0,42357.84,84.0,42262.71784925152
2022-02-14 08:20:00,42357.84,42387.68,42330.0,42330.0,94.0,42262.94186657485
2022-02-14 08:25:00,42330.01,42337.92,42148.08,42171.62,292.0,42262.59286465166
2022-02-14 08:30:00,42171.62,42208.04,42100.0,42128.85,140.0,42262.14707348725
2022-02-14 08:35:00,42128.85,42189.59,42062.22,42072.01,173.0,42261.42419518585
2022-02-14 08:40:00,42072.0,42135.19,42068.92,42125.02,60.0,42261.177939221794
2022-02-14 08:45:00,42125.02,42143.37,42055.62,42095.97,66.0,42260.88767906169
2022-02-14 08:50:00,42095.96,42100.0,42033.96,42071.05,385.0,42258.906383899935
2022-02-14 08:55:00,42071.06,42093.0,42000.3,42033.61,92.0,42258.37509775692
2022-02-14 09:00:00,42033.61,42058.71,41973.85,42016.53,173.0,42257.26397981299
2022-02-14 09:05:00,42016.54,42075.08,41956.76,42063.01,94.0,42256.70247491727
2022-02-14 09:10:00,42063.01,42109.99,41989.07,42040.0,94.0,42256.18033756723
2022-02-14 09:15:00,42040.0,42136.09,42021.05,42103.15,76.0,42255.841012430275
2022-02-14 09:20:00,42103.15,42193.12,42080.0,42118.77,118.0,42255.452842830746
2022-02-14 09:25:00,42118.78,42169.99,42085.69,42142.07,120.0,42255.06669346742
2022-02-14 09:30:00,42142.08,42226.23,42128.22,42155.01,148.0,42254.73754706808
2022-02-14 09:35:00,42155.02,42218.71,42091.22,42100.54,138.0,42254.31455293006
2022-02-14 09:40:00,42100.53,42111.68,42033.95,42053.53,126.0,42253.701030098884
2022-02-14 09:45:00,42053.54,42099.35,42030.0,42036.18,56.0,42253.41339551369
2022-02-14 09:50:00,42036.18,42085.0,42028.54,42031.32,53.0,42253.13250163635
2022-02-14 09:55:00,42031.31,42080.08,42027.1,42077.44,69.0,42252.79154574918
2022-02-14 10:00:00,42077.44,42077.46,41922.48,42031.49,131.0,42251.97560782096
2022-02-14 10:05:00,42031.48,42178.45,42027.17,42122.99,131.0,42251.497588062
2022-02-14 10:10:00,42122.99,42180.08,42107.64,42180.08,48.0,42251.38022030038
2022-02-14 10:15:00,42180.07,42189.3,42100.27,42119.99,71.0,42251.17193824385
2022-02-14 10:20:00,42119.99,42200.0,42105.31,42186.77,80.0,42250.99424487264
2022-02-14 10:25:00,42186.78,42229.18,42148.68,42172.97,82.0,42250.85370392037
2022-02-14 10:30:00,42172.98,42190.53,42111.09,42128.86,62.0,42250.684666819034
2022-02-14 10:35:00,42128.86,42195.83,42103.76,42171.87,68.0,42250.5234304281
2022-02-14 10:40:00,42171.87,42179.24,42119.11,42137.79,51.0,42250.38766530791
2022-02-14 10:45:00,42137.78,42279.0,42120.02,42254.26,118.0,42250.29047827002
2022-02-14 10:50:00,42254.26,42276.42,42205.59,42210.0,138.0,42250.2223670331
2022-02-14 10:55:00,42210.01,42239.23,42200.2,42225.3,55.0,42250.1827892216
2022-02-14 11:00:00,42225.3,42249.54,42196.0,42236.78,63.0,42250.14685343567
2022-02-14 11:05:00,42236.79,42239.99,42176.92,42181.42,37.0,42250.09984455916
2022-02-14 11:10:00,42181.42,42238.05,42136.3,42136.31,57.0,42249.985916093254
2022-02-14 11:15:00,42136.3,42176.18,42121.21,42170.72,66.0,42249.83101987627
2022-02-14 11:20:00,42170.72,42209.26,42141.03,42187.96,45.0,42249.75195395416
2022-02-14 11:25:00,42187.96,42250.0,42172.45,42233.84,61.0,42249.70485761268
2022-02-14 11:30:00,42233.84,42240.82,42186.56,42188.41,64.0,42249.63410669719
2022-02-14 11:35:00,42188.41,42235.0,42169.2,42232.0,32.0,42249.60422679559
2022-02-14 11:40:00,42231.99,42270.0,42214.66,42252.96,67.0,42249.598024069484
2022-02-14 11:45:00,42252.97,42252.97,42070.01,42111.54,133.0,42249.25343382881
2022-02-14 11:50:00,42111.55,42180.0,42092.87,42138.07,51.0,42249.11199659126
2022-02-14 11:55:00,42138.08,42165.13,42100.0,42117.87,56.0,42248.94423787207
2022-02-14 12:00:00,42112.71,42149.77,42066.72,42096.0,82.0,42248.65198160276
2022-02-14 12:05:00,42096.0,42126.03,42055.5,42058.84,68.0,42248.37034119769
2022-02-14 12:10:00,42058.84,42072.38,41994.22,42007.61,107.0,42247.78380779634
2022-02-14 12:15:00,42007.6,42062.83,41961.13,42012.85,142.0,42246.966910444
2022-02-14 12:20:00,42012.85,42060.36,42000.01,42026.96,66.0,42246.61625671667
2022-02-14 12:25:00,42026.96,42100.0,42020.21,42099.99,46.0,42246.42215796612
2022-02-14 12:30:00,42100.0,42172.75,42074.6,42121.52,103.0,42246.11314922811
2022-02-14 12:35:00,42121.51,42308.0,42101.71,42287.78,313.0,42246.010369691576
2022-02-14 12:40:00,42287.8,42500.0,42274.04,42389.96,618.0,42248.09542592374
2022-02-14 12:45:00,42389.95,42515.53,42313.29,42339.54,425.0,42249.50867246924
2022-02-14 12:50:00,42339.54,42448.93,42316.78,42442.93,161.0,42250.08735081595
2022-02-14 12:55:00,42442.92,42591.49,42442.78,42535.39,427.0,42252.793454143284
2022-02-14 13:00:00,42535.39,42687.37,42531.42,42558.25,333.0,42255.39692216775
2022-02-14 13:05:00,42558.25,42634.37,42515.0,42563.98,140.0,42256.41137591519
2022-02-14 13:10:00,42563.99,42569.98,42448.97,42478.97,122.0,42257.0895903997
2022-02-14 13:15:00,42478.97,42546.85,42455.81,42486.77,102.0,42257.64713079881
2022-02-14 13:20:00,42486.77,42605.0,42472.26,42547.58,154.0,42258.64216584376
2022-02-14 13:25:00,42547.58,42627.25,42545.48,42620.39,165.0,42259.910371915204
2022-02-14 13:30:00,42620.4,42636.28,42492.52,42560.95,192.0,42261.22489384434
2022-02-14 13:35:00,42560.96,42577.07,42460.39,42496.55,165.0,42262.15287932961
2022-02-14 13:40:00,42496.55,42502.76,42380.93,42380.97,157.0,42262.71364546922
2022-02-14 13:45:00,42382.4,42456.35,42380.96,42414.39,97.0,42263.04876921931
2022-02-14 13:50:00,42414.39,42532.88,42410.41,42524.99,103.0,42263.568911171606
2022-02-14 13:55:00,42525.0,42556.58,42484.53,42491.0,95.0,42264.09153366131
2022-02-14 14:00:00,42490.99,42568.06,42467.73,42546.63,112.0,42264.74655223716
2022-02-14 14:05:00,42546.62,42589.21,42520.99,42537.5,69.0,42265.18175948919
2022-02-14 14:10:00,42537.5,42654.9,42530.22,42594.1,164.0,42266.36966746194
2022-02-14 14:15:00,42594.09,42626.94,42532.48,42591.37,111.0,42267.14562543615
2022-02-14 14:20:00,42591.37,42712.0,42584.86,42706.99,196.0,42268.86932609253
2022-02-14 14:25:00,42706.99,42724.12,42639.0,42653.84,222.0,42270.82504479916
2022-02-14 14:30:00,42653.83,42842.4,42519.44,42607.19,391.0,42274.08861219365
2022-02-14 14:35:00,42607.18,42711.0,42572.0,42576.99,223.0,42275.75066421036
2022-02-14 14:40:00,42577.0,42709.97,42555.54,42625.02,139.0,42276.808993197286
2022-02-14 14:45:00,42625.03,42646.01,42506.11,42613.4,164.0,42277.90327796093
2022-02-14 14:50:00,42613.4,42689.98,42604.8,42652.11,123.0,42278.87772950161
2022-02-14 14:55:00,42652.11,42652.56,42503.98,42519.99,148.0,42279.75960476748
2022-02-14 15:00:00,42519.99,42520.01,42400.74,42478.99,188.0,42280.504145803745
2022-02-14 15:05:00,42476.98,42552.96,42443.53,42536.95,123.0,42281.10396460589
2022-02-14 15:10:00,42536.95,42653.06,42529.78,42574.98,126.0,42281.91391231918
2022-02-14 15:15:00,42574.98,42592.42,42466.7,42509.78,147.0,42282.65882507516
2022-02-14 15:20:00,42509.79,42570.03,42430.12,42519.21,141.0,42283.320217354856
2022-02-14 15:25:00,42519.21,42519.52,42411.76,42462.51,143.0,42283.86192910232
2022-02-14 15:30:00,42462.52,42485.42,42350.0,42385.99,294.0,42284.61468156549
2022-02-14 15:35:00,42386.0,42471.11,42360.0,42466.41,210.0,42285.25693226076
2022-02-14 15:40:00,42466.41,42570.99,42429.42,42552.42,137.0,42285.91335099875
2022-02-14 15:45:00,42552.42,42640.6,42516.06,42594.37,171.0,42286.95963738485
2022-02-14 15:50:00,42594.38,42653.84,42555.03,42586.57,125.0,42287.757752681566
2022-02-14 15:55:00,42586.57,42649.47,42570.0,42584.97,191.0,42288.98110355717
2022-02-14 16:00:00,42584.97,42697.0,42550.0,42671.64,178.0,42290.25046766615
2022-02-14 16:05:00,42671.64,42697.0,42597.93,42671.65,111.0,42291.073395575404
2022-02-14 16:10:00,42671.64,42701.44,42600.67,42621.43,114.0,42291.88159565852
2022-02-14 16:15:00,42621.42,42777.74,42620.94,42739.07,166.0,42293.29101015809
2022-02-14 16:20:00,42739.08,42779.89,42685.0,42739.16,155.0,42294.66744733931
2022-02-14 16:25:00,42739.16,42812.37,42730.0,42741.42,280.0,42297.2811684172
2022-02-14 16:30:00,42741.42,42767.05,42670.43,42748.17,147.0,42298.545760259585
2022-02-14 16:35:00,42748.17,42818.35,42708.63,42731.92,168.0,42300.06350801856
2022-02-14 16:40:00,42731.93,42756.56,42684.81,42720.26,92.0,42300.831172408325
2022-02-14 16:45:00,42720.26,42770.0,42709.91,42769.21,86.0,42301.595927202616
2022-02-14 16:50:00,42769.21,42781.4,42645.01,42670.0,92.0,42302.318550919525
2022-02-14 16:55:00,42669.99,42700.0,42622.34,42651.0,120.0,42303.1600457684
2022-02-14 17:00:00,42651.0,42671.89,42612.03,42639.66,101.0,42303.832238913725
2022-02-14 17:05:00,42639.66,42685.1,42620.01,42654.7,89.0,42304.44348028041
2022-02-14 17:10:00,42654.69,42672.85,42600.0,42634.61,93.0,42305.04807519015
2022-02-14 17:15:00,42634.6,42696.89,42634.6,42657.22,54.0,42305.42678026667
2022-02-14 17:20:00,42657.22,42683.03,42615.44,42620.84,78.0,42305.937078107185
2022-02-14 17:25:00,42620.84,42699.0,42615.44,42697.74,58.0,42306.3506151581
2022-02-14 17:30:00,42697.74,42769.0,42566.26,42599.99,136.0,42307.24863753031
2022-02-14 17:35:00,42599.99,42600.0,42515.16,42558.11,112.0,42307.79437480956
2022-02-14 17:40:00,42558.12,42599.3,42552.01,42577.57,66.0,42308.13862430472
2022-02-14 17:45:00,42577.56,42645.5,42550.62,42601.29,55.0,42308.449205930316
2022-02-14 17:50:00,42601.28,42807.67,42545.46,42580.56,287.0,42310.31077706377
2022-02-14 17:55:00,42580.56,42600.0,42535.43,42570.0,66.0,42310.63917542002
2022-02-14 18:00:00,42570.01,42601.31,42512.07,42572.1,61.0,42310.93414398288
2022-02-14 18:05:00,42572.11,42642.59,42572.1,42591.44,88.0,42311.426468398895
2022-02-14 18:10:00,42591.44,42622.99,42552.25,42570.7,41.0,42311.63948222118
2022-02-14 18:15:00,42570.7,42653.1,42553.63,42625.6,72.0,42312.05250458642
2022-02-14 18:20:00,42625.61,42652.52,42436.08,42457.34,139.0,42312.592864437924
2022-02-14 18:25:00,42457.33,42517.47,42439.35,42497.79,110.0,42312.95454252235
2022-02-14 18:30:00,42497.8,42512.72,42412.7,42480.02,128.0,42313.33355513672
2022-02-14 18:35:00,42480.02,42514.3,42456.67,42477.99,40.0,42313.46265726862
2022-02-14 18:40:00,42477.99,42519.41,42460.0,42483.49,69.0,42313.690988859984
2022-02-14 18:45:00,42483.5,42508.4,42416.61,42452.27,81.0,42313.91441318564
2022-02-14 18:50:00,42452.28,42459.39,42269.0,42289.03,305.0,42314.0595272764
2022-02-14 18:55:00,42289.03,42344.9,42212.0,42233.91,227.0,42313.844420864174
2022-02-14 19:00:00,42233.91,42299.74,42127.93,42137.24,229.0,42313.30680685679
2022-02-14 19:05:00,42137.24,42180.34,41915.39,41999.36,445.0,42310.98268756183
2022-02-14 19:10:00,41999.36,42095.37,41945.8,42052.05,272.0,42309.57776904341
2022-02-14 19:15:00,42052.05,42069.81,41966.33,42043.58,194.0,42308.568265484995
2022-02-14 19:20:00,42043.58,42074.51,41827.85,41885.55,362.0,42306.06052263706
2022-02-14 19:25:00,41885.55,42108.38,41803.17,42000.23,416.0,42303.53071423393
2022-02-14 19:30:00,42000.24,42049.84,41882.45,42031.84,266.0,42302.01673907031
2022-02-14 19:35:00,42031.84,42244.2,42000.39,42193.4,531.0,42300.536303437526
2022-02-14 19:40:00,42193.4,42206.57,42092.01,42125.02,206.0,42299.95191619042
2022-02-14 19:45:00,42125.02,42161.94,41988.89,42020.23,162.0,42299.253253504714
2022-02-14 19:50:00,42020.24,42199.35,42009.83,42076.12,237.0,42298.39789302172
2022-02-14 19:55:00,42080.45,42150.0,42050.7,42119.31,118.0,42297.998769964484
2022-02-14 20:00:00,42119.31,42200.0,42081.37,42147.27,128.0,42297.64928037504
2022-02-14 20:05:00,42147.27,42147.27,41933.95,42103.34,292.0,42296.44183869198
2022-02-14 20:10:00,42103.34,42149.0,42050.56,42146.91,76.0,42296.20132907776
2022-02-14 20:15:00,42148.08,42149.48,42047.57,42056.6,71.0,42295.93884904485
2022-02-14 20:20:00,42056.61,42211.08,42020.0,42157.46,103.0,42295.63997140566
2022-02-14 20:25:00,42157.46,42175.18,42113.93,42133.72,57.0,42295.4863822264
2022-02-14 20:30:00,42133.72,42300.0,42117.01,42275.55,111.0,42295.361660060495
2022-02-14 20:35:00,42275.56,42308.72,42225.43,42267.55,145.0,42295.2909331738
2022-02-14 20:40:00,42267.56,42279.99,42173.91,42249.24,122.0,42295.162342371965
2022-02-14 20:45:00,42249.24,42296.59,42167.46,42282.11,83.0,42295.09573478252
2022-02-14 20:50:00,42282.11,42288.83,42190.0,42229.27,95.0,42294.99893956907
2022-02-14 20:55:00,42229.26,42253.39,42147.04,42180.5,135.0,42294.76343981275
2022-02-14 21:00:00,42180.51,42230.7,42140.27,42216.0,59.0,42294.66290337741
2022-02-14 21:05:00,42215.99,42229.5,42151.64,42220.24,52.0,42294.57875463099
2022-02-14 21:10:00,42220.24,42234.92,42202.94,42232.4,14.0,42294.56164534209
2022-02-14 21:15:00,42232.39,42240.91,42200.0,42224.76,35.0,42294.517988969375
2022-02-14 21:20:00,42224.76,42226.64,42165.0,42172.01,69.0,42294.39185035973
2022-02-14 21:25:00,42172.0,42172.02,42131.61,42136.05,24.0,42294.33105069546
2022-02-14 21:30:00,42136.05,42168.56,42133.0,42139.92,23.0,42294.273067651055
2022-02-14 21:35:00,42139.93,42179.99,42132.53,42169.94,41.0,42294.179406756935
2022-02-14 21:40:00,42169.93,42188.49,42160.09,42167.88,18.0,42294.14181979454
2022-02-14 21:45:00,42167.89,42230.11,42100.0,42214.6,62.0,42294.02251086914
2022-02-14 21:50:00,42214.6,42282.1,42161.85,42278.99,187.0,42293.85349356463
2022-02-14 21:55:00,42278.98,42279.0,42223.64,42234.5,39.0,42293.82152308785
2022-02-14 22:00:00,42234.51,42279.8,42220.4,42279.72,47.0,42293.7944546723
2022-02-14 22:05:00,42279.73,42340.62,42270.75,42333.18,152.0,42293.84876943182
2022-02-14 22:10:00,42333.33,42650.0,42333.18,42591.98,321.0,42295.101477086675
2022-02-14 22:15:00,42591.97,42726.01,42558.24,42700.13,169.0,42296.14356464806
2022-02-14 22:20:00,42700.13,42707.93,42637.43,42691.22,119.0,42296.9085732283
2022-02-14 22:25:00,42691.21,42750.0,42667.16,42732.28,100.0,42297.612162561
2022-02-14 22:30:00,42732.28,42733.35,42655.19,42665.58,38.0,42297.858674118645
2022-02-14 22:35:00,42665.59,42665.59,42601.01,42607.01,38.0,42298.066578516926
2022-02-14 22:40:00,42607.02,42680.16,42595.5,42638.01,86.0,42298.55532865068
2022-02-14 22:45:00,42638.0,42638.01,42548.87,42582.36,71.0,42298.90067634384
2022-02-14 22:50:00,42582.36,42686.16,42575.0,42623.3,44.0,42299.1424910143
2022-02-14 22:55:00,42623.29,42683.64,42623.29,42678.07,30.0,42299.32393454566
2022-02-14 23:00:00,42678.07,42780.0,42604.99,42756.63,146.0,42300.331227629285
2022-02-14 23:05:00,42756.64,42798.29,42750.39,42773.59,74.0,42300.913976119235
2022-02-14 23:10:00,42773.59,42800.0,42708.57,42717.09,86.0,42301.54345610774
2022-02-14 23:15:00,42717.1,42760.2,42677.89,42681.0,33.0,42301.76507650536
2022-02-14 23:20:00,42681.01,42738.84,42677.9,42690.28,55.0,42302.13023745594
2022-02-14 23:25:00,42690.28,42715.82,42674.94,42683.84,24.0,42302.285074831285
2022-02-14 23:30:00,42683.85,42683.85,42640.92,42640.92,31.0,42302.46625505749
2022-02-14 23:35:00,42640.93,42648.19,42613.07,42636.81,54.0,42302.76127817393
2022-02-14 23:40:00,42636.82,42642.13,42615.8,42635.68,32.0,42302.93507140692
2022-02-14 23:45:00,42635.68,42660.34,42537.06,42569.09,107.0,42303.44001936769
2022-02-14 23:50:00,42569.09,42597.33,42556.91,42577.47,30.0,42303.57553542753
2022-02-14 23:55:00,42577.47,42577.48,42529.51,42535.94,54.0,42303.79278497566
2022-02-15 00:00:00,42535.94,42601.77,42535.0,42581.58,140.0,42304.41210998914
2022-02-15 00:05:00,42581.58,42668.43,42568.0,42653.62,78.0,42304.829250049275
2022-02-15 00:10:00,42653.63,42654.83,42556.6,42567.78,68.0,42305.15082064576
2022-02-15 00:15:00,42567.77,42609.14,42506.07,42540.7,132.0,42305.68418669373
2022-02-15 00:20:00,42540.7,42597.67,42530.91,42589.07,37.0,42305.845735671865
2022-02-15 00:25:00,42589.07,42604.65,42554.3,42555.9,44.0,42306.036922150466
2022-02-15 00:30:00,42555.89,42555.9,42427.03,42488.78,119.0,42306.39524465331
2022-02-15 00:35:00,42488.78,42499.98,42465.99,42485.99,43.0,42306.5197645409
2022-02-15 00:40:00,42485.98,42517.99,42457.34,42469.1,82.0,42306.75338609433
2022-02-15 00:45:00,42468.79,42525.39,42467.35,42483.85,41.0,42306.87711554109
2022-02-15 00:50:00,42483.85,42521.35,42450.0,42514.61,23.0,42306.94762106941
2022-02-15 00:55:00,42514.62,42586.73,42498.54,42576.18,62.0,42307.19635562417
2022-02-15 01:00:00,42576.18,42599.98,42553.55,42570.72,63.0,42307.46999891772
2022-02-15 01:05:00,42570.72,42599.72,42555.0,42555.0,47.0,42307.67008851759
2022-02-15 01:10:00,42555.01,42563.19,42518.1,42539.85,54.0,42307.87376013657
2022-02-15 01:15:00,42539.84,42637.18,42539.84,42600.01,73.0,42308.209936378946
2022-02-15 01:20:00,42600.0,42694.46,42579.33,42694.46,109.0,42308.82269635807
2022-02-15 01:25:00,42694.46,42795.25,42684.42,42745.69,167.0,42309.98800358862
2022-02-15 01:30:00,42745.69,43151.0,42745.69,43145.82,546.0,42316.13049919588
2022-02-15 01:35:00,43145.82,43700.0,43140.99,43427.77,1486.0,42341.79668518519
2022-02-15 01:40:00,43427.75,43499.98,43350.0,43472.49,346.0,42347.699010647884
2022-02-15 01:45:00,43472.49,43552.54,43388.48,43500.0,188.0,42350.994527192255
2022-02-15 01:50:00,43499.99,43516.86,43428.58,43438.66,150.0,42353.56626181213
2022-02-15 01:55:00,43438.65,43472.7,43396.19,43465.96,189.0,42356.74196619095
2022-02-15 02:00:00,43465.97,43607.61,43400.0,43537.63,282.0,42361.74926787768
2022-02-15 02:05:00,43537.63,43659.49,43500.0,43502.59,283.0,42366.899219095016
2022-02-15 02:10:00,43502.58,43503.56,43400.0,43400.0,105.0,42368.60746440527
2022-02-15 02:15:00,43400.01,43466.98,43389.75,43408.62,136.0,42370.78559847322
2022-02-15 02:20:00,43408.62,43476.09,43407.72,43464.16,119.0,42372.73383597964
2022-02-15 02:25:00,43464.16,43507.75,43391.31,43439.42,99.0,42374.344536530414
2022-02-15 02:30:00,43439.43,43491.08,43409.62,43487.17,94.0,42375.89284375899
2022-02-15 02:35:00,43487.16,43560.9,43458.71,43530.87,148.0,42378.44284007108
2022-02-15 02:40:00,43530.86,43616.81,43530.86,43603.58,127.0,42380.75004788031
2022-02-15 02:45:00,43603.57,43639.15,43582.9,43639.15,81.0,42382.26165680623
2022-02-15 02:50:00,43639.14,43685.7,43515.11,43556.27,180.0,42385.51383303058
2022-02-15 02:55:00,43556.27,43602.04,43503.77,43569.79,261.0,42390.09237717096
2022-02-15 03:00:00,43569.78,43585.44,43526.83,43527.5,133.0,42392.388076993884
2022-02-15 03:05:00,43527.25,43555.05,43501.0,43547.99,84.0,42393.81838960523
2022-02-15 03:10:00,43547.99,43600.0,43538.01,43587.51,63.0,42394.92676753838
2022-02-15 03:15:00,43587.5,43640.8,43578.19,43595.42,123.0,42397.138936490715
2022-02-15 03:20:00,43595.42,43606.47,43563.47,43565.8,67.0,42398.31444736504
2022-02-15 03:25:00,43565.16,43637.72,43562.76,43635.01,87.0,42399.88027388457
2022-02-15 03:30:00,43635.01,43658.55,43616.85,43617.65,84.0,42401.41215047871
2022-02-15 03:35:00,43617.66,43620.42,43556.75,43610.95,58.0,42402.43762763875
2022-02-15 03:40:00,43610.96,43663.77,43610.95,43626.08,100.0,42404.257070457796
2022-02-15 03:45:00,43626.08,43626.96,43588.01,43601.19,63.0,42405.37431783062
2022-02-15 03:50:00,43601.18,43603.85,43573.08,43581.1,183.0,42408.55568708005
2022-02-15 03:55:00,43581.11,43602.34,43536.31,43567.76,95.0,42410.17643061602
2022-02-15 04:00:00,43567.75,43781.97,43546.25,43720.36,602.0,42421.343250449405
2022-02-15 04:05:00,43720.35,43720.36,43555.56,43568.37,107.0,42423.20153804736
2022-02-15 04:10:00,43573.28,43574.66,43506.34,43526.76,138.0,42425.431661462506
2022-02-15 04:15:00,43526.77,43557.99,43524.01,43525.0,38.0,42426.04404487153
2022-02-15 04:20:00,43525.0,43575.89,43500.86,43565.39,93.0,42427.55571744027
2022-02-15 04:25:00,43565.4,43578.97,43542.93,43545.54,56.0,42428.470847744866
2022-02-15 04:30:00,43545.55,43574.9,43504.92,43515.04,41.0,42429.12555462272
2022-02-15 04:35:00,43515.03,43529.33,43473.9,43485.55,78.0,42430.329072309556
2022-02-15 04:40:00,43485.55,43549.25,43485.54,43516.12,68.0,42431.396422453035
2022-02-15 04:45:00,43516.11,43542.99,43504.54,43509.83,45.0,42432.103001559044
2022-02-15 04:50:00,43509.83,43527.42,43463.57,43475.86,106.0,42433.717671230916
2022-02-15 04:55:00,43475.86,43511.67,43459.41,43468.94,73.0,42434.81739473699
2022-02-15 05:00:00,43468.93,43513.18,43450.0,43477.01,79.0,42436.00496922283
2022-02-15 05:05:00,43477.0,43479.69,43397.1,43465.7,144.0,42438.09542798096
2022-02-15 05:10:00,43468.37,43490.23,43459.11,43483.59,42.0,42438.721679623646
2022-02-15 05:15:00,43483.59,43552.28,43483.58,43523.49,140.0,42440.88819786807
2022-02-15 05:20:00,43523.5,43553.18,43520.0,43533.44,42.0,42441.54592856463
2022-02-15 05:25:00,43533.43,43582.58,43530.99,43575.54,60.0,42442.5077559558
2022-02-15 05:30:00,43575.55,43577.61,43550.0,43558.93,68.0,42443.59500266561
2022-02-15 05:35:00,43558.94,43579.99,43556.16,43575.75,50.0,42444.39913401258
2022-02-15 05:40:00,43575.75,43578.85,43555.0,43555.84,34.0,42444.94169804504
2022-02-15 05:45:00,43555.84,43620.44,43555.84,43609.74,56.0,42445.859813210205
2022-02-15 05:50:00,43609.74,43626.48,43574.96,43588.65,51.0,42446.69566503844
2022-02-15 05:55:00,43588.64,43605.65,43566.97,43573.44,57.0,42447.61651265487
2022-02-15 06:00:00,43573.45,43578.01,43544.78,43575.78,119.0,42449.50741747758
2022-02-15 06:05:00,43575.78,43631.44,43565.13,43609.98,60.0,42450.48904482768
2022-02-15 06:10:00,43609.98,43698.82,43608.2,43644.61,178.0,42453.51326386628
2022-02-15 06:15:00,43644.61,43650.57,43621.13,43643.08,60.0,42454.51880619959
2022-02-15 06:20:00,43643.08,43650.46,43579.13,43579.14,89.0,42455.962772409184
2022-02-15 06:25:00,43579.13,43640.29,43575.0,43621.37,61.0,42456.958378056646
2022-02-15 06:30:00,43621.36,43631.77,43594.04,43621.43,40.0,42457.61229410908
2022-02-15 06:35:00,43621.42,43663.65,43605.08,43605.09,35.0,42458.18823819999
2022-02-15 06:40:00,43605.08,43630.17,43586.31,43598.02,46.0,42458.93151189336
2022-02-15 06:45:00,43598.01,43615.0,43577.73,43577.76,78.0,42460.173538892486
2022-02-15 06:50:00,43577.75,43622.57,43577.75,43615.99,42.0,42460.85021791121
2022-02-15 06:55:00,43615.98,43620.0,43521.75,43544.44,115.0,42462.62888767165
2022-02-15 07:00:00,43544.45,43585.39,43529.53,43552.02,79.0,42463.840319032526
2022-02-15 07:05:00,43552.03,43619.69,43550.04,43602.37,77.0,42465.056326256046
2022-02-15 07:10:00,43602.84,43607.39,43563.01,43582.88,63.0,42466.043757036045
2022-02-15 07:15:00,43582.88,43619.98,43527.26,43599.6,67.0,42467.0899601315
2022-02-15 07:20:00,43599.6,43601.24,43562.99,43576.11,51.0,42467.88346538807
2022-02-15 07:25:00,43576.1,43619.52,43576.1,43617.02,72.0,42469.026015808304
2022-02-15 07:30:00,43617.01,43653.84,43550.44,43581.13,167.0,42471.646154835726
2022-02-15 07:35:00,43581.13,43695.52,43576.44,43674.6,99.0,42473.26765232677
2022-02-15 07:40:00,43674.61,43713.75,43625.78,43713.74,84.0,42474.68149202777
2022-02-15 07:45:00,43713.75,43723.75,43655.99,43720.0,110.0,42476.5516077871
2022-02-15 07:50:00,43720.0,43777.0,43670.0,43717.14,159.0,42479.29196408547
2022-02-15 07:55:00,43717.14,43737.66,43672.95,43691.57,83.0,42480.69397045131
2022-02-15 08:00:00,43691.57,43794.71,43612.68,43612.68,234.0,42484.54105733534
2022-02-15 08:05:00,43612.69,43826.0,43608.67,43805.4,280.0,42489.39387651508
2022-02-15 08:10:00,43808.3,43880.0,43752.65,43785.61,352.0,42495.72759060349
2022-02-15 08:15:00,43785.61,43833.03,43734.03,43813.63,127.0,42497.97613622
2022-02-15 08:20:00,43813.63,43869.81,43780.11,43865.75,291.0,42503.27696148238
2022-02-15 08:25:00,43865.76,43869.8,43799.1,43859.99,278.0,42508.318557911
2022-02-15 08:30:00,43859.99,43948.21,43855.83,43916.5,293.0,42513.84365378999
2022-02-15 08:35:00,43916.49,44062.99,43905.1,44033.56,642.0,42526.60269337541
2022-02-15 08:40:00,44033.56,44198.99,43953.15,43970.38,926.0,42545.117525033136
2022-02-15 08:45:00,43970.38,43998.18,43883.01,43925.32,241.0,42549.528020463156
2022-02-15 08:50:00,43925.33,43954.14,43902.73,43920.01,109.0,42551.499482582636
2022-02-15 08:55:00,43920.0,43998.62,43920.0,43987.97,92.0,42553.21129714475
2022-02-15 09:00:00,43987.97,44068.64,43960.32,43970.92,284.0,42558.58511359031
2022-02-15 09:05:00,43970.91,43972.26,43859.13,43911.27,184.0,42561.839641976454
2022-02-15 09:10:00,43911.28,43942.95,43868.08,43894.2,156.0,42564.561356788516
2022-02-15 09:15:00,43894.2,43983.73,43869.45,43961.77,169.0,42567.577735639075
2022-02-15 09:20:00,43961.77,43969.39,43900.0,43916.18,84.0,42569.06140160759
2022-02-15 09:25:00,43916.18,43931.58,43829.88,43869.42,146.0,42571.53495267582
2022-02-15 09:30:00,43869.43,43926.62,43857.1,43905.8,97.0,42573.19770261122
2022-02-15 09:35:00,43905.8,43956.7,43881.92,43938.63,95.0,42574.858026532296
2022-02-15 09:40:00,43938.63,44010.3,43938.63,43994.01,161.0,42577.77721052385
2022-02-15 09:45:00,43996.57,44089.96,43964.78,44017.72,209.0,42581.66471836421
2022-02-15 09:50:00,44017.72,44117.07,44001.85,44007.22,187.0,42585.1682710902
2022-02-15 09:55:00,44008.17,44085.74,44007.21,44056.02,101.0,42587.06342955618
2022-02-15 10:00:00,44056.01,44094.43,43975.93,43977.65,131.0,42589.45782098348
2022-02-15 10:05:00,43977.64,44022.33,43966.81,43992.85,84.0,42590.965318307084
2022-02-15 10:10:00,43992.85,44020.0,43987.29,43992.65,58.0,42592.00875303772
2022-02-15 10:15:00,43992.65,44117.98,43992.65,44107.42,118.0,42594.236211323456
2022-02-15 10:20:00,44107.41,44183.53,44104.14,44151.94,269.0,42599.54150204978
2022-02-15 10:25:00,44151.93,44220.34,44112.59,44160.32,174.0,42602.99334503859
2022-02-15 10:30:00,44160.33,44194.46,44133.25,44190.0,129.0,42605.55596781884
2022-02-15 10:35:00,44190.0,44271.41,44140.01,44194.64,248.0,42610.55127535465
2022-02-15 10:40:00,44194.64,44300.36,44170.0,44212.69,220.0,42615.02754018883
2022-02-15 10:45:00,44212.69,44256.0,44193.73,44221.4,183.0,42618.72301469543
2022-02-15 10:50:00,44221.41,44295.63,44165.0,44167.21,171.0,42622.12994221271
2022-02-15 10:55:00,44167.21,44371.71,44163.53,44270.01,357.0,42629.45908999461
2022-02-15 11:00:00,44270.01,44346.93,44250.64,44321.23,111.0,42631.77693959811
2022-02-15 11:05:00,44321.23,44326.3,44230.68,44232.42,111.0,42634.02884925966
2022-02-15 11:10:00,44232.42,44232.56,44163.78,44226.35,125.0,42636.471103261036
2022-02-15 11:15:00,44226.35,44257.8,44181.99,44207.75,97.0,42638.37103913983
2022-02-15 11:20:00,44207.75,44238.26,44177.48,44181.71,75.0,42639.82141545554
2022-02-15 11:25:00,44181.7,44204.55,44111.11,44139.38,96.0,42641.617571932446
2022-02-15 11:30:00,44139.38,44194.78,44132.09,44163.72,112.0,42643.72410321689
2022-02-15 11:35:00,44163.73,44248.0,44150.0,44235.3,95.0,42645.562111292165
2022-02-15 11:40:00,44235.29,44339.0,44217.18,44311.39,146.0,42648.51893220632
2022-02-15 11:45:00,44311.39,44425.85,44272.7,44356.56,246.0,42653.665895042024
2022-02-15 11:50:00,44356.55,44392.17,44280.17,44320.66,158.0,42656.915187464765
2022-02-15 11:55:00,44320.66,44342.38,44232.34,44233.6,103.0,42658.9489847548
2022-02-15 12:00:00,44233.6,44272.08,44187.68,44196.67,183.0,42662.4366028492
2022-02-15 12:05:00,44196.68,44325.81,44193.47,44301.24,87.0,42664.14726490512
2022-02-15 12:10:00,44301.24,44349.67,44285.65,44312.56,100.0,42666.16081123912
2022-02-15 12:15:00,44312.57,44312.57,44266.1,44288.2,59.0,42667.32709568707
2022-02-15 12:20:00,44288.2,44293.36,44223.96,44238.41,68.0,42668.63854912653
2022-02-15 12:25:00,44238.42,44273.74,44144.45,44245.12,206.0,42672.52121891998
2022-02-15 12:30:00,44245.12,44280.0,44238.98,44262.22,82.0,42674.10043129171
2022-02-15 12:35:00,44262.23,44297.92,44167.68,44203.5,130.0,42676.53880955843
2022-02-15 12:40:00,44203.49,44224.75,44129.49,44168.18,185.0,42679.886314182746
2022-02-15 12:45:00,44168.17,44212.69,44155.08,44205.4,63.0,42681.035729020805
2022-02-15 12:50:00,44205.4,44246.0,44182.99,44230.0,79.0,42682.501848657754
2022-02-15 12:55:00,44230.01,44238.09,44150.0,44182.61,128.0,42684.82604484055
2022-02-15 13:00:00,44182.6,44220.68,44178.49,44211.64,77.0,42686.233132279354
2022-02-15 13:05:00,44211.64,44219.57,44180.0,44208.34,93.0,42687.92804879516
2022-02-15 13:10:00,44208.34,44300.0,44208.34,44277.71,87.0,42689.57221281758
2022-02-15 13:15:00,44277.72,44305.66,44234.7,44253.01,100.0,42691.46074463579
2022-02-15 13:20:00,44253.01,44253.01,44133.94,44152.61,132.0,42693.81297658958
2022-02-15 13:25:00,44152.61,44162.35,44105.85,44159.38,108.0,42695.68380448474
2022-02-15 13:30:00,44159.38,44277.76,44024.03,44146.71,366.0,42702.018440161286
2022-02-15 13:35:00,44146.7,44166.0,44098.12,44104.99,118.0,42704.011879586935
2022-02-15 13:40:00,44104.99,44220.68,44070.0,44191.35,127.0,42706.207865341945
2022-02-15 13:45:00,44191.34,44290.89,44190.0,44282.69,138.0,42708.74004669299
2022-02-15 13:50:00,44282.7,44297.45,44238.83,44238.83,98.0,42710.537697415944
2022-02-15 13:55:00,44238.83,44296.59,44199.23,44240.69,133.0,42712.95048082228
2022-02-15 14:00:00,44240.69,44295.84,44220.67,44263.65,83.0,42714.466621524305
2022-02-15 14:05:00,44263.65,44416.34,44261.52,44365.11,331.0,42720.824510933926
2022-02-15 14:10:00,44365.12,44406.61,44320.78,44339.12,140.0,42723.51167523817
2022-02-15 14:15:00,44339.12,44410.0,44301.92,44410.0,141.0,42726.239647078604
2022-02-15 14:20:00,44410.0,44444.16,44372.09,44394.99,224.0,42730.63292638538
2022-02-15 14:25:00,44395.0,44395.0,44242.24,44253.38,169.0,42733.72154515754
2022-02-15 14:30:00,44253.37,44408.35,44200.58,44401.48,358.0,42740.39034155261
2022-02-15 14:35:00,44401.47,44500.0,44343.12,44420.12,300.0,42746.22890772521
2022-02-15 14:40:00,44420.12,44477.2,44339.91,44361.76,175.0,42749.55916736968
2022-02-15 14:45:00,44361.76,44450.0,44289.59,44290.54,167.0,42752.62915032681
2022-02-15 14:50:00,44289.59,44324.95,44248.75,44303.69,202.0,42756.208429341874
2022-02-15 14:55:00,44303.68,44320.0,44235.87,44249.99,100.0,42757.94679348368
2022-02-15 15:00:00,44250.0,44285.42,44210.01,44220.92,119.0,42759.96949235355
2022-02-15 15:05:00,44220.91,44259.95,44200.0,44239.44,85.0,42761.40538716756
2022-02-15 15:10:00,44239.43,44259.78,44172.44,44192.22,122.0,42763.42653085686
2022-02-15 15:15:00,44192.23,44222.16,44132.48,44132.49,214.0,42766.84632168941
2022-02-15 15:20:00,44132.81,44209.01,44109.02,44148.8,360.0,42772.533961608766
2022-02-15 15:25:00,44148.8,44238.88,44112.84,44229.58,171.0,42775.293386092606
2022-02-15 15:30:00,44229.58,44250.0,44181.5,44186.65,139.0,42777.54789987001
2022-02-15 15:35:00,44186.64,44216.72,44136.92,44173.55,103.0,42779.178571401615
2022-02-15 15:40:00,44173.54,44250.0,44168.58,44226.46,92.0,42780.67276075424
2022-02-15 15:45:00,44226.46,44297.87,44226.45,44284.93,187.0,42783.81583414227
2022-02-15 15:50:00,44284.93,44284.94,44192.62,44213.46,76.0,42785.05566538852
2022-02-15 15:55:00,44213.47,44249.99,44187.11,44198.96,66.0,42786.117011923016
2022-02-15 16:00:00,44198.97,44235.2,44126.07,44211.72,237.0,42789.859231227456
2022-02-15 16:05:00,44211.72,44225.0,44151.18,44220.21,77.0,42791.07751514131
2022-02-15 16:10:00,44220.2,44259.37,44170.46,44222.76,122.0,42793.02910536193
2022-02-15 16:15:00,44222.76,44225.77,44185.43,44197.79,74.0,42794.19820649292
2022-02-15 16:20:00,44197.79,44219.18,44100.0,44103.96,91.0,42795.57012641273
2022-02-15 16:25:00,44103.96,44124.98,44042.58,44088.98,273.0,42799.499983521186
2022-02-15 16:30:00,44088.98,44145.56,44088.98,44131.01,118.0,42801.238986975455
2022-02-15 16:35:00,44131.98,44149.59,44077.69,44116.13,92.0,42802.58409110815
2022-02-15 16:40:00,44116.12,44130.62,44063.58,44072.89,123.0,42804.34334804636
2022-02-15 16:45:00,44072.88,44104.0,44011.0,44052.77,113.0,42805.913799080576
2022-02-15 16:50:00,44052.77,44107.6,44046.9,44096.65,121.0,42807.62836207311
2022-02-15 16:55:00,44096.65,44141.67,44060.0,44123.18,87.0,42808.88198458596
2022-02-15 17:00:00,44120.0,44142.85,44066.37,44074.62,74.0,42809.93518611585
2022-02-15 17:05:00,44074.62,44107.94,44061.96,44085.46,54.0,42810.69697897307
2022-02-15 17:10:00,44085.46,44156.43,44082.42,44118.01,62.0,42811.59369878613
2022-02-15 17:15:00,44118.01,44118.01,43912.92,43932.44,328.0,42815.84335606178
2022-02-15 17:20:00,43932.44,43965.99,43900.0,43925.33,163.0,42817.84103875969
2022-02-15 17:25:00,43925.32,43934.89,43846.07,43873.01,235.0,42820.59056357388
2022-02-15 17:30:00,43873.01,43930.01,43857.88,43908.09,133.0,42822.16080258744
2022-02-15 17:35:00,43908.09,44037.19,43905.53,43972.74,250.0,42825.299786667834
2022-02-15 17:40:00,43972.75,44003.68,43947.14,43977.68,66.0,42826.1287514506
2022-02-15 17:45:00,43977.68,43996.43,43880.19,43902.64,96.0,42827.28032364859
2022-02-15 17:50:00,43902.64,43975.98,43883.57,43891.2,119.0,42828.692138517494
2022-02-15 17:55:00,43895.85,43943.86,43880.0,43925.0,86.0,42829.70957710577
2022-02-15 18:00:00,43924.99,43977.91,43870.13,43914.88,120.0,42831.13219145392
2022-02-15 18:05:00,43914.88,43969.78,43914.88,43967.35,72.0,42832.00719115231
2022-02-15 18:10:00,43967.34,43967.35,43925.3,43949.87,54.0,42832.66069067147
2022-02-15 18:15:00,43949.87,43969.77,43930.02,43933.21,39.0,42833.130844475774
2022-02-15 18:20:00,43933.22,44112.74,43933.21,44093.91,186.0,42835.57355594998
2022-02-15 18:25:00,44093.9,44178.51,44076.82,44149.29,208.0,42838.49178585955
2022-02-15 18:30:00,44149.28,44199.79,44080.85,44094.64,93.0,42839.78252331845
2022-02-15 18:35:00,44094.65,44120.0,44025.38,44096.4,99.0,42841.10621886259
2022-02-15 18:40:00,44096.4,44134.64,44090.89,44110.01,37.0,42841.61266446211
2022-02-15 18:45:00,44110.01,44150.0,44093.68,44139.56,55.0,42842.3741574715
2022-02-15 18:50:00,44139.55,44150.0,44091.18,44118.77,32.0,42842.81411973814
2022-02-15 18:55:00,44118.76,44140.5,44099.27,44128.64,28.0,42843.19968769163
2022-02-15 19:00:00,44128.63,44131.0,44065.82,44080.06,46.0,42843.817525600636
2022-02-15 19:05:00,44080.06,44085.97,44026.05,44060.4,71.0,42844.74338315247
2022-02-15 19:10:00,44060.4,44080.43,44040.0,44078.07,38.0,42845.24188043276
2022-02-15 19:15:00,44078.07,44111.66,44015.6,44097.67,86.0,42846.37668730462
2022-02-15 19:20:00,44099.28,44124.73,44014.85,44026.86,40.0,42846.89542652537
2022-02-15 19:25:00,44026.86,44069.07,44016.68,44056.0,41.0,42847.42305490932
2022-02-15 19:30:00,44055.99,44070.85,43991.0,44028.58,67.0,42848.27200027855
2022-02-15 19:35:00,44028.58,44071.0,44013.49,44049.24,53.0,42848.95088188162
2022-02-15 19:40:00,44049.24,44064.0,43963.73,44038.09,69.0,42849.816843633205
2022-02-15 19:45:00,44038.09,44074.0,44030.95,44065.12,32.0,42850.229908801804
2022-02-15 19:50:00,44065.11,44070.0,43970.37,43998.27,85.0,42851.285948572186
2022-02-15 19:55:00,43998.27,44024.99,43961.59,43993.95,48.0,42851.871523068
2022-02-15 20:00:00,43993.94,44017.53,43961.88,44015.04,67.0,42852.69120222138
2022-02-15 20:05:00,44015.04,44039.3,43980.83,44035.49,111.0,42854.070728446
2022-02-15 20:10:00,44035.49,44074.7,44013.1,44063.97,44.0,42854.63169048102
2022-02-15 20:15:00,44064.51,44117.38,44037.1,44108.01,83.0,42855.7210488925
2022-02-15 20:20:00,44108.02,44145.81,44074.23,44138.46,88.0,42856.90388426823
2022-02-15 20:25:00,44138.46,44150.0,44115.0,44144.27,50.0,42857.5839588117
2022-02-15 20:30:00,44144.27,44169.63,44076.66,44090.64,84.0,42858.703345653325
2022-02-15 20:35:00,44090.65,44120.0,44023.33,44080.0,125.0,42860.31520274499
2022-02-15 20:40:00,44077.37,44127.75,44029.99,44118.08,94.0,42861.54193366888
2022-02-15 20:45:00,44120.1,44121.68,44038.76,44057.35,111.0,42862.96465317614
2022-02-15 20:50:00,44057.35,44164.99,44056.67,44114.1,158.0,42865.04967647184
2022-02-15 20:55:00,44114.11,44148.52,44066.0,44140.76,72.0,42866.00245259513
2022-02-15 21:00:00,44140.76,44162.42,44116.12,44148.23,60.0,42866.810412973755
2022-02-15 21:05:00,44148.24,44154.15,44065.95,44068.15,43.0,42867.367882843464
2022-02-15 21:10:00,44068.15,44134.14,44055.0,44118.05,35.0,42867.82359380382
2022-02-15 21:15:00,44118.05,44140.0,44081.83,44084.03,46.0,42868.42180210749
2022-02-15 21:20:00,44084.04,44084.04,44000.37,44007.97,68.0,42869.2540957656
2022-02-15 21:25:00,44007.97,44039.31,44003.84,44012.97,46.0,42869.81059079014
2022-02-15 21:30:00,44012.97,44038.02,43967.24,43977.15,49.0,42870.39012202435
2022-02-15 21:35:00,43977.14,43977.15,43944.46,43951.45,72.0,42871.21300898724
2022-02-15 21:40:00,43951.44,43972.3,43941.28,43955.21,39.0,42871.65763632926
2022-02-15 21:45:00,43955.21,43990.01,43950.31,43986.69,47.0,42872.20256424529
2022-02-15 21:50:00,43986.69,44000.0,43986.25,43999.99,68.0,42873.00410830912
2022-02-15 21:55:00,43999.99,44000.0,43965.45,43969.02,54.0,42873.63004034557
2022-02-15 22:00:00,43969.03,44000.0,43966.5,43996.38,42.0,42874.120556237016
2022-02-15 22:05:00,43997.48,44045.61,43996.38,44033.21,205.0,42876.58884740385
2022-02-15 22:10:00,44033.99,44107.56,44029.0,44103.6,58.0,42877.31861635023
2022-02-15 22:15:00,44103.6,44103.6,44043.41,44063.78,49.0,42877.929443138244
2022-02-15 22:20:00,44063.78,44085.6,44039.01,44085.6,46.0,42878.502210501036
2022-02-15 22:25:00,44085.59,44189.49,44080.84,44180.97,142.0,42880.385865081436
2022-02-15 22:30:00,44180.95,44350.0,44180.95,44276.91,209.0,42883.40666000653
2022-02-15 22:35:00,44276.92,44377.92,44228.63,44332.88,110.0,42885.04142606683
2022-02-15 22:40:00,44332.87,44334.85,44166.05,44236.37,113.0,42886.63782983967
2022-02-15 22:45:00,44236.36,44291.31,44190.67,44225.85,103.0,42888.07921613774
2022-02-15 22:50:00,44225.85,44228.8,44174.85,44216.04,44.0,42888.680614598896
2022-02-15 22:55:00,44216.04,44217.83,44139.46,44169.17,56.0,42889.427207418164
2022-02-15 23:00:00,44169.18,44210.63,44144.01,44155.04,43.0,42889.997405562535
2022-02-15 23:05:00,44155.03,44170.0,44131.95,44142.95,44.0,42890.57050393175
2022-02-15 23:10:00,44142.95,44201.27,44103.71,44164.83,131.0,42892.28493156775
2022-02-15 23:15:00,44164.84,44234.3,44140.16,44212.7,61.0,42893.10631959009
2022-02-15 23:20:00,44212.7,44285.0,44198.73,44268.65,61.0,42893.96135683807
2022-02-15 23:25:00,44265.32,44377.0,44257.83,44334.77,99.0,42895.420681147036
2022-02-15 23:30:00,44334.77,44390.69,44305.17,44354.47,142.0,42897.54801128037
2022-02-15 23:35:00,44354.47,44698.0,44324.11,44611.21,621.0,42908.013617029275
2022-02-15 23:40:00,44611.2,44737.59,44570.81,44689.99,426.0,42915.64451708985
2022-02-15 23:45:00,44689.99,44751.4,44615.98,44654.37,208.0,42919.36285259671
2022-02-15 23:50:00,44654.37,44654.38,44550.47,44550.47,89.0,42920.86878179019
2022-02-15 23:55:00,44550.47,44597.52,44478.6,44544.86,169.0,42923.64413196911
2022-02-16 00:00:00,44544.85,44549.97,44369.0,44410.5,326.0,42928.65081365812
2022-02-16 00:05:00,44410.49,44410.5,44357.41,44385.6,117.0,42930.370376584535
2022-02-16 00:10:00,44385.6,44400.0,44338.91,44389.2,58.0,42931.2163498966
2022-02-16 00:15:00,44389.2,44400.0,44210.91,44223.51,150.0,42933.25169515943
2022-02-16 00:20:00,44223.5,44230.0,44125.0,44189.99,120.0,42934.75905941541
2022-02-16 00:25:00,44189.99,44246.14,44164.53,44182.11,93.0,42935.939658014846
2022-02-16 00:30:00,44181.99,44249.39,44128.35,44246.02,98.0,42937.19150658794
2022-02-16 00:35:00,44246.02,44271.62,44200.0,44225.86,59.0,42937.95853431693
2022-02-16 00:40:00,44225.43,44240.83,44171.18,44182.1,64.0,42938.76741906472
2022-02-16 00:45:00,44182.11,44196.18,44150.65,44156.02,41.0,42939.2725606243
2022-02-16 00:50:00,44153.4,44196.05,44148.99,44161.77,69.0,42940.12265253301
2022-02-16 00:55:00,44161.76,44198.43,44160.0,44195.77,26.0,42940.44678613045
2022-02-16 01:00:00,44195.77,44199.99,44152.15,44168.89,47.0,42941.02708893161
2022-02-16 01:05:00,44168.89,44180.35,44126.92,44139.26,56.0,42941.70388564243
2022-02-16 01:10:00,44139.27,44139.27,44043.95,44066.3,115.0,42943.01588015019
2022-02-16 01:15:00,44066.29,44120.0,44046.41,44068.27,66.0,42943.76422873447
2022-02-16 01:20:00,44068.27,44104.99,44043.04,44102.55,56.0,42944.4013806838
2022-02-16 01:25:00,44102.55,44167.57,44102.54,44153.95,210.0,42946.905339542755
2022-02-16 01:30:00,44153.94,44178.49,44067.54,44094.01,206.0,42949.294091154596
2022-02-16 01:35:00,44094.02,44097.37,43946.89,43999.08,256.0,42951.997979810985
2022-02-16 01:40:00,43999.08,44006.35,43945.32,43985.34,86.0,42952.873040102495
2022-02-16 01:45:00,43988.55,44039.35,43973.2,44007.47,101.0,42953.92648577046
2022-02-16 01:50:00,44007.47,44017.24,43956.73,43968.47,35.0,42954.28209470757
2022-02-16 01:55:00,43968.47,44007.62,43955.07,43988.69,57.0,42954.862382077794
2022-02-16 02:00:00,43988.68,44034.29,43981.0,44034.29,39.0,42955.27166302574
2022-02-16 02:05:00,44034.29,44034.29,44005.04,44012.15,62.0,42955.922053503506
2022-02-16 02:10:00,44012.14,44039.76,44012.14,44028.7,72.0,42956.683245737855
2022-02-16 02:15:00,44028.71,44028.71,43971.33,44014.29,80.0,42957.51031518689
2022-02-16 02:20:00,44014.28,44015.83,43990.0,43996.54,58.0,42958.10684526683
2022-02-16 02:25:00,43996.55,43996.55,43964.34,43966.27,47.0,42958.5781295902
2022-02-16 02:30:00,43966.27,43966.28,43877.18,43930.51,197.0,42960.4498408421
2022-02-16 02:35:00,43930.52,43986.71,43927.44,43947.65,117.0,42961.59168614968
2022-02-16 02:40:00,43947.65,43996.24,43940.15,43995.98,100.0,42962.588629152015
2022-02-16 02:45:00,43995.98,44020.7,43977.02,43985.0,80.0,42963.39794203977
2022-02-16 02:50:00,43985.0,44014.8,43979.32,44014.7,76.0,42964.17209294424
2022-02-16 02:55:00,44014.69,44070.1,44013.44,44068.38,167.0,42965.9470720628
2022-02-16 03:00:00,44068.39,44123.0,44035.46,44109.81,133.0,42967.40693042446
2022-02-16 03:05:00,44109.8,44136.35,44072.92,44133.13,264.0,42970.35705389566
2022-02-16 03:10:00,44133.13,44150.1,44103.58,44130.0,108.0,42971.57401861909
2022-02-16 03:15:00,44130.0,44137.0,44117.59,44128.48,33.0,42971.94529342116
2022-02-16 03:20:00,44128.47,44132.64,44074.94,44082.57,39.0,42972.372014598186
2022-02-16 03:25:00,44082.56,44110.83,44078.44,44086.73,27.0,42972.66600881755
2022-02-16 03:30:00,44086.72,44096.09,44000.0,44000.01,70.0,42973.38670188053
2022-02-16 03:35:00,44000.01,44000.01,43954.59,43980.12,101.0,42974.37208173131
2022-02-16 03:40:00,43980.12,44029.19,43973.87,44022.97,84.0,42975.21493762124
2022-02-16 03:45:00,44022.97,44042.97,43970.01,43988.22,96.0,42976.16881997749
