date,open,high,low,close,volume,signal,short_ema,long_ema,positions,cash,stock,holding,total,roi_gross,roi_daily,roi_buy&hold,roi_daily_buy&hold,sharpe,sharpe_buy&hold
2020-07-01,1083.0,1135.33,1080.5,1119.63,13326900.0,0.0,1081.371568627451,1080.2062189054725,0.0,10000000.0,0.0,0.0,10000000.0,0.0,0.0,0.0,0.0,0.0,0.0
2020-07-02,1221.48,1228.0,1185.6,1208.66,17201300.0,0.0,1086.3632718185315,1081.4843659810401,0.0,10000000.0,0.0,0.0,10000000.0,0.0,0.0,0.07951734055000309,0.07951734055000315,0.0,0.0
2020-07-06,1276.69,1377.79,1266.04,1371.58,20569900.0,0.0,1097.548241551138,1084.3708897026218,0.0,10000000.0,0.0,0.0,10000000.0,0.0,0.0,0.22502969731071853,0.1347939039928514,0.0,1.0
2020-07-07,1405.01,1429.5,1336.71,1389.86,21489700.0,0.0,1109.011447764819,1087.4105823423968,0.0,10000000.0,0.0,0.0,10000000.0,0.0,0.0,0.24135651956449877,0.013327695067002931,0.0,1.8260627098218598
2020-07-08,1405.0,1417.26,1311.34,1365.88,16311300.0,0.0,1119.0847243230614,1090.1814223190895,0.0,10000000.0,0.0,0.0,10000000.0,0.0,0.0,0.2199387297589382,-0.017253536327399788,0.0,1.821390546071119
2020-07-09,1396.99,1408.56,1351.28,1394.28,11717600.0,0.0,1129.8766959182356,1093.2072788134271,0.0,10000000.0,0.0,0.0,10000000.0,0.0,0.0,0.2453042522976339,0.020792456145488414,0.0,1.4823174937022299
2020-07-10,1396.0,1548.92,1376.01,1544.65,23337600.0,0.0,1146.1423156861479,1097.699246188418,0.0,10000000.0,0.0,0.0,10000000.0,0.0,0.0,0.37960754892241183,0.10784777806466428,0.0,1.6432659979229087
2020-07-13,1659.0,1794.99,1471.11,1497.06,38985400.0,0.0,1159.9037935023775,1101.6729850323145,0.0,10000000.0,0.0,0.0,10000000.0,0.0,0.0,0.33710243562605485,-0.030809568510665963,0.0,2.186277207995746
2020-07-14,1556.0,1590.0,1431.0,1516.8,23418100.0,0.0,1173.899723168951,1105.8036020966697,0.0,10000000.0,0.0,0.0,10000000.0,0.0,0.0,0.35473326009485256,0.013185844254739232,0.0,1.7843951530742388
2020-07-15,1543.0,1550.0,1457.0,1546.01,16367800.0,0.0,1188.4922830446785,1110.183765259887,0.0,10000000.0,0.0,0.0,10000000.0,0.0,0.0,0.38082223591722253,0.01925764767932492,0.0,1.855269519257544
2020-07-16,1477.16,1531.71,1466.0,1500.64,14300800.0,0.0,1200.7333699841029,1114.0689019239676,0.0,10000000.0,0.0,0.0,10000000.0,0.0,0.0,0.34029992050945396,-0.029346511342099868,0.0,1.9697102036992076
2020-07-17,1513.45,1537.51,1490.0,1500.84,9330000.0,0.0,1212.5022574357067,1117.91737056154,0.0,10000000.0,0.0,0.0,10000000.0,0.0,0.0,0.3404785509498672,0.00013327646870653354,0.0,1.6975081696907597
2020-07-20,1519.01,1650.0,1488.0,1643.0,17121400.0,0.0,1229.3845218499928,1123.1420733420225,0.0,10000000.0,0.0,0.0,10000000.0,0.0,0.0,0.467449067995677,0.09472028997094961,0.0,1.6853689319342278
2020-07-21,1639.93,1675.0,1558.0,1568.36,16157300.0,0.0,1242.6776778558753,1127.5721024629975,0.0,10000000.0,0.0,0.0,10000000.0,0.0,0.0,0.4007841876334144,-0.04542909312233723,0.0,2.0662484466856705
2020-07-22,1599.0,1626.42,1562.0,1592.33,14161080.0,0.0,1256.3895336262333,1132.1965591549078,0.0,10000000.0,0.0,0.0,10000000.0,0.0,0.0,0.4221930459169545,0.015283480833482077,0.0,1.7140972985512046
2020-07-23,1678.95,1689.0,1480.77,1513.07,24328504.0,0.0,1266.4554342683418,1135.9863446359536,0.0,10000000.0,0.0,0.0,10000000.0,0.0,0.0,0.3514018023811436,-0.04977611424767481,0.0,1.7890647726139577
2020-07-24,1416.01,1465.0,1366.5401,1417.0,19396616.0,0.0,1272.3591427284068,1138.7825004107203,0.0,10000000.0,0.0,0.0,10000000.0,0.0,0.0,0.2655966703285906,-0.06349342727038398,0.0,1.4651802264144045
2020-07-27,1435.0,1547.94,1413.0003,1539.6,16048669.0,0.0,1282.8391763469008,1142.7707342374795,0.0,10000000.0,0.0,0.0,10000000.0,0.0,0.0,0.37509713030197456,0.08652081863091032,0.0,1.1061609161885135
2020-07-28,1504.0,1564.7,1474.42,1476.49,15808700.0,0.0,1290.4333262940813,1146.0913239465594,0.0,10000000.0,0.0,0.0,10000000.0,0.0,0.0,0.3187302948295418,-0.04099116653676271,0.0,1.410954665014538
2020-07-29,1501.0,1534.81,1487.0,1499.11,9426893.0,0.0,1298.616725262941,1149.6039475888822,0.0,10000000.0,0.0,0.0,10000000.0,0.0,0.0,0.3389333976402917,0.01532011730523064,0.0,1.2116401241673034
2020-07-30,1488.0,1513.24,1471.0,1487.49,7621039.0,0.0,1306.0235203506686,1152.9659978616298,0.0,10000000.0,0.0,0.0,10000000.0,0.0,0.0,0.3285549690522761,-0.0077512657510121485,0.0,1.2736100780522681
2020-07-31,1515.0,1517.05,1420.98,1430.76,12246960.0,0.0,1310.9151470035836,1155.7301172858922,0.0,10000000.0,0.0,0.0,10000000.0,0.0,0.0,0.2778864446290291,-0.038138071516447214,0.0,1.239161862010876
2020-08-03,1449.2,1509.8101,1444.3844,1485.0,8809346.0,0.0,1317.7420039838353,1159.0064345268288,0.0,10000000.0,0.0,0.0,10000000.0,0.0,0.0,0.32633102006912984,0.03790992199949672,0.0,1.0677314439531036
2020-08-04,1495.01,1527.41,1462.0,1487.0,8414990.0,0.0,1324.3795724550573,1162.270052093726,0.0,10000000.0,0.0,0.0,10000000.0,0.0,0.0,0.32811732447326336,0.0013468013468014295,0.0,1.2090288480337106
2020-08-05,1492.99,1499.8384,1468.31,1485.02,4978015.0,0.0,1330.679197064663,1165.4814943614501,0.0,10000000.0,0.0,0.0,10000000.0,0.0,0.0,0.3263488831131712,-0.0013315400134499278,0.0,1.2139712035047996
2020-08-06,1490.83,1517.31,1477.26,1489.58,5992313.0,0.0,1336.910601101343,1168.7063551140725,0.0,10000000.0,0.0,0.0,10000000.0,0.0,0.0,0.33042165715459554,0.0030706657149397465,0.0,1.2080476597324994
2020-08-07,1499.5365,1499.75,1415.01,1452.71,8896420.0,0.0,1341.4517539993296,1171.5322620283605,0.0,10000000.0,0.0,0.0,10000000.0,0.0,0.0,0.2974911354643944,-0.024751943500852525,0.0,1.219960351866581
2020-08-10,1448.0,1457.5,1385.84,1418.57,7522264.0,0.0,1344.4759989405325,1173.990348973352,0.0,10000000.0,0.0,0.0,10000000.0,0.0,0.0,0.2669989192858353,-0.02350090520475534,0.0,1.114898481922502
2020-08-11,1396.0,1420.0,1365.0,1374.39,8625834.0,0.0,1345.649097021296,1175.9843753517266,0.0,10000000.0,0.0,0.0,10000000.0,0.0,0.0,0.22753945499852626,-0.03114403941997912,0.0,1.0178374880149272
2020-08-12,1470.0,1585.0,1435.0,1554.76,21898834.0,0.0,1353.8495245890883,1179.7532870397692,0.0,10000000.0,0.0,0.0,10000000.0,0.0,0.0,0.3886373176853066,0.13123640305881135,0.0,0.8907498111450661
2020-08-13,1611.0,1651.18,1567.26,1621.0,20425308.0,0.0,1364.3260138208889,1184.1438015965875,0.0,10000000.0,0.0,0.0,10000000.0,0.0,0.0,0.4477997195502084,0.04260464637628969,0.0,1.2546966674335676
2020-08-14,1664.99,1668.8,1626.64,1650.71,12577614.0,0.0,1375.5567583769325,1188.7862513319449,0.0,10000000.0,0.0,0.0,10000000.0,0.0,0.0,0.4743352714736117,0.0183281924737817,0.0,1.3924416073458716
2020-08-17,1677.0,1845.86,1672.83,1835.64,20023104.0,0.0,1393.5992384405822,1195.2226070400848,0.0,10000000.0,0.0,0.0,10000000.0,0.0,0.0,0.6395059082018166,0.11203058078039141,0.0,1.454763316163752
2020-08-18,1898.99,1923.9,1845.11,1887.09,16474491.0,0.0,1412.9518173252652,1202.1068597063527,0.0,10000000.0,0.0,0.0,10000000.0,0.0,0.0,0.6854585889981509,0.028028371576126032,0.0,1.7397706990845918
2020-08-19,1865.0,1911.0,1841.21,1878.53,12205331.0,0.0,1431.209785273294,1208.8374382167374,0.0,10000000.0,0.0,0.0,10000000.0,0.0,0.0,0.6778132061484595,-0.004536084659449213,0.0,1.8290771226058518
2020-08-20,1860.68,2021.99,1857.06,2001.83,20611796.0,0.0,1453.5870485959101,1216.7279114683122,0.0,10000000.0,0.0,0.0,10000000.0,0.0,0.0,0.7879388726632903,0.06563642848397411,0.0,1.8111211099617073
2020-08-21,2044.76,2095.49,2025.05,2049.98,21489559.0,0.0,1476.975007474502,1225.0189770258417,0.0,10000000.0,0.0,0.0,10000000.0,0.0,0.0,0.8309441511928046,0.024052991512765853,0.0,1.9968394976243717
2020-08-24,2126.275,2129.0,1927.52,2014.2,20063621.0,0.0,1498.0426542402079,1232.871524518122,0.0,10000000.0,0.0,0.0,10000000.0,0.0,0.0,0.7989871654028562,-0.017453828817842076,0.0,2.0731257298688446
2020-08-25,1974.89,2027.95,1968.0,2023.34,10658893.0,0.0,1518.6425501523565,1240.7368824831158,0.0,10000000.0,0.0,0.0,10000000.0,0.0,0.0,0.8071505765297462,0.004537781749577974,0.0,2.0064022589901116
2020-08-26,2060.0,2166.0,2053.6291,2153.17,14239382.0,0.0,1543.5259795581467,1249.8158189758212,0.0,10000000.0,0.0,0.0,10000000.0,0.0,0.0,0.923108526924073,0.06416618067156299,0.0,2.0198433132258233
2020-08-27,2180.46,2295.6,2142.5,2238.75,23693043.0,0.0,1570.7896666342979,1259.6559600805397,0.0,10000000.0,0.0,0.0,10000000.0,0.0,0.0,0.9995444923769458,0.039746048848906534,0.0,2.1974479356295293
2020-08-28,2295.12,2318.49,2186.52,2213.4,20081176.0,0.0,1595.9900718643255,1269.1459505274997,0.0,10000000.0,0.0,0.0,10000000.0,0.0,0.0,0.9769030840545536,-0.011323283082076974,0.0,2.3161242578196966
2020-08-31,444.61,500.14,440.11,498.32,115847020.0,0.0,1552.9441866931754,1261.4760405720024,0.0,10000000.0,0.0,0.0,10000000.0,0.0,0.0,-0.5549243946660951,-0.7748622029456944,0.0,2.2722152662680797
2020-09-01,502.14,502.49,470.51,475.05,90119419.0,0.0,1510.673826430698,1253.6509058399427,0.0,10000000.0,0.0,0.0,10000000.0,0.0,0.0,-0.5757080464081885,-0.046696901589340145,0.0,-0.044969426638270076
2020-09-02,478.99,479.04,405.1206,447.37,96176128.0,0.0,1468.975637158906,1245.6282102594457,0.0,10000000.0,0.0,0.0,10000000.0,0.0,0.0,-0.6004304993613963,-0.05826755078412804,0.0,-0.09940218157078443
2020-09-03,407.23,431.8,402.0,407.0,87596086.0,0.0,1427.3295337409097,1237.2836509533818,0.0,10000000.0,0.0,0.0,10000000.0,0.0,0.0,-0.6364870537588311,-0.0902385050405704,0.0,-0.16706999918543938
2020-09-04,402.81,428.0,372.0201,418.32,110321885.0,0.0,1387.7605324177368,1229.1347589040945,0.0,10000000.0,0.0,0.0,10000000.0,0.0,0.0,-0.6263765708314355,0.027813267813267872,0.0,-0.27083693856386865
2020-09-08,356.0,368.74,329.88,330.21,115465691.0,0.0,1346.2879625190021,1220.1902339398746,0.0,10000000.0,0.0,0.0,10000000.0,0.0,0.0,-0.7050722113555371,-0.21062822719449226,0.0,-0.23848698407414826
2020-09-09,356.6,369.0,341.51,366.28,79465769.0,0.0,1307.8562777143354,1211.6936146966918,0.0,10000000.0,0.0,0.0,10000000.0,0.0,0.0,-0.6728562114269894,0.10923351806426207,0.0,-0.4693610277653135
2020-09-10,386.21,398.99,360.56,371.34,84930608.0,1.0,1271.1301491765182,1203.331887187272,1.0,1.862645149230957e-09,26902.595976759818,9990009.99000999,9990009.990009991,-0.09990009990008548,-0.0009990009990008542,-0.6683368612845316,0.013814568089985713,0.0,-0.34332474989195033
2020-09-11,381.94,382.5,360.5,372.72,60717459.0,1.0,1235.8983786205763,1195.0670922898862,0.0,1.862645149230957e-09,26902.595976759818,9990009.99000999,9990009.990009991,-0.09990009990008548,0.0,-0.6671043112456794,0.0037162708030378244,-1.0000000000000002,-0.3278754788453336
2020-09-14,380.95,420.0,373.3,419.62,83020608.0,1.0,1203.8874618119264,1187.3512008243151,0.0,1.862645149230957e-09,26902.595976759818,9990009.99000999,9990009.990009991,-0.09990009990008548,0.0,-0.6252154729687487,0.12583172354582528,-1.0,-0.3237696684901839
2020-09-15,436.56,461.94,430.7,449.76,97298228.0,0.0,1174.3138358585177,1180.011984895715,-1.0,12087611.85494099,0.0,0.0,12087611.85494099,20.8761185494099,0.209969946679593,-0.5982958655984567,0.07182689099661599,-1.0,-0.18125204248173887
2020-09-16,439.87,457.79,435.31,441.76,72546760.0,0.0,1145.5862344523014,1172.6661940012302,0.0,12087611.85494099,0.0,0.0,12087611.85494099,20.8761185494099,0.0,-0.6054410832149907,-0.017787264318747775,0.9951398612748777,-0.10150041132806742
2020-09-17,415.6,437.79,408.0001,423.43,76779163.0,0.0,1117.2663821208384,1165.2111074937554,0.0,12087611.85494099,0.0,0.0,12087611.85494099,20.8761185494099,0.0,-0.6218125630788742,-0.04149311843534953,0.9951415788886886,-0.12110751695571707
2020-09-18,447.94,451.0,428.8,442.15,86406819.0,0.0,1090.7912298808055,1158.0164696082454,0.0,12087611.85494099,0.0,0.0,12087611.85494099,20.8761185494099,0.0,-0.6050927538561847,0.044210377157971825,0.9951432328955787,-0.16671173124213498
2020-09-21,453.13,455.68,407.07,449.39,109476800.0,0.0,1065.638240473715,1150.9654599604023,0.0,12087611.85494099,0.0,0.0,12087611.85494099,20.8761185494099,0.0,-0.5986263319132213,0.01637453352934526,0.995144826764567,-0.11788313323415099
2020-09-22,429.6,437.76,417.6001,424.23,79580795.0,0.0,1040.4849761414125,1143.7342613538312,0.0,12087611.85494099,0.0,0.0,12087611.85494099,20.8761185494099,0.0,-0.6210980413172209,-0.05598700460624395,0.9951463637169157,-0.09986608401388142
2020-09-23,405.16,412.15,375.8801,380.36,95074176.0,0.0,1014.5977221750826,1136.138497559266,0.0,12087611.85494099,0.0,0.0,12087611.85494099,20.8761185494099,0.0,-0.6602806284218894,-0.10341088560450695,0.9951478467478627,-0.1611882865549092
2020-09-24,363.8,399.5,351.3,387.79,96561061.0,0.0,990.0170271878245,1128.6922438522088,0.0,12087611.85494099,0.0,0.0,12087611.85494099,20.8761185494099,0.0,-0.6536445075605335,0.019534125565253913,0.9951492786461026,-0.273123945763152
2020-09-25,393.47,408.7323,391.3,407.34,67208459.0,0.0,967.1669476902629,1121.5146095850228,0.0,12087611.85494099,0.0,0.0,12087611.85494099,20.8761185494099,0.0,-0.6361833820101285,0.0504138838030892,0.99515066201129,-0.25175016803428113
2020-09-28,424.62,428.08,415.55,421.2,49719561.0,0.0,945.7564791533898,1114.5463050120377,0.0,12087611.85494099,0.0,0.0,12087611.85494099,20.8761185494099,0.0,-0.6238042924894831,0.03402562969509515,0.9951519992697879,-0.19640773441494846
2020-09-29,416.0,428.5,411.6,419.07,50341404.0,0.0,925.1021074218843,1107.626142773112,0.0,12087611.85494099,0.0,0.0,12087611.85494099,20.8761185494099,0.0,-0.6257067066798854,-0.005056980056980076,0.9951532926888736,-0.1592215426472799
2020-09-30,421.32,433.93,420.47,429.01,48145566.0,0.0,905.6475149739673,1100.8737433425338,0.0,12087611.85494099,0.0,0.0,12087611.85494099,20.8761185494099,0.0,-0.6168287737913418,0.023719187725200985,0.9951545443895651,-0.16474921370237675
2020-10-01,440.76,448.88,434.42,448.16,50741454.0,0.0,887.7068281122432,1094.3790792296727,0.0,12087611.85494099,0.0,0.0,12087611.85494099,20.8761185494099,0.0,-0.5997249091217635,0.04463765413393639,0.9951557563582266,-0.1388775404713624
2020-10-02,421.39,439.13,415.0,415.09,71430025.0,0.0,869.1728348529396,1087.6199839139545,0.0,12087611.85494099,0.0,0.0,12087611.85494099,20.8761185494099,0.0,-0.6292614524441111,-0.07379061049625146,0.9951569304570907,-0.090170288953725
2020-10-05,423.35,433.64,419.33,425.68,44722786.0,0.0,851.7809589763538,1081.033516412323,0.0,12087611.85494099,0.0,0.0,12087611.85494099,20.8761185494099,0.0,-0.6198029706242241,0.025512539449276117,0.9951580684338022,-0.16991343163854006
2020-10-06,423.79,428.7799,406.05,413.98,49146259.0,0.0,834.6122939184576,1074.3961679903098,0.0,12087611.85494099,0.0,0.0,12087611.85494099,20.8761185494099,0.0,-0.6302528513884051,-0.02748543506859613,0.9951591719300982,-0.1422013292620831
2020-10-07,419.87,429.9,413.845,425.3,43127709.0,0.0,818.5608314118514,1067.9374996520978,0.0,12087611.85494099,0.0,0.0,12087611.85494099,20.8761185494099,0.0,-0.6201423684610096,0.027344316150538672,0.9951602424897155,-0.1719471132289734
2020-10-08,438.44,439.0,425.3,425.92,40421116.0,0.0,803.1631517486416,1061.549265824714,0.0,12087611.85494099,0.0,0.0,12087611.85494099,20.8761185494099,0.0,-0.6195886140957281,0.0014577944980014301,0.9951612815655886,-0.14225749733951873
2020-10-09,430.13,434.5899,426.4601,434.0,28925656.0,0.0,788.6861654055576,1055.3049945229757,0.0,12087611.85494099,0.0,0.0,12087611.85494099,20.8761185494099,0.0,-0.6123719443030288,0.01897069872276469,0.9951622905264352,-0.14069225972256413
2020-10-12,442.0,448.74,438.58,442.3,38791133.0,0.0,775.1023942131828,1049.2054423386674,0.0,12087611.85494099,0.0,0.0,12087611.85494099,20.8761185494099,0.0,-0.6049587810258747,0.01912442396313363,0.9951632706627671,-0.12012288616640972
2020-10-13,443.35,448.89,436.6,446.65,34463665.0,0.0,762.221908165607,1043.209865797984,0.0,12087611.85494099,0.0,0.0,12087611.85494099,20.8761185494099,0.0,-0.6010735689468844,0.009834953651367773,0.9951642231923999,-0.09939336107206714
2020-10-14,449.78,465.9,447.35,461.3,48045394.0,0.0,750.4210490218578,1037.4197178795962,0.0,12087611.85494099,0.0,0.0,12087611.85494099,20.8761185494099,0.0,-0.5879888891866064,0.032799731333258864,0.9951651492654989,-0.088744479510365
2020-10-15,450.31,456.57,442.5,448.88,35672354.0,0.0,738.5959098445301,1031.5636012837792,0.0,12087611.85494099,0.0,0.0,12087611.85494099,20.8761185494099,0.0,-0.5990818395362755,-0.026923910687188468,0.9951660499692121,-0.053191409830370996
2020-10-16,454.44,455.9499,438.85,439.67,32775879.0,0.0,726.8733251447446,1025.6741127137914,0.0,12087611.85494099,0.0,0.0,12087611.85494099,20.8761185494099,0.0,-0.6073077713173102,-0.020517733024416285,0.9951669263319287,-0.08230740452318429
2020-10-19,446.24,447.0,428.87,430.83,36287843.0,0.0,715.2637829822056,1019.7552658211168,0.0,12087611.85494099,0.0,0.0,12087611.85494099,20.8761185494099,0.0,-0.6152032367835804,-0.020105988582345913,0.9951677793271972,-0.10449433206698237
2020-10-20,431.75,431.75,419.0501,421.94,31656289.0,0.0,703.760889531923,1013.8068552159316,0.0,12087611.85494099,0.0,0.0,12087611.85494099,20.8761185494099,0.0,-0.6231433598599537,-0.020634589049044805,0.9951686098773297,-0.12623152662161277
2020-10-21,422.7,432.95,421.25,422.64,32370461.0,0.0,692.736540922828,1007.9245979501015,0.0,12087611.85494099,0.0,0.0,12087611.85494099,20.8761185494099,0.0,-0.622518153318507,0.0016590036498080885,0.9951694188567284,-0.14853394626147168
2020-10-22,441.92,445.23,424.51,425.79,39993191.0,0.0,682.2680491219329,1002.1322138908965,0.0,12087611.85494099,0.0,0.0,12087611.85494099,20.8761185494099,0.0,-0.6197047238819968,0.007453151618398657,0.9951702070949657,-0.14675059291273312
2020-10-23,421.84,422.8859,407.3801,420.63,33716980.0,0.0,672.0077334700924,996.3461222103901,0.0,12087611.85494099,0.0,0.0,12087611.85494099,20.8761185494099,0.0,-0.6243133892446612,-0.012118650038751566,0.9951709753796065,-0.13869280075837884
2020-10-26,411.63,425.76,410.0,420.28,28239161.0,0.0,662.1360576477358,990.6141209943664,0.0,12087611.85494099,0.0,0.0,12087611.85494099,20.8761185494099,0.0,-0.6246259925153846,-0.0008320852055251349,0.9951717244588434,-0.15180399712529674
2020-10-27,423.76,430.5,420.1,424.68,22686506.0,0.0,652.8240553870403,984.9829357108404,0.0,12087611.85494099,0.0,0.0,12087611.85494099,20.8761185494099,0.0,-0.6206961228262908,0.010469211002189116,0.9951724550439275,-0.15271567039167336
2020-10-28,416.48,418.6,406.0,406.02,25451409.0,0.0,643.1454649797054,979.2221104798867,0.0,12087611.85494099,0.0,0.0,12087611.85494099,20.8761185494099,0.0,-0.6373623429168566,-0.04393896580955081,0.9951731678114132,-0.1413879745042644
2020-10-29,409.96,418.06,406.46,410.83,22655308.0,0.0,634.0350545883445,973.5664675895397,0.0,12087611.85494099,0.0,0.0,12087611.85494099,20.8761185494099,0.0,-0.6330662808249155,0.01184670705876556,0.9951738634052535,-0.1887374703272915
2020-10-30,406.8954,407.5915,379.11,388.04,42587639.0,0.0,624.388189702527,967.7403335836736,0.0,12087611.85494099,0.0,0.0,12087611.85494099,20.8761185494099,0.0,-0.6534212195100167,-0.05547306671859398,0.9951745424387455,-0.17592655351903075
2020-11-02,394.0,406.9799,392.3,400.51,29021118.0,0.0,615.6086528514476,962.0962506624431,0.0,12087611.85494099,0.0,0.0,12087611.85494099,20.8761185494099,0.0,-0.6422836115502443,0.03213586228223897,0.9951752054963193,-0.23549925410121322
2020-11-03,409.73,427.77,406.69,423.9,34351715.0,0.0,608.0906664651163,956.7410640886875,0.0,12087611.85494099,0.0,0.0,12087611.85494099,20.8761185494099,0.0,-0.621392781543903,0.058400539312376765,0.9951758531352277,-0.200698329224161
2020-11-04,430.62,435.4,417.1,420.98,32143057.0,0.0,600.7529932704059,951.4101082271085,0.0,12087611.85494099,0.0,0.0,12087611.85494099,20.8761185494099,0.0,-0.6240007859739378,-0.006888417079499831,0.995176485887107,-0.13744141144010924
2020-11-05,428.3,440.0,424.0001,438.09,28414523.0,0.0,594.3740523578409,946.3024454586796,0.0,12087611.85494099,0.0,0.0,12087611.85494099,20.8761185494099,0.0,-0.6087189517965758,0.040643260962516026,0.99517710425943,-0.14486079239239927
2020-11-06,436.1,436.57,424.28,429.95,21706014.0,0.0,587.9260503045923,941.1646101804838,0.0,12087611.85494099,0.0,0.0,12087611.85494099,20.8761185494099,0.0,-0.615989210721399,-0.01858065694263733,0.9951777087368572,-0.10102567215147731
2020-11-09,439.5,452.5,421.0,421.26,34833025.0,0.0,581.3901267632358,935.991429979683,0.0,12087611.85494099,0.0,0.0,12087611.85494099,20.8761185494099,0.0,-0.6237507033573592,-0.020211652517734602,0.9951782997825197,-0.12098762732251642
2020-11-10,420.09,420.09,396.0301,410.36,30284224.0,0.0,574.6830629685992,930.7612664972982,0.0,12087611.85494099,0.0,0.0,12087611.85494099,20.8761185494099,0.0,-0.6334860623598868,-0.025874756682333855,0.9951788778391852,-0.14269350576988157
2020-11-11,416.45,418.695,410.58,417.13,17357722.0,0.0,568.5045114796345,925.6505076266783,0.0,12087611.85494099,0.0,0.0,12087611.85494099,20.8761185494099,0.0,-0.6274394219518948,0.01649770932839445,0.9951794433303767,-0.17045532605035063
2020-11-12,415.05,423.0,409.52,411.76,19940500.0,0.0,562.3576678921978,920.5371692423332,0.0,12087611.85494099,0.0,0.0,12087611.85494099,20.8761185494099,0.0,-0.6322356492769934,-0.012873684462877288,0.9951799966613999,-0.1527080624149639
2020-11-13,410.85,412.5319,401.66,408.5,19830351.0,0.0,556.3240338572097,915.4422720359419,0.0,12087611.85494099,0.0,0.0,12087611.85494099,20.8761185494099,0.0,-0.6351473254557309,-0.007917233339809537,0.995180538220314,-0.16653607962913206
2020-11-16,408.93,412.45,404.0868,408.09,26838635.0,0.0,550.5109344902603,910.3939907221514,0.0,12087611.85494099,0.0,0.0,12087611.85494099,20.8761185494099,0.0,-0.6355135178585783,-0.0010036719706243424,0.9951810683788473,-0.17504761053023185
2020-11-17,460.17,462.0,433.01,441.61,61188281.0,0.0,546.2403096082894,905.729473401533,0.0,12087611.85494099,0.0,0.0,12087611.85494099,20.8761185494099,0.0,-0.6055750560453007,0.08213874390453091,0.9951815874932303,-0.17613544093915792
2020-11-18,448.35,496.0,443.5001,486.64,78044024.0,0.0,543.9030425648272,901.5594288900751,0.0,12087611.85494099,0.0,0.0,12087611.85494099,20.8761185494099,0.0,-0.5653564123862348,0.10196779964221814,0.9951820959050148,-0.08753291859392326
2020-11-19,492.0,508.6112,487.57,499.27,62475346.0,0.0,542.1527271701281,897.5565490006217,0.0,12087611.85494099,0.0,0.0,12087611.85494099,20.8761185494099,0.0,-0.5540759000741317,0.025953476902843997,0.9951825939418015,0.02146063572486648
2020-11-20,497.99,502.5,489.06,489.61,32911922.0,0.0,540.0922280654172,893.4973793588244,0.0,12087611.85494099,0.0,0.0,12087611.85494099,20.8761185494099,0.0,-0.5627037503460965,-0.019348248442726312,0.9951830819179632,0.049053975985335556
2020-11-23,503.5,526.0,501.79,521.85,50260304.0,0.0,539.3768465726558,889.7993954846073,0.0,12087611.85494099,0.0,0.0,12087611.85494099,20.8761185494099,0.0,-0.5339085233514643,0.06584832826126918,0.9951835601352986,0.028473136037293952
2020-11-24,540.4,559.99,526.2,555.38,52058771.0,0.0,540.0044212168654,886.4718393106313,0.0,12087611.85494099,0.0,0.0,12087611.85494099,20.8761185494099,0.0,-0.5039611300161662,0.06425217974513742,0.995184028883657,0.09825388760533381
2020-11-25,550.06,574.0,545.37,574.0,48930162.0,0.0,541.3375811691451,883.3626667801772,0.0,12087611.85494099,0.0,0.0,12087611.85494099,20.8761185494099,0.0,-0.48733063601368315,0.033526594403831655,0.9951844884415113,0.1660426841986286
2020-11-27,581.16,598.78,578.45,585.76,37561078.0,0.0,543.0796368095708,880.4014462152003,0.0,12087611.85494099,0.0,0.0,12087611.85494099,20.8761185494099,0.0,-0.47682716611737813,0.0204878048780488,0.9951849390765263,0.20142153798767815
2020-11-30,602.21,607.8,554.51,567.6,63003052.0,0.0,544.0412196797838,877.2889940140541,0.0,12087611.85494099,0.0,0.0,12087611.85494099,20.8761185494099,0.0,-0.49304681010691037,-0.03100245834471449,0.9951853810460819,0.2230614982737102
2020-12-01,597.59,597.85,572.05,584.76,39133346.0,0.0,545.6380345943021,874.3782577552078,0.0,12087611.85494099,0.0,0.0,12087611.85494099,20.8761185494099,0.0,-0.4777203183194449,0.03023255813953485,0.9951858145977406,0.19016305944326878
2020-12-02,556.44,571.54,541.21,568.82,47775653.0,0.0,546.5471312768784,871.3378770810267,0.0,12087611.85494099,0.0,0.0,12087611.85494099,20.8761185494099,0.0,-0.4919571644203889,-0.02725904644640531,0.9951862399697324,0.22203077676161975
2020-12-03,590.02,598.97,582.43,593.38,42552003.0,0.0,548.3837143640596,868.57212706032,0.0,12087611.85494099,0.0,0.0,12087611.85494099,20.8761185494099,0.0,-0.47002134633762943,0.043177103477374024,0.9951866573913739,0.19314343481708976
2020-12-04,591.01,599.04,585.5,599.04,29401314.0,0.0,550.3702353693907,865.890215348277,0.0,12087611.85494099,0.0,0.0,12087611.85494099,20.8761185494099,0.0,-0.46496610487393164,0.009538575617648037,0.995187067083499,0.23852883623330629
2020-12-07,604.9197,648.7856,603.05,641.76,56309709.0,0.0,553.9541477078459,863.6600639517768,0.0,12087611.85494099,0.0,0.0,12087611.85494099,20.8761185494099,0.0,-0.4268106428016399,0.07131410256410264,0.9951874692588246,0.2485970878918249
2020-12-08,625.505,651.28,618.5,649.88,64265029.0,0.0,557.71594583695,861.5328991363364,0.0,12087611.85494099,0.0,0.0,12087611.85494099,20.8761185494099,0.0,-0.41955824692085786,0.01265270506108207,0.9951878641223472,0.3230054698456969
2020-12-09,653.69,654.32,588.0,604.48,71291190.0,0.0,559.5498303139325,858.9751588464227,0.0,12087611.85494099,0.0,0.0,12087611.85494099,20.8761185494099,0.0,-0.46010735689468846,-0.06985905090170486,0.9951882518716735,0.33631783313146346
2020-12-10,574.37,627.75,566.34,627.07,67083153.0,0.0,562.197680105543,856.6676448280504,0.0,12087611.85494099,0.0,0.0,12087611.85494099,20.8761185494099,0.0,-0.43993104865000043,0.03737096347273705,0.9951886326973399,0.2620366421071886
2020-12-11,615.01,624.0,596.8,609.99,46474974.0,0.0,564.071888728855,854.213140899413,0.0,12087611.85494099,0.0,0.0,12087611.85494099,20.8761185494099,0.0,-0.45518608826130064,-0.027237788444671285,0.9951890067831575,0.30106268037278744
2020-12-14,619.0,642.7499,610.2001,639.83,52040649.0,0.0,567.0427950532137,852.0799753183244,0.0,12087611.85494099,0.0,0.0,12087611.85494099,20.8761185494099,0.0,-0.42853442655162866,0.04891883473499581,0.9951893743064801,0.2723740368687564
2020-12-15,643.28,646.9,623.8,633.25,45223559.0,0.0,569.6391560315191,849.9025626285899,0.0,12087611.85494099,0.0,0.0,12087611.85494099,20.8761185494099,0.0,-0.434411368041228,-0.010283981682634558,0.9951897354384835,0.32328196710824564
2020-12-16,628.23,632.5,605.0,622.77,42095813.0,0.0,571.7227185400869,847.642537129798,0.0,12087611.85494099,0.0,0.0,12087611.85494099,20.8761185494099,0.0,-0.4437716031188876,-0.01654954599289382,0.9951900903444572,0.3124965104709126
2020-12-17,628.19,658.82,619.5,655.9,56270144.0,0.0,575.02378840126,845.7346511882081,0.0,12087611.85494099,0.0,0.0,12087611.85494099,20.8761185494099,0.0,-0.414181470664416,0.053197809785314076,0.9951904391840337,0.2951201913785234
2020-12-18,668.9,695.0,628.54,695.0,222126194.0,0.0,579.7287378757204,844.2348039127036,0.0,12087611.85494099,0.0,0.0,12087611.85494099,20.8761185494099,0.0,-0.3792592195636059,0.059612745845403214,0.9951907821114332,0.35032881400991145
2020-12-21,666.24,668.5,646.07,649.86,58045264.0,0.0,582.4789834492216,842.300726261831,0.0,12087611.85494099,0.0,0.0,12087611.85494099,20.8761185494099,0.0,-0.41957610996489914,-0.06494964028776973,0.9951911192756914,0.4119388376119072
2020-12-22,648.0,649.88,614.23,640.34,51861644.0,0.0,584.7480429218011,840.2911667965391,0.0,12087611.85494099,0.0,0.0,12087611.85494099,20.8761185494099,0.0,-0.42807891892857464,-0.014649309081956052,0.9951914508208815,0.34329786741600987
2020-12-23,632.2,651.4999,622.5701,645.98,33172972.0,0.0,587.149296140554,838.3577223508024,0.0,12087611.85494099,0.0,0.0,12087611.85494099,20.8761185494099,0.0,-0.4230415405089182,0.008807820845176062,0.9951917768863057,0.32800505259580387
2020-12-24,642.99,666.09,641.0,661.77,22865568.0,0.0,590.0755982526892,836.6006305861179,0.0,12087611.85494099,0.0,0.0,12087611.85494099,20.8761185494099,0.0,-0.40893866723828415,0.024443481222328867,0.9951920976067076,0.33717731717246185
2020-12-28,674.51,681.4,660.8,663.69,31553561.0,0.0,592.9624375368975,834.8801267991914,0.0,12087611.85494099,0.0,0.0,12087611.85494099,20.8761185494099,0.0,-0.4072238150103159,0.0029013101228525517,0.995192413112448,0.3625392989627246
2020-12-29,661.0,669.9,655.0,665.99,22910811.0,0.0,595.8262635158427,833.1996280250702,0.0,12087611.85494099,0.0,0.0,12087611.85494099,20.8761185494099,0.0,-0.40516956494556244,0.0034654733384560377,0.9951927235296788,0.3655705038930618
2020-12-30,672.0,696.6,668.3603,694.78,42846021.0,0.0,599.706802201496,831.8223182934776,0.0,12087611.85494099,0.0,0.0,12087611.85494099,20.8761185494099,0.0,-0.3794557130480606,0.04322887731047009,0.9951930289805174,0.36918877836514163
2020-12-31,699.99,718.72,691.12,705.67,49649928.0,0.0,603.8622217230059,830.5670713452838,0.0,12087611.85494099,0.0,0.0,12087611.85494099,20.8761185494099,0.0,-0.3697292855675537,0.015674026310486644,0.9951933295832072,0.4138259948185976
2021-01-04,719.46,744.4899,717.1895,729.77,48638189.0,0.0,608.7997816554371,829.5641154115,0.0,12087611.85494099,0.0,0.0,12087611.85494099,20.8761185494099,0.0,-0.3482043174977449,0.034151940708829986,0.9951936254522594,0.4301014664329773
2021-01-05,723.66,740.84,719.2,735.11,32245165.0,0.0,613.7531235513023,828.624273467107,0.0,12087611.85494099,0.0,0.0,12087611.85494099,20.8761185494099,0.0,-0.34343488473870837,0.007317373967140384,0.9951939166986172,0.4653863232431095
2021-01-06,758.49,774.0,749.1,755.98,44699965.0,0.0,619.3306481179179,827.9014448753945,0.0,12087611.85494099,0.0,0.0,12087611.85494099,20.8761185494099,0.0,-0.3247947982815752,0.02839030893335681,0.9951942034297753,0.4730016521042506
2021-01-07,777.63,816.99,775.2,816.04,51498948.0,0.0,627.0447403485878,827.7834205482762,0.0,12087611.85494099,0.0,0.0,12087611.85494099,20.8761185494099,0.0,-0.271152077025446,0.07944654620492608,0.9951944857499281,0.5023549619113021
2021-01-08,856.0,884.49,838.39,880.02,75055528.0,0.0,636.9653387662902,828.303187507995,0.0,12087611.85494099,0.0,0.0,12087611.85494099,20.8761185494099,0.0,-0.21400819913721505,0.07840301945983041,0.9951947637600809,0.58311330214172
2021-01-11,849.4,854.43,803.6222,811.19,59554146.0,0.0,643.7976784225141,828.1329070352787,0.0,12087611.85494099,0.0,0.0,12087611.85494099,20.8761185494099,0.0,-0.2754838652054697,-0.0782141314970114,0.9951950375581912,0.6623937845467956
2021-01-12,831.0,868.0,827.34,849.44,45985569.0,0.0,651.8620831902585,828.3449179105495,0.0,12087611.85494099,0.0,0.0,12087611.85494099,20.8761185494099,0.0,-0.24132079347641633,0.047152948137920925,0.9951953072392549,0.579502243001303
2021-01-13,852.76,860.47,832.0,854.41,33312496.0,0.0,659.8051387514249,828.6042719611909,0.0,12087611.85494099,0.0,0.0,12087611.85494099,20.8761185494099,0.0,-0.23688182703214464,0.005850913543040015,0.9951955728954484,0.6274306215173167
2021-01-14,843.39,863.0,838.75,845.0,31266327.0,0.0,667.0676823298004,828.7674135337163,0.0,12087611.85494099,0.0,0.0,12087611.85494099,20.8761185494099,0.0,-0.24528638925359278,-0.01101344787631231,0.995195834616197,0.633462677123856
2021-01-15,852.0,859.9,819.1,826.16,38777596.0,0.0,673.3065967482396,828.7414691204455,0.0,12087611.85494099,0.0,0.0,12087611.85494099,20.8761185494099,0.0,-0.2621133767405305,-0.02229585798816569,0.9951960924883124,0.6220769389695137
2021-01-19,837.8,850.0,833.0,844.55,25366980.0,0.0,680.02202432674,828.8987679351675,0.0,12087611.85494099,0.0,0.0,12087611.85494099,20.8761185494099,0.0,-0.24568830774452285,0.02225961072915661,0.9951963465960664,0.5989466329203568
2021-01-20,858.74,859.5,837.28,850.45,25665883.0,0.0,686.7054743531424,829.1132080552156,0.0,12087611.85494099,0.0,0.0,12087611.85494099,20.8761185494099,0.0,-0.24041870975232893,0.006985968859155811,0.9951965970212935,0.6217313502476592
2021-01-21,855.0,855.7199,841.4201,844.99,20598133.0,0.0,692.9127106530192,829.271186084517,0.0,12087611.85494099,0.0,0.0,12087611.85494099,20.8761185494099,0.0,-0.24529532077561345,-0.006420130519136924,0.9951968438434636,0.6289234409318253
2021-01-22,834.31,848.0,828.62,846.64,20066497.0,0.0,698.9412318038812,829.4440101035766,0.0,12087611.85494099,0.0,0.0,12087611.85494099,20.8761185494099,0.0,-0.2438216196422033,0.001952685830601597,0.9951970871397807,0.6223041929585215
2021-01-25,855.0,900.4,838.8201,880.8,41173397.0,0.0,706.072948203729,829.9550149781679,0.0,12087611.85494099,0.0,0.0,12087611.85494099,20.8761185494099,0.0,-0.213311540419603,0.040347727487479945,0.9951973269852668,0.6243244522569736
2021-01-26,891.38,895.9,871.6,883.09,23131603.0,0.0,713.0147933722102,830.4837212967932,0.0,12087611.85494099,0.0,0.0,12087611.85494099,20.8761185494099,0.0,-0.21126622187687008,0.0025999091734787427,0.9951975634528063,0.6653419962648767
2021-01-27,870.35,891.5,858.66,864.16,27333955.0,0.0,718.9420563772215,830.8188086470739,0.0,12087611.85494099,0.0,0.0,12087611.85494099,20.8761185494099,0.0,-0.2281735930619938,-0.021436093716382332,0.9951977966132822,0.6680266919570516
2021-01-28,820.0,848.0,801.0,835.43,26378048.0,0.0,723.5102110290952,830.864691148098,0.0,12087611.85494099,0.0,0.0,12087611.85494099,20.8761185494099,0.0,-0.25383385582737167,-0.033246158118866886,0.995198026535573,0.6458011486195007
2021-01-29,830.0003,842.41,780.1,793.53,34990754.0,0.0,726.2560851063856,830.493201683938,0.0,12087611.85494099,0.0,0.0,12087611.85494099,20.8761185494099,0.0,-0.29125693309396866,-0.0501538130064757,0.9951982532866798,0.6112331643045454
2021-02-01,814.29,842.0,795.5601,839.81,25391385.0,0.0,730.709179808096,830.5859061447943,0.0,12087611.85494099,0.0,0.0,12087611.85494099,20.8761185494099,0.0,-0.24992184918231927,0.05832167655917231,0.9951984769317623,0.5589352505136665
2021-02-02,844.68,880.5,842.2006,872.79,23998098.0,0.0,736.2809766783668,831.0058473771845,0.0,12087611.85494099,0.0,0.0,12087611.85494099,20.8761185494099,0.0,-0.2204656895581577,0.03927078744001622,0.9951986975341981,0.6177182027517488
2021-02-03,877.02,878.08,853.0646,854.69,18343510.0,0.0,740.924467789019,831.2415105873619,0.0,12087611.85494099,0.0,0.0,12087611.85494099,20.8761185494099,0.0,-0.2366317444155659,-0.020738092782914497,0.9951989151556643,0.6574676601346404
2021-02-04,855.0,856.5,833.42,849.99,15812661.0,0.0,745.2015474835673,831.428062720821,0.0,12087611.85494099,0.0,0.0,12087611.85494099,20.8761185494099,0.0,-0.24082955976527967,-0.005499069838187043,0.99519912985618,0.6360790204939442
2021-02-05,845.0,864.77,838.97,852.23,18566637.0,0.0,749.398741699898,831.6350471713602,0.0,12087611.85494099,0.0,0.0,12087611.85494099,20.8761185494099,0.0,-0.23882889883265013,0.002635325121472132,0.9951993416941574,0.6304440258029941
2021-02-08,869.67,877.77,854.75,863.42,20161719.0,0.0,753.8701635940197,831.9513153587098,0.0,12087611.85494099,0.0,0.0,12087611.85494099,20.8761185494099,0.0,-0.2288345256915232,0.013130258263614136,0.995199550726468,0.6331496387182542
2021-02-09,855.12,859.8,841.75,849.46,15027305.0,0.0,757.6187846295484,832.1255311262848,0.0,12087611.85494099,0.0,0.0,12087611.85494099,20.8761185494099,0.0,-0.24130293043237502,-0.016168261101202064,0.9951997570084766,0.6465510032319979
2021-02-10,843.635,844.82,800.02,804.82,35723444.0,0.0,759.4698126832916,831.8538342991576,0.0,12087611.85494099,0.0,0.0,12087611.85494099,20.8761185494099,0.0,-0.2811732447326349,-0.052551032420596555,0.9951999605941134,0.6299103624699127
2021-02-11,812.44,829.8799,801.725,811.66,21622753.0,0.0,761.5164866957116,831.6529006245391,0.0,12087611.85494099,0.0,0.0,12087611.85494099,20.8761185494099,0.0,-0.2750640836704984,0.008498794761561568,0.9952001615359112,0.5752840840708876
2021-02-12,801.26,817.33,785.3306,816.12,23768313.0,0.0,763.6578009429386,831.4983443994194,0.0,12087611.85494099,0.0,0.0,12087611.85494099,20.8761185494099,0.0,-0.27108062484928064,0.00549491166251892,0.9952003598850292,0.5839560518240964
2021-02-16,818.0,821.0,792.44,796.22,19802324.0,0.0,764.9347499255686,831.1473160969375,0.0,12087611.85494099,0.0,0.0,12087611.85494099,20.8761185494099,0.0,-0.288854353670409,-0.024383669068274272,0.9952005556913232,0.5895708477753251
2021-02-17,779.09,799.84,762.01,798.15,25878526.0,0.0,766.2373087520168,830.8189845934854,0.0,12087611.85494099,0.0,0.0,12087611.85494099,20.8761185494099,0.0,-0.28713056992042024,0.0024239531787695334,0.9952007490033812,0.5644842224941975
2021-02-18,780.9,794.69,776.27,787.38,17957058.0,0.0,767.0664338989966,830.3867558910628,0.0,12087611.85494099,0.0,0.0,12087611.85494099,20.8761185494099,0.0,-0.29674981913667914,-0.013493704190941536,0.9952009398685646,0.5669662628384665
2021-02-19,795.0,796.7899,777.37,781.3,18958255.0,0.0,767.624612961781,829.8983304593108,0.0,12087611.85494099,0.0,0.0,12087611.85494099,20.8761185494099,0.0,-0.30218018452524503,-0.007721811577637294,0.9952011283330352,0.5531381920020634
2021-02-22,762.64,768.5,710.2,714.5,36594555.0,0.0,765.5412948064171,828.7500883651884,0.0,12087611.85494099,0.0,0.0,12087611.85494099,20.8761185494099,0.0,-0.3618427516233042,-0.08549852809420189,0.9952013144418002,0.5452429537863486
2021-02-23,662.13,713.6099,619.0,698.84,66606882.0,0.0,762.9255577551851,827.4574506700123,0.0,12087611.85494099,0.0,0.0,12087611.85494099,20.8761185494099,0.0,-0.37582951510766954,-0.021917424772568195,0.995201498238764,0.4562404064830883
2021-02-24,711.85,745.0,694.17,742.02,36766950.0,0.0,762.1057319608641,826.6073267827486,0.0,12087611.85494099,0.0,0.0,12087611.85494099,20.8761185494099,0.0,-0.3372632030224271,0.061788106004235566,0.9952016797667276,0.4338633540471796
2021-02-25,726.15,737.2066,670.58,682.22,38126722.0,0.0,758.9729581584772,825.1706369640149,0.0,12087611.85494099,0.0,0.0,12087611.85494099,20.8761185494099,0.0,-0.390673704706019,-0.08059081965445669,0.995201859067453,0.4956844531405473
2021-02-26,700.0,706.7,659.51,675.5,39767316.0,0.0,755.6995088189292,823.6813768947212,0.0,12087611.85494099,0.0,0.0,12087611.85494099,20.8761185494099,0.0,-0.3966756875039076,-0.009850194951775082,0.9952020361816807,0.41257553194365904
2021-03-01,690.11,719.0,685.05,718.43,27136239.0,0.0,754.2379594534809,822.6340995126842,0.0,12087611.85494099,0.0,0.0,12087611.85494099,20.8761185494099,0.0,-0.3583326634691819,0.06355292376017752,0.9952022111491546,0.40260864348020403
2021-03-02,718.28,721.11,685.0,686.44,23732158.0,0.0,751.5792159455012,821.2789343434038,0.0,12087611.85494099,0.0,0.0,12087611.85494099,20.8761185494099,0.0,-0.38690460241329727,-0.044527650571384636,0.9952023840086837,0.46587911628239315
2021-03-03,687.99,700.7,651.705,653.2,30207960.0,0.0,747.7212074770503,819.6065071360067,0.0,12087611.85494099,0.0,0.0,12087611.85494099,20.8761185494099,0.0,-0.4165929816099962,-0.04842375152963119,0.9952025547981322,0.4205490120095974
2021-03-04,655.8,668.45,600.0,621.44,64799898.0,0.0,742.769003262264,817.6347010948524,0.0,12087611.85494099,0.0,0.0,12087611.85494099,20.8761185494099,0.0,-0.44495949554763625,-0.048622167789344695,0.9952027235544508,0.37133725221214003
2021-03-05,626.06,627.8419,539.49,597.95,89396459.0,0.0,737.0898266637439,815.4487836710231,0.0,12087611.85494099,0.0,0.0,12087611.85494099,20.8761185494099,0.0,-0.4659396407741843,-0.03779930484037075,0.9952028903137339,0.32205553758923244
2021-03-08,600.55,620.125,558.79,563.0,51786958.0,0.0,730.2627746377148,812.9368554752916,0.0,12087611.85494099,0.0,0.0,12087611.85494099,20.8761185494099,0.0,-0.49715531023641746,-0.05844970315243758,0.9952030551112332,0.283893855275775
2021-03-09,608.18,678.09,595.21,673.58,67523328.0,0.0,728.0399207303534,811.5502200974281,0.0,12087611.85494099,0.0,0.0,12087611.85494099,20.8761185494099,0.0,-0.3983905397318757,0.1964120781527532,0.9952032179813578,0.22486548111678287
2021-03-10,700.3,717.85,655.06,668.06,60605672.0,0.0,725.687766976222,810.1224567133742,0.0,12087611.85494099,0.0,0.0,12087611.85494099,20.8761185494099,0.0,-0.4033207398872843,-0.008195017666795423,0.9952033789577229,0.41369769183326743
2021-03-11,699.4,702.5,677.18,699.6,36253892.0,0.0,724.6647172908799,809.0227307759277,0.0,12087611.85494099,0.0,0.0,12087611.85494099,20.8761185494099,0.0,-0.3751507194340988,0.04721132832380337,0.9952035380731564,0.40562970711872576
2021-03-12,670.0,694.88,666.1394,693.73,33583840.0,0.0,723.4515911226102,807.8755394249234,0.0,12087611.85494099,0.0,0.0,12087611.85494099,20.8761185494099,0.0,-0.38039352286023065,-0.008390508862206936,0.9952036953597649,0.4515884112431354
2021-03-15,694.09,713.18,684.04,707.94,29423479.0,0.0,722.8432934315275,806.8811559480586,0.0,12087611.85494099,0.0,0.0,12087611.85494099,20.8761185494099,0.0,-0.36770183006886203,0.020483473397431284,0.995203850848872,0.4433331448966168
2021-03-16,703.35,707.92,671.0,676.88,32195672.0,0.0,721.0408113361734,805.5876121077795,0.0,12087611.85494099,0.0,0.0,12087611.85494099,20.8761185494099,0.0,-0.3954431374650555,-0.043873774613667926,0.9952040045711417,0.46337577431765664
2021-03-17,656.87,703.73,651.01,701.81,40372453.0,0.0,720.2866618720097,804.5549990519808,0.0,12087611.85494099,0.0,0.0,12087611.85494099,20.8761185494099,0.0,-0.37317685306753134,0.03683075286609139,0.9952041565564965,0.4198835992205552
2021-03-18,684.29,689.23,652.0,653.16,33369022.0,0.0,717.654243759382,803.048581150966,0.0,12087611.85494099,0.0,0.0,12087611.85494099,20.8761185494099,0.0,-0.4166287076980789,-0.06932075633006085,0.9952043068342253,0.4557426691404786
2021-03-19,646.6,657.23,624.6201,654.87,42893978.0,0.0,715.1921165531317,801.5741674081703,0.0,12087611.85494099,0.0,0.0,12087611.85494099,20.8761185494099,0.0,-0.41510141743254475,0.002618041521220027,0.9952044554329406,0.38685992805744795
2021-03-22,684.59,699.62,668.75,670.0,39512221.0,0.0,713.4198766883029,800.2649717125666,0.0,12087611.85494099,0.0,0.0,12087611.85494099,20.8761185494099,0.0,-0.40158802461527476,0.023103822132636953,0.995204602380624,0.38942508503932566
2021-03-23,675.77,677.8,657.51,662.16,30491870.0,0.0,711.4096854456244,798.890792889556,0.0,12087611.85494099,0.0,0.0,12087611.85494099,20.8761185494099,0.0,-0.4085903378794781,-0.011701492537313452,0.9952047477046355,0.411930110800233
2021-03-24,667.91,668.02,630.11,630.27,33795174.0,0.0,708.2277369967765,797.212974054834,0.0,12087611.85494099,0.0,0.0,12087611.85494099,20.8761185494099,0.0,-0.4370729616033869,-0.04816056542225444,0.9952048914317482,0.4004622066726267
2021-03-25,613.0,645.5,609.5,640.39,39224850.0,0.0,705.5674335851382,795.6525464522985,0.0,12087611.85494099,0.0,0.0,12087611.85494099,20.8761185494099,0.0,-0.42803426131847133,0.016056610658923942,0.9952050335881284,0.3529739004791433
2021-03-26,641.87,643.82,599.89,618.71,33852827.0,0.0,702.1612597190544,793.8919240995392,0.0,12087611.85494099,0.0,0.0,12087611.85494099,20.8761185494099,0.0,-0.4473978010592785,-0.03385436999328528,0.9952051741993905,0.368617289948894
2021-03-29,615.64,616.48,596.02,611.29,28636985.0,0.0,698.5976809065426,792.0749895313846,0.0,12087611.85494099,0.0,0.0,12087611.85494099,20.8761185494099,0.0,-0.45402499039861394,-0.011992694477218846,0.9952053132905904,0.33537390280560486
2021-03-30,601.75,637.66,591.01,635.62,39432359.0,0.0,696.1279679298153,790.5182234663957,0.0,12087611.85494099,0.0,0.0,12087611.85494099,20.8761185494099,0.0,-0.4322945973223298,0.03980107641217767,0.9952054508862537,0.32365098856056473
2021-03-31,646.62,672.0,641.11,667.93,33337288.0,0.0,695.0221652659011,789.2984401483222,0.0,12087611.85494099,0.0,0.0,12087611.85494099,20.8761185494099,0.0,-0.403436849673553,0.05083225826751825,0.9952055870103501,0.3622274917010039
2021-04-01,688.37,692.4203,659.42,661.75,35298378.0,0.0,693.7173744711599,788.0293014403787,0.0,12087611.85494099,0.0,0.0,12087611.85494099,20.8761185494099,0.0,-0.4089565302823255,-0.00925246657583867,0.9952057216863757,0.41131362048971226
2021-04-05,707.71,708.16,684.7,691.05,41842767.0,0.0,693.6127715507223,787.0643332668427,0.0,12087611.85494099,0.0,0.0,12087611.85494099,20.8761185494099,0.0,-0.3827871707617696,0.044276539478655064,0.9952058549373084,0.4022857542216677
2021-04-06,690.3,696.55,681.37,691.62,28271839.0,0.0,693.5346236467724,786.1146384084662,0.0,12087611.85494099,0.0,0.0,12087611.85494099,20.8761185494099,0.0,-0.38227807400659153,0.0008248317777295178,0.9952059867856549,0.44502441764540795
2021-04-07,687.0,691.38,667.84,670.97,26309433.0,0.0,692.6497364449383,784.9689206133572,0.0,12087611.85494099,0.0,0.0,12087611.85494099,20.8761185494099,0.0,-0.40072166697927,-0.029857436164367646,0.9952061172534454,0.44583237452232644
2021-04-08,677.38,689.5499,671.645,683.8,23924329.0,0.0,692.3026879569015,783.9622646868562,0.0,12087611.85494099,0.0,0.0,12087611.85494099,20.8761185494099,0.0,-0.38926252422675356,0.01912157026394601,0.995206246362249,0.41658853917522315
2021-04-09,677.77,680.97,669.43,677.02,21437087.0,0.0,691.7033668605525,782.8981625506686,0.0,12087611.85494099,0.0,0.0,12087611.85494099,20.8761185494099,0.0,-0.39531809615676616,-0.009915179877157065,0.9952063741331839,0.4351277413446737
2021-04-12,685.7,704.8,682.09,701.98,29135670.0,0.0,692.1063720817073,782.0930067043934,0.0,12087611.85494099,0.0,0.0,12087611.85494099,20.8761185494099,0.0,-0.37302501719317993,0.03686744852441581,0.995206500586935,0.4254638915795261
2021-04-13,712.7,763.0,710.66,762.32,44652808.0,0.0,694.8598476863461,781.8962603690263,0.0,12087611.85494099,0.0,0.0,12087611.85494099,20.8761185494099,0.0,-0.319132213320472,0.08595686486794496,0.9952066257437816,0.4610490825457113
2021-04-14,770.7,780.79,728.03,732.23,49017434.0,0.0,696.3253438555091,781.4020687235634,0.0,12087611.85494099,0.0,0.0,12087611.85494099,20.8761185494099,0.0,-0.3460071630806606,-0.039471612970930936,0.9952067496235615,0.5427869203231975
2021-04-15,743.1,743.69,721.31,738.85,27848900.0,0.0,697.992977429803,780.9786650546722,0.0,12087611.85494099,0.0,0.0,12087611.85494099,20.8761185494099,0.0,-0.3400944955029787,0.00904087513486207,0.9952068722457205,0.5041448483202674
2021-04-16,728.65,749.41,724.6,739.78,27979526.0,0.0,699.6316841972617,780.5687280889541,0.0,12087611.85494099,0.0,0.0,12087611.85494099,20.8761185494099,0.0,-0.33926386395505664,0.0012587128645868972,0.9952069936293171,0.5128897295457345
2021-04-19,719.6,725.4,691.8001,714.63,39686226.0,0.0,700.2198534444279,779.9126213418004,0.0,12087611.85494099,0.0,0.0,12087611.85494099,20.8761185494099,0.0,-0.3617266418370355,-0.03399659358187568,0.9952071137930235,0.5141137036770778
2021-04-20,717.42,737.25,710.685,718.99,35609038.0,0.0,700.955937623078,779.3064261045687,0.0,12087611.85494099,0.0,0.0,12087611.85494099,20.8761185494099,0.0,-0.3578324982360245,0.006101059289422617,0.9952072327551318,0.48092110443481295
2021-04-21,704.77,744.84,698.0,744.12,31215514.0,0.0,702.6486459515846,778.956312411986,0.0,12087611.85494099,0.0,0.0,12087611.85494099,20.8761185494099,0.0,-0.33538758339808694,0.034951807396486734,0.9952073505335829,0.4868240859362684
2021-04-22,741.5,753.77,718.04,719.69,35590255.0,0.0,703.3169343456402,778.366597860623,0.0,12087611.85494099,0.0,0.0,12087611.85494099,20.8761185494099,0.0,-0.3572072916945777,-0.0328307262269526,0.9952074671459528,0.5203740595652309
2021-04-23,719.8,737.36,715.46,729.4,28413889.0,0.0,704.339799665419,777.8793680311641,0.0,12087611.85494099,0.0,0.0,12087611.85494099,20.8761185494099,0.0,-0.3485347838125096,0.013491920132279178,0.9952075826094708,0.48835935532959174
2021-04-26,741.0,749.3,732.6053,738.2,31038502.0,0.0,705.6676506589321,777.4845484487644,0.0,12087611.85494099,0.0,0.0,12087611.85494099,20.8761185494099,0.0,-0.34067504443432206,0.012064710721140681,0.9952076969410346,0.5013705020570599
2021-04-27,717.96,724.0,703.3501,704.74,29436995.0,0.0,705.6312722017191,776.7607220960405,0.0,12087611.85494099,0.0,0.0,12087611.85494099,20.8761185494099,0.0,-0.3705599171154757,-0.04532646979138455,0.99520781015721,0.5130091189853485
2021-04-28,696.41,708.5,693.6,694.4,22271047.0,0.0,705.1908301545928,775.9412124234431,0.0,12087611.85494099,0.0,0.0,12087611.85494099,20.8761185494099,0.0,-0.37979511088484597,-0.01467207764565659,0.995207922274239,0.4687299663990466
2021-04-29,699.51,702.25,668.5002,677.0,28845449.0,0.0,704.0853074034324,774.956722747588,0.0,12087611.85494099,0.0,0.0,12087611.85494099,20.8761185494099,0.0,-0.39533595920080744,-0.0250576036866359,0.9952080333080373,0.45451647436727877
2021-04-30,667.59,715.47,666.14,709.44,40758722.0,0.0,704.2952953483958,774.3048150585573,0.0,12087611.85494099,0.0,0.0,12087611.85494099,20.8761185494099,0.0,-0.3663621017657619,0.04791728212703106,0.9952081432742494,0.4301961686777006
2021-05-03,703.8,706.0,680.5,684.9,27043143.0,0.0,703.5346955308117,773.4152149087209,0.0,12087611.85494099,0.0,0.0,12087611.85494099,20.8761185494099,0.0,-0.38828005680448013,-0.03459066305818681,0.9952082521881871,0.4759533741006814
2021-05-04,678.94,683.4464,657.701,673.6,29739319.0,0.0,702.3607859021524,772.4220286907238,0.0,12087611.85494099,0.0,0.0,12087611.85494099,20.8761185494099,0.0,-0.39837267668783444,-0.016498758942911307,0.9952083600648902,0.4423481021490721
2021-05-05,681.06,685.2955,667.34,670.94,21901894.0,0.0,701.1285982197151,771.4122572609654,0.0,12087611.85494099,0.0,0.0,12087611.85494099,20.8761185494099,0.0,-0.40074846154533195,-0.003948931116389498,0.9952084669190864,0.4263963084507281
2021-05-06,680.76,681.02,650.0,663.54,27784619.0,0.0,699.6545355444321,770.338901467324,0.0,12087611.85494099,0.0,0.0,12087611.85494099,20.8761185494099,0.0,-0.407357787840626,-0.011029302173070743,0.9952085727652651,0.4225917811085043
2021-05-07,665.8,690.0,660.22,672.37,23469172.0,0.0,698.5845537583759,769.3640865273508,0.0,12087611.85494099,0.0,0.0,12087611.85494099,20.8761185494099,0.0,-0.39947125389637655,0.013307411761159793,0.9952086776176176,0.4119444958744998
2021-05-10,664.9,665.05,627.6101,629.04,31392417.0,0.0,695.8573163560867,767.9678269599144,0.0,12087611.85494099,0.0,0.0,12087611.85494099,20.8761185494099,0.0,-0.43817153881192905,-0.06444368428097635,0.9952087814900722,0.42473558167492115
2021-05-11,599.24,627.0999,595.6,617.2,46503896.0,0.0,692.7727157146716,766.4676495772287,0.0,12087611.85494099,0.0,0.0,12087611.85494099,20.8761185494099,0.0,-0.44874646088439935,-0.01882233244308773,0.9952088843963113,0.36195889503468837
2021-05-12,602.49,620.41,586.765,589.89,33823646.0,0.0,688.7380994121354,764.7106580391469,0.0,12087611.85494099,0.0,0.0,12087611.85494099,20.8761185494099,0.0,-0.47313844752284245,-0.044248217757615116,0.9952089863497398,0.3438120956659008
2021-05-13,601.545,606.4599,559.65,571.69,44184916.0,0.0,684.1479778665614,762.7900544765683,0.0,12087611.85494099,0.0,0.0,12087611.85494099,20.8761185494099,0.0,-0.4893938176004573,-0.030853209920493563,0.9952090873635309,0.30101967628761933
2021-05-14,583.41,592.87,570.46,589.74,33370856.0,0.0,680.4457042247354,761.0681633872492,0.0,12087611.85494099,0.0,0.0,12087611.85494099,20.8761185494099,0.0,-0.4732724203531524,0.03157305532718779,0.9952091874506256,0.2712842932235401
2021-05-17,575.5531,589.73,561.2,576.83,32390360.0,0.0,676.3823432747458,759.2349478311572,0.0,12087611.85494099,0.0,0.0,12087611.85494099,20.8761185494099,0.0,-0.48480301528183417,-0.02189100281479972,0.9952092866237165,0.30144488558647986
2021-05-18,568.0,596.25,563.38,577.87,36830567.0,0.0,672.5191141267165,757.4303214845786,0.0,12087611.85494099,0.0,0.0,12087611.85494099,20.8761185494099,0.0,-0.4838741369916848,0.0018029575438169854,0.995209384895258,0.2803886878202936
2021-05-19,552.55,566.21,546.98,563.46,39578395.0,0.0,668.2422861217473,755.5002685344833,0.0,12087611.85494099,0.0,0.0,12087611.85494099,20.8761185494099,0.0,-0.4967444602234667,-0.024936404381608268,0.9952094822774877,0.2821198012660657
2021-05-20,575.0,588.85,571.07,586.78,30821119.0,0.0,665.0476866659925,753.8214598923491,0.0,12087611.85494099,0.0,0.0,12087611.85494099,20.8761185494099,0.0,-0.47591615087127004,0.04138714371916352,0.9952095787824357,0.2581371867384412
2021-05-21,596.11,596.68,580.0,580.88,26030595.0,0.0,661.7469930712477,752.1006493461567,0.0,12087611.85494099,0.0,0.0,12087611.85494099,20.8761185494099,0.0,-0.4811857488634639,-0.01005487576263675,0.9952096744218993,0.2975802564663235
2021-05-24,581.6,614.48,573.65,606.44,34558089.0,0.0,659.5780913821792,750.6512896511701,0.0,12087611.85494099,0.0,0.0,12087611.85494099,20.8761185494099,0.0,-0.4583567785786376,0.0440022035532297,0.9952097692074616,0.2879374680206134
2021-05-25,607.31,613.99,595.71,604.69,28005933.0,0.0,657.425617210329,749.1989385103625,0.0,12087611.85494099,0.0,0.0,12087611.85494099,20.8761185494099,0.0,-0.45991979493225443,-0.0028856935558340124,0.9952098631505145,0.32979924889366496
2021-05-26,607.56,626.17,601.5,619.13,28639305.0,0.0,655.92382830012,747.9047202167271,0.0,12087611.85494099,0.0,0.0,12087611.85494099,20.8761185494099,0.0,-0.4470226771344105,0.023880004630471685,0.9952099562622269,0.32703866228096967
2021-05-27,620.24,631.13,616.21,630.85,26370593.0,0.0,654.9405409158016,746.7399966324812,0.0,12087611.85494099,0.0,0.0,12087611.85494099,20.8761185494099,0.0,-0.43655493332618817,0.01892978857428984,0.9952100485536186,0.3498090375221391
2021-05-28,628.5,635.59,622.38,625.22,22737038.0,0.0,653.7750295073388,745.5308424371332,0.0,12087611.85494099,0.0,0.0,12087611.85494099,20.8761185494099,0.0,-0.441583380223824,-0.008924466988983082,0.9952101400354401,0.36786910342616735
2021-06-01,627.8,633.8,620.55,623.9,18084890.0,0.0,652.6034597227373,744.3205852984553,0.0,12087611.85494099,0.0,0.0,12087611.85494099,20.8761185494099,0.0,-0.44276234113055213,-0.0021112568375932783,0.9952102307183299,0.35931855713787636
2021-06-02,620.13,623.36,599.14,605.12,23302779.0,0.0,650.7413632630221,742.9355048477244,0.0,12087611.85494099,0.0,0.0,12087611.85494099,20.8761185494099,0.0,-0.45953573948536575,-0.03010097772078857,0.9952103206127064,0.35730048993737873
2021-06-03,601.8,604.55,571.22,572.84,30111893.0,0.0,647.6864078409428,741.243012262175,0.0,12087611.85494099,0.0,0.0,12087611.85494099,20.8761185494099,0.0,-0.4883666925680806,-0.053344791115811696,0.9952104097287948,0.32836461627067903
2021-06-04,579.71,600.61,577.2,599.05,24036896.0,0.0,645.7790977295333,739.8281564187702,0.0,12087611.85494099,0.0,0.0,12087611.85494099,20.8761185494099,0.0,-0.464957173351911,0.04575448641854596,0.995210498076658,0.2769922316777381
2021-06-07,591.825,610.0,582.88,605.13,22543682.0,0.0,644.18501546563,738.4878762553994,0.0,12087611.85494099,0.0,0.0,12087611.85494099,20.8761185494099,0.0,-0.4595268079633451,0.010149403221767939,0.9952105856661995,0.3203854098800839
2021-06-08,623.01,623.09,595.5,603.59,26053405.0,0.0,642.593054074821,737.1456088299726,0.0,12087611.85494099,0.0,0.0,12087611.85494099,20.8761185494099,0.0,-0.46090226235452786,-0.0025449077057821956,0.9952106725071302,0.3300574614350615
2021-06-09,602.17,611.79,597.6301,598.78,16584566.0,0.0,640.8748950914947,735.7688366028087,0.0,12087611.85494099,0.0,0.0,12087611.85494099,20.8761185494099,0.0,-0.465198324446469,-0.007968985569674847,0.9952107586090068,0.3276307671932041
2021-06-10,603.88,616.59,600.5,610.12,23919606.0,0.0,639.6688207741812,734.5185994226813,0.0,12087611.85494099,0.0,0.0,12087611.85494099,20.8761185494099,0.0,-0.455069978475032,0.018938508300210488,0.9952108439812442,0.32002012305994787
2021-06-11,610.23,612.56,601.52,609.89,16205303.0,0.0,638.501023881076,733.2785138562865,0.0,12087611.85494099,0.0,0.0,12087611.85494099,20.8761185494099,0.0,-0.45527540348150736,-0.0003769750213072909,0.9952109286330503,0.338038363906525
2021-06-14,612.23,625.49,609.18,617.69,20423983.0,0.0,637.6849052975044,732.1283793900548,0.0,12087611.85494099,0.0,0.0,12087611.85494099,20.8761185494099,0.0,-0.4483088163053866,0.012789191493548069,0.9952110125735245,0.33768132020200703
2021-06-15,616.69,616.79,598.23,599.36,17764145.0,0.0,636.1819678348572,730.8073009881637,0.0,12087611.85494099,0.0,0.0,12087611.85494099,20.8761185494099,0.0,-0.46468029616927026,-0.029675079732552012,0.9952110958115802,0.34986011512325654
2021-06-16,597.535,608.5,593.5,604.87,21845739.0,0.0,634.9540475276079,729.5541935156447,0.0,12087611.85494099,0.0,0.0,12087611.85494099,20.8761185494099,0.0,-0.45975902753588244,0.009193139348638635,0.995211178356021,0.32142319269991126
2021-06-17,601.8878,621.47,601.34,616.6,22701350.0,0.0,634.2342809578978,728.4302711921059,0.0,12087611.85494099,0.0,0.0,12087611.85494099,20.8761185494099,0.0,-0.4492823522056394,0.019392596756327762,0.9952112602154497,0.33017948200872327
2021-06-18,613.37,628.35,611.8,623.31,24560905.0,0.0,633.8058777830784,727.3842983444233,0.0,12087611.85494099,0.0,0.0,12087611.85494099,20.8761185494099,0.0,-0.44328930092977153,0.010882257541355633,0.9952113413983834,0.34861532517493266
2021-06-21,624.48,631.39,608.88,620.83,24812741.0,0.0,633.2970198308008,726.3240565698519,0.0,12087611.85494099,0.0,0.0,12087611.85494099,20.8761185494099,0.0,-0.445504318390897,-0.003978758563154661,0.9952114219131599,0.3589749658269296
2021-06-22,618.25,628.5693,615.5,623.71,19158892.0,0.0,632.9210582688087,725.3030211810972,0.0,12087611.85494099,0.0,0.0,12087611.85494099,20.8761185494099,0.0,-0.44293204004894476,0.004638951081616494,0.9952115017680009,0.35518133997870965
2021-06-23,632.0,657.204,630.04,656.57,31099228.0,0.0,633.8484677484632,724.6191105225788,0.0,12087611.85494099,0.0,0.0,12087611.85494099,20.8761185494099,0.0,-0.4135830586890312,0.05268474130605583,0.9952115809709958,0.35960356632863927
2021-06-24,674.99,697.62,667.61,679.82,45982386.0,0.0,635.651272934798,724.1733482288219,0.0,12087611.85494099,0.0,0.0,12087611.85494099,20.8761185494099,0.0,-0.39281726999097916,0.035411304202141336,0.995211659530062,0.40932851278495747
2021-06-25,689.58,693.81,668.7,671.87,32496707.0,0.0,637.0716151726491,723.652916903162,0.0,12087611.85494099,0.0,0.0,12087611.85494099,20.8761185494099,0.0,-0.39991782999740993,-0.011694272013180074,0.9952117374530494,0.44281135884721934
2021-06-28,671.64,694.6999,670.32,688.72,21628159.0,0.0,639.0970420286236,723.3053256901953,0.0,12087611.85494099,0.0,0.0,12087611.85494099,20.8761185494099,0.0,-0.3848682153925851,0.025079256403768513,0.9952118147476526,0.4316532105301083
2021-06-29,684.65,687.5099,675.89,680.76,17381313.0,0.0,640.7308835176973,722.8819891161635,0.0,12087611.85494099,0.0,0.0,12087611.85494099,20.8761185494099,0.0,-0.3919777069210365,-0.011557672203508007,0.9952118914214181,0.45540351118386735
2021-06-30,679.77,692.81,678.14,679.7,18924862.0,0.0,642.2590841640621,722.4523175826694,0.0,12087611.85494099,0.0,0.0,12087611.85494099,20.8761185494099,0.0,-0.3929244482552272,-0.0015570832598859052,0.9952119674818314,0.4443782908043375
2021-07-01,683.92,687.99,672.8,677.92,18634522.0,0.0,643.6575514517459,722.009209945031,0.0,12087611.85494099,0.0,0.0,12087611.85494099,20.8761185494099,0.0,-0.39451425917490607,-0.002618802412829302,0.9952120429361773,0.44289866083998564
2021-07-02,678.98,700.0,673.26,678.9,27097374.0,0.0,645.0396082575598,721.5802625823939,0.0,12087611.85494099,0.0,0.0,12087611.85494099,20.8761185494099,0.0,-0.39363897001688064,0.0014455983006844697,0.9952121177917082,0.44040763670612115
2021-07-06,681.7115,684.0,651.4002,659.58,23284450.0,0.0,645.6098196984399,720.9633445467482,0.0,12087611.85494099,0.0,0.0,12087611.85494099,20.8761185494099,0.0,-0.4108946705608103,-0.028457799381352067,0.9952121920555197,0.4417858408263753
2021-07-07,664.27,665.7,638.32,644.65,18791960.0,0.0,645.5721797102658,720.2040077850891,0.0,12087611.85494099,0.0,0.0,12087611.85494099,20.8761185494099,0.0,-0.42422943293766696,-0.02263561660450597,0.9952122657345939,0.4145531798176601
2021-07-08,628.37,654.43,620.46,652.81,22773316.0,0.0,645.8560158000594,719.5334206429488,0.0,12087611.85494099,0.0,0.0,12087611.85494099,20.8761185494099,0.0,-0.4169413109688023,0.012658031489955812,0.9952123388357983,0.39293280542001746
2021-07-09,653.185,658.91,644.69,656.95,18140548.0,0.0,646.2910740039786,718.9107000395364,0.0,12087611.85494099,0.0,0.0,12087611.85494099,20.8761185494099,0.0,-0.41324366085224584,0.006341814616810604,0.9952124113659085,0.4049436125949605
2021-07-12,662.2,687.24,662.161,685.7,25927042.0,0.0,647.836522082254,718.5802453127749,0.0,12087611.85494099,0.0,0.0,12087611.85494099,20.8761185494099,0.0,-0.38756553504282665,0.043762843443184485,0.9952124833316162,0.41096953978338246
2021-07-13,686.32,693.28,666.2958,668.54,20966092.0,0.0,648.6484231770676,718.0823324240906,0.0,12087611.85494099,0.0,0.0,12087611.85494099,20.8761185494099,0.0,-0.40289202683029224,-0.025025521365028558,0.9952125547394496,0.45220091280235963
2021-07-14,670.75,678.6099,652.84,653.38,21641190.0,0.0,648.8339752093394,717.4385281213633,0.0,12087611.85494099,0.0,0.0,12087611.85494099,20.8761185494099,0.0,-0.4164322142136242,-0.022676279654171738,0.9952126255958981,0.428300862428384
2021-07-15,658.39,666.14,637.88,650.6,20209571.0,0.0,648.903231083483,716.7734681400563,0.0,12087611.85494099,0.0,0.0,12087611.85494099,20.8761185494099,0.0,-0.41891517733536976,-0.004254798126664405,0.9952126959073051,0.4066684369708019
2021-07-16,654.68,656.6999,642.2,644.22,16370970.0,0.0,648.7195749625621,716.0515430839363,0.0,12087611.85494099,0.0,0.0,12087611.85494099,20.8761185494099,0.0,-0.42461348838455565,-0.009806332616046687,0.995212765679949,0.4026271257147895
2021-07-19,629.89,647.1999,621.29,646.22,21297090.0,0.0,648.6215524150107,715.3567018592206,0.0,12087611.85494099,0.0,0.0,12087611.85494099,20.8761185494099,0.0,-0.4228271839804221,0.003104529508553,0.9952128349199989,0.39330037162370374
2021-07-20,651.99,662.3916,640.501,660.5,15487127.0,0.0,649.0873738889318,714.8108640297756,0.0,12087611.85494099,0.0,0.0,12087611.85494099,20.8761185494099,0.0,-0.41007297053490893,0.022097737612577717,0.9952129036334995,0.39624895710441826
2021-07-21,659.61,664.8599,650.2901,655.29,13953338.0,0.0,649.3306141285816,714.2186166264944,0.0,12087611.85494099,0.0,0.0,12087611.85494099,20.8761185494099,0.0,-0.41472629350767676,-0.007887963663890996,0.9952129718264738,0.4171433474917465
2021-07-22,656.4428,662.17,644.6001,649.26,15105727.0,0.0,649.3278449470687,713.572262232201,0.0,12087611.85494099,0.0,0.0,12087611.85494099,20.8761185494099,0.0,-0.42011200128613924,-0.009202032687817607,0.9952130395048038,0.4096452524529245
2021-07-23,646.36,648.8,637.3001,643.38,14604944.0,0.0,649.094596125615,712.8738317622289,0.0,12087611.85494099,0.0,0.0,12087611.85494099,20.8761185494099,0.0,-0.42536373623429174,-0.0090564642824138,0.9952131066742641,0.4008962251353681
2021-07-26,650.97,668.1999,647.11,657.62,25336556.0,0.0,649.4289256893163,712.3240423914605,0.0,12087611.85494099,0.0,0.0,12087611.85494099,20.8761185494099,0.0,-0.41264524887686116,0.022133109515372063,0.9952131733406111,0.392286782503127
2021-07-27,663.4,666.5,627.24,644.78,32813290.0,0.0,649.2466148779706,711.6519623676649,0.0,12087611.85494099,0.0,0.0,12087611.85494099,20.8761185494099,0.0,-0.4241133231513983,-0.019524953620632002,0.9952132395094603,0.4132084290420013
2021-07-28,646.995,654.9699,639.4001,646.98,16006596.0,0.0,649.157728020011,711.0084602545538,0.0,12087611.85494099,0.0,0.0,12087611.85494099,20.8761185494099,0.0,-0.4221483883068514,0.0034120165017526016,0.9952133051863677,0.3946119532159143
2021-07-29,649.79,683.69,648.8,677.35,29688446.0,0.0,650.2633073133438,710.6735502022698,0.0,12087611.85494099,0.0,0.0,12087611.85494099,20.8761185494099,0.0,-0.3950233559300841,0.04694117283378163,0.9952133703767801,0.3978497996846128
2021-07-30,671.758,697.53,669.0,687.2,29656411.0,0.0,651.7118050657618,710.4399825385657,0.0,12087611.85494099,0.0,0.0,12087611.85494099,20.8761185494099,0.0,-0.38622580673972656,0.014541965010703484,0.9952134350861053,0.44195980585812406
2021-08-02,700.0,726.94,698.4,709.67,33615765.0,0.0,653.9846754553398,710.432321020769,0.0,12087611.85494099,0.0,0.0,12087611.85494099,20.8761185494099,0.0,-0.36615667675928665,0.03269790454016275,0.9952134993196334,0.45570733218269
2021-08-03,719.0,722.65,701.01,709.74,21620253.0,0.0,656.1711587708168,710.4254322543933,0.0,12087611.85494099,0.0,0.0,12087611.85494099,20.8761185494099,0.0,-0.36609415610514195,9.863739484550216e-05,0.9952135630825949,0.48647995172707054
2021-08-04,711.0,724.9,708.93,710.92,17002647.0,0.0,658.3181721523533,710.4303533264889,0.0,12087611.85494099,0.0,0.0,12087611.85494099,20.8761185494099,0.0,-0.3650402365067032,0.001662580663341462,0.9952136263801515,0.4865759143271969
2021-08-05,716.0,720.9499,711.41,714.63,12919637.0,0.0,660.5264791267708,710.4721408555786,0.0,12087611.85494099,0.0,0.0,12087611.85494099,20.8761185494099,0.0,-0.3617266418370355,0.005218589996061507,0.9952136892173693,0.4881536176375907
2021-08-06,711.9,716.33,697.63,699.1,15623049.0,0.0,662.0391662198386,710.3589852251748,0.0,12087611.85494099,0.0,0.0,12087611.85494099,20.8761185494099,0.0,-0.37559729553513216,-0.02173152540475487,0.9952137515992634,0.49309647520582633
2021-08-09,710.17,719.03,705.13,713.76,14715349.0,0.0,664.0674342112176,710.3928261682079,0.0,12087611.85494099,0.0,0.0,12087611.85494099,20.8761185494099,0.0,-0.3625036842528336,0.020969818337862822,0.9952138135307522,0.47240127189979325
2021-08-10,713.99,716.59,701.88,709.99,13432305.0,0.0,665.8683191441111,710.3888179476287,0.0,12087611.85494099,0.0,0.0,12087611.85494099,20.8761185494099,0.0,-0.36587086805462526,-0.005281887469177238,0.9952138750167179,0.492177366381199
2021-08-11,712.71,715.18,704.21,707.82,9800558.0,0.0,667.513483099244,710.3632575700403,0.0,12087611.85494099,0.0,0.0,12087611.85494099,20.8761185494099,0.0,-0.3678090083331101,-0.0030563810757897603,0.9952139360619048,0.48716930443874495
2021-08-12,706.34,722.8,699.4,722.25,17681686.0,0.0,669.6600131737836,710.4815336141196,0.0,12087611.85494099,0.0,0.0,12087611.85494099,20.8761185494099,0.0,-0.35492082205728687,0.020386538950580624,0.9952139966710841,0.48427394995979195
2021-08-13,723.71,729.9,714.34,717.17,16671844.0,0.0,671.5231499120666,710.5480855184568,0.0,12087611.85494099,0.0,0.0,12087611.85494099,20.8761185494099,0.0,-0.359458035243786,-0.007033575631706479,0.9952140568488934,0.5034976977056665
2021-08-16,705.07,709.5,676.4,686.17,23103303.0,0.0,672.0975361900248,710.3055175033478,0.0,12087611.85494099,0.0,0.0,12087611.85494099,20.8761185494099,0.0,-0.38714575350785535,-0.04322545561024582,0.995214116599925,0.4968259751842869
2021-08-17,672.66,674.58,648.84,665.71,23721279.0,0.0,671.8470445747298,709.8617810107771,0.0,12087611.85494099,0.0,0.0,12087611.85494099,20.8761185494099,0.0,-0.4054196475621411,-0.029817683664397965,0.9952141759286838,0.45550356218724897
2021-08-18,669.7479,695.77,669.35,688.99,20349375.0,0.0,672.5193173365051,709.6541015977346,0.0,12087611.85494099,0.0,0.0,12087611.85494099,20.8761185494099,0.0,-0.38462706429802707,0.03497018221147341,0.9952142348396513,0.4271210645507487
2021-08-19,678.21,686.55,667.59,673.47,14313486.0,0.0,672.5565990095834,709.2940607858168,0.0,12087611.85494099,0.0,0.0,12087611.85494099,20.8761185494099,0.0,-0.3984887864741031,-0.022525726062787577,0.9952142933372362,0.45994823608674734
2021-08-20,682.85,692.1299,673.7,680.26,14841865.0,0.0,672.8586931660702,709.0051646585947,0.0,12087611.85494099,0.0,0.0,12087611.85494099,20.8761185494099,0.0,-0.39242428302206983,0.01008211204656484,0.9952143514257379,0.43855555068766
2021-08-23,685.442,712.1299,680.7505,706.3,20264859.0,0.0,674.1701169634794,708.9782475973152,0.0,12087611.85494099,0.0,0.0,12087611.85494099,20.8761185494099,0.0,-0.3691665996802516,0.03827948137476844,0.9952144091094522,0.4480662895140122
2021-08-24,710.68,715.22,702.64,708.49,13083071.0,0.0,675.5159947296174,708.9733894122674,0.0,12087611.85494099,0.0,0.0,12087611.85494099,20.8761185494099,0.0,-0.36721059635772535,0.003100665439615069,0.9952144663926055,0.48393286731183566
2021-08-25,707.03,716.97,704.0,711.2,12645562.0,0.0,676.9153674853187,708.9955447414985,0.0,12087611.85494099,0.0,0.0,12087611.85494099,20.8761185494099,0.0,-0.3647901538901244,0.0038250363449026104,0.9952145232793388,0.4868621023117417
2021-08-26,708.31,715.4,697.6201,701.16,13214292.0,0.0,677.8661373878552,708.9175791221802,0.0,12087611.85494099,0.0,0.0,12087611.85494099,20.8761185494099,0.0,-0.3737574019988747,-0.01411698537682804,0.9952145797737424,0.4904745541396996
2021-08-27,705.0,715.0,702.1001,711.92,13833763.0,0.0,679.2015829804884,708.9474539567854,0.0,12087611.85494099,0.0,0.0,12087611.85494099,20.8761185494099,0.0,-0.36414708430463644,0.015345998060357191,0.9952146358799012,0.4770985515417373
2021-08-30,714.715,731.0,712.73,730.91,18604220.0,0.0,681.229364040077,709.1659867532353,0.0,12087611.85494099,0.0,0.0,12087611.85494099,20.8761185494099,0.0,-0.3471861239873888,0.026674345432071034,0.995214691601784,0.4915444514657965
2021-08-31,733.0,740.39,726.44,735.72,20855436.0,0.0,683.3662517247799,709.4302057905167,0.0,12087611.85494099,0.0,0.0,12087611.85494099,20.8761185494099,0.0,-0.34289006189544763,0.006580837586023014,0.995214746943313,0.5165782826884474
2021-09-01,734.08,741.99,731.2701,734.09,13204335.0,0.0,685.3554183238081,709.6755768771782,0.0,12087611.85494099,0.0,0.0,12087611.85494099,20.8761185494099,0.0,-0.34434589998481646,-0.0022155167726852776,0.99521480190837,0.5227849859410721
2021-09-02,734.5,740.97,730.54,732.39,12796739.0,0.0,687.1999117228745,709.9015910376044,0.0,12087611.85494099,0.0,0.0,12087611.85494099,20.8761185494099,0.0,-0.34586425872833,-0.0023157923415385584,0.9952148565007949,0.5206938162865828
2021-09-03,732.2494,734.0,724.2,733.57,15271045.0,0.0,689.0183465572716,710.1370975944442,0.0,12087611.85494099,0.0,0.0,12087611.85494099,20.8761185494099,0.0,-0.3448103391298911,0.0016111634511668527,0.9952149107243748,0.51850786182043
2021-09-07,740.0,760.2,739.26,752.92,20039825.0,0.0,691.5242937511041,710.5627981158925,0.0,12087611.85494099,0.0,0.0,12087611.85494099,20.8761185494099,0.0,-0.32752784401989954,0.026377850784519374,0.9952149645828053,0.5200308776397252
2021-09-08,761.58,764.45,740.7733,753.87,18793036.0,0.0,693.9692234079237,710.9937155475751,0.0,12087611.85494099,0.0,0.0,12087611.85494099,20.8761185494099,0.0,-0.3266793494279361,0.001261754236838053,0.9952150180797794,0.5447748908706075
2021-09-09,753.41,762.1,751.6301,754.86,14077731.0,0.0,696.3570969997699,711.4301959898878,0.0,12087611.85494099,0.0,0.0,12087611.85494099,20.8761185494099,0.0,-0.32579512874788996,0.0013132237653707968,0.9952150712189297,0.5459679550344954
2021-09-10,759.6,762.61,734.5201,736.27,15184170.0,0.0,697.9223088821318,711.6773582188441,0.0,12087611.85494099,0.0,0.0,12087611.85494099,20.8761185494099,0.0,-0.34239882818431094,-0.02462708316773976,0.9952151240038206,0.5472095764258942
2021-09-13,740.2143,744.78,708.85,743.0,22952482.0,0.0,699.6900614749894,711.9890262962687,0.0,12087611.85494099,0.0,0.0,12087611.85494099,20.8761185494099,0.0,-0.3363879138644017,0.009140668504760585,0.9952151764379902,0.5238190200603282
2021-09-14,742.57,754.47,736.4,744.49,18524881.0,0.0,701.4469218093036,712.3124190694402,0.0,12087611.85494099,0.0,0.0,12087611.85494099,20.8761185494099,0.0,-0.3350571170833222,0.002005383580080844,0.995215228524939,0.5324284762823639
2021-09-15,745.0,756.86,738.36,755.83,15357685.0,0.0,703.579591542272,712.7454298249683,0.0,12087611.85494099,0.0,0.0,12087611.85494099,20.8761185494099,0.0,-0.32492877111188523,0.015231903719324702,0.9952152802680738,0.5343223151479367
2021-09-16,752.83,758.91,747.61,756.99,13923393.0,0.0,705.6741173641437,713.1856743043218,0.0,12087611.85494099,0.0,0.0,12087611.85494099,20.8761185494099,0.0,-0.3238927145574878,0.0015347366471296642,0.9952153316707945,0.5486443755592871
2021-09-17,757.15,761.04,750.0,759.49,28204176.0,0.0,707.7845441341773,713.6464138634827,0.0,12087611.85494099,0.0,0.0,12087611.85494099,20.8761185494099,0.0,-0.3216598340523209,0.0033025535343926826,0.9952153827364745,0.5500943461571118
2021-09-20,734.5577,742.0,718.6249,730.17,24757652.0,0.0,708.6624051485232,713.8108276558859,0.0,12087611.85494099,0.0,0.0,12087611.85494099,20.8761185494099,0.0,-0.34784705661691817,-0.03860485325679086,0.9952154334683874,0.5532106964024587
2021-09-21,734.79,744.7399,730.44,739.38,16330723.0,0.0,709.8670167113263,714.0652472812005,0.0,12087611.85494099,0.0,0.0,12087611.85494099,20.8761185494099,0.0,-0.33962112483588336,0.012613500965528601,0.995215483869803,0.5164372571607155
2021-09-22,743.5263,753.6699,739.12,751.94,15126272.0,0.0,711.5169376246076,714.442110492333,0.0,12087611.85494099,0.0,0.0,12087611.85494099,20.8761185494099,0.0,-0.32840313317792486,0.016987205496497237,0.9952155339439507,0.5282968461164607
2021-09-23,755.0,758.2,747.92,753.64,11947527.0,0.0,713.1688224236426,714.832139243653,0.0,12087611.85494099,0.0,0.0,12087611.85494099,20.8761185494099,0.0,-0.32688477443441144,0.0022608186823416254,0.995215583693992,0.5442485351882528
2021-09-24,745.89,774.8,744.56,774.39,21373022.0,1.0,715.5696529168331,715.424754773567,1.0,0.0,15593.610866129946,12075536.31862237,12075536.31862237,20.755363186223693,-0.0009990009990008542,-0.3083518662415263,0.02753303964757703,0.9952156331230814,0.5463811564967459
2021-09-27,773.12,799.0,769.31,791.36,28070657.0,1.0,718.5418233906828,716.1803293529346,0.0,0.0,15593.610866129946,12075536.31862237,12075536.31862237,20.755363186223693,0.0,-0.29319507337245343,0.021914022650086018,0.9904316919246029,0.5721546492263471
2021-09-28,787.2,795.64,766.1801,777.56,25381422.0,1.0,720.8562616890874,716.7910723444477,0.0,0.0,15593.610866129946,12075536.31862237,12075536.31862237,20.755363186223693,0.0,-0.30552057376097475,-0.017438334007278677,0.9904317888121336,0.5926913170948981
2021-09-29,779.8,793.5,770.68,781.31,20942877.0,1.0,723.2269965248095,717.433051724105,0.0,0.0,15593.610866129946,12075536.31862237,12075536.31862237,20.755363186223693,0.0,-0.3021712530032244,0.004822778949534534,0.9904318850805844,0.5761772105105376
2021-09-30,781.0,789.1305,775.0,775.48,17955961.0,1.0,725.2761339159933,718.0106332989895,0.0,0.0,15593.610866129946,12075536.31862237,12075536.31862237,20.755363186223693,0.0,-0.3073783303412735,-0.0074618269316915065,0.9904319807358963,0.5807185569761715
2021-10-01,778.4,780.78,763.59,775.22,17031414.0,1.0,727.2347168996798,718.5798807288503,0.0,0.0,15593.610866129946,12075536.31862237,12075536.31862237,20.755363186223693,0.0,-0.30761054991381087,-0.00033527621602102986,0.9904320757839038,0.5736737520970653
2021-10-04,796.5,806.9699,776.12,781.53,30483341.0,1.0,729.3639436879276,719.2062500748319,0.0,0.0,15593.610866129946,12075536.31862237,12075536.31862237,20.755363186223693,0.0,-0.3019747595187697,0.008139624880678875,0.9904321702303621,0.5733596772105508
2021-10-05,784.7962,797.31,774.2,780.59,18432625.0,1.0,731.3728086413423,719.8170336561769,0.0,0.0,15593.610866129946,12075536.31862237,12075536.31862237,20.755363186223693,0.0,-0.3028143225887124,-0.0012027689276162823,0.990432264080959,0.5810156359600454
2021-10-06,776.2,786.66,773.22,782.75,14632768.0,1.0,733.387600459329,720.4432323262648,0.0,0.0,15593.610866129946,12075536.31862237,12075536.31862237,20.755363186223693,0.0,-0.3008851138322482,0.0027671376779101475,0.9904323573413566,0.5798836345178319
2021-10-07,785.46,805.0,783.38,793.61,19195782.0,1.0,735.7492631864142,721.171259865307,0.0,0.0,15593.610866129946,12075536.31862237,12075536.31862237,20.755363186223693,0.0,-0.2911854809178033,0.013874161609709335,0.9904324500170508,0.5824913989638115
2021-10-08,796.21,796.38,780.91,785.49,16738604.0,1.0,737.6998803163586,721.8112473293338,0.0,0.0,15593.610866129946,12075536.31862237,12075536.31862237,20.755363186223693,0.0,-0.2984378767985853,-0.010231725910711864,0.9904325421135477,0.5955183748407695
2021-10-11,787.65,801.24,785.5,791.94,14200322.0,1.0,739.8269438333641,722.5090458633703,0.0,0.0,15593.610866129946,12075536.31862237,12075536.31862237,20.755363186223693,0.0,-0.2926770450952547,0.008211434900508019,0.9904326336362794,0.5858505681725262
2021-10-12,800.93,812.32,796.57,805.72,22020040.0,1.0,742.4109852516636,723.3370155562721,0.0,0.0,15593.610866129946,12075536.31862237,12075536.31862237,20.755363186223693,0.0,-0.28036940775077485,0.017400308104149165,0.9904327245905638,0.5935727160942882
2021-10-13,810.47,815.41,805.78,811.08,14120075.0,1.0,745.103887790814,724.2100800781003,0.0,0.0,15593.610866129946,12075536.31862237,12075536.31862237,20.755363186223693,0.0,-0.27558211194769705,0.00665243508911284,0.9904328149816749,0.6098903476671755
2021-10-14,815.49,820.25,813.3501,818.32,12247170.0,1.0,747.9751078774489,725.1464971917511,0.0,0.0,15593.610866129946,12075536.31862237,12075536.31862237,20.755363186223693,0.0,-0.26911569000473373,0.008926369778566867,0.9904329048148591,0.6161487861612974
2021-10-15,823.7384,843.21,822.35,843.03,18924567.0,1.0,751.7027507057842,726.3194673689476,0.0,0.0,15593.610866129946,12075536.31862237,12075536.31862237,20.755363186223693,0.0,-0.2470458990916643,0.030196011340306805,0.990432994095249,0.6245401715277232
2021-10-18,851.79,875.26,851.47,870.11,24207244.0,1.0,756.3461722467339,727.7502189374158,0.0,0.0,15593.610866129946,12075536.31862237,12075536.31862237,20.755363186223693,0.0,-0.22285933745969658,0.03212222578081447,0.9904330828279084,0.6527345230665732
2021-10-19,877.53,877.95,862.51,864.27,17381128.0,1.0,760.5784792174502,729.108624719133,0.0,0.0,15593.610866129946,12075536.31862237,12075536.31862237,20.755363186223693,0.0,-0.22807534631976645,-0.006711795060394654,0.990433171017908,0.6826887979775662
2021-10-20,865.35,869.49,857.38,865.8,14032052.0,1.0,764.7048133657855,730.4687379060074,0.0,0.0,15593.610866129946,12075536.31862237,12075536.31862237,20.755363186223693,0.0,-0.22670882345060434,0.0017702801207954977,0.990433258670167,0.6763556396316976
2021-10-21,856.0,900.0,855.5046,894.0,31481454.0,1.0,769.7752128416371,732.095914643261,0.0,0.0,15593.610866129946,12075536.31862237,12075536.31862237,20.755363186223693,0.0,-0.20152193135232183,0.032571032571032665,0.990433345789626,0.6780236258115497
2021-10-22,895.5,910.0,890.96,909.68,22880835.0,1.0,775.2616750831415,733.8629204677063,0.0,0.0,15593.610866129946,12075536.31862237,12075536.31862237,20.755363186223693,0.0,-0.18751730482391515,0.017539149888143202,0.9904334323810984,0.7083700898687743
2021-10-25,950.53,1045.02,944.2,1024.86,62852099.0,1.0,785.0498446877243,736.758413796386,0.0,0.0,15593.610866129946,12075536.31862237,12075536.31862237,20.755363186223693,0.0,-0.08464403418986648,0.126615952862545,0.9904335184493858,0.7247873603236735
2021-10-26,1024.69,1094.94,1001.44,1018.43,62414968.0,1.0,794.202007641147,739.5611161466708,0.0,0.0,15593.610866129946,12075536.31862237,12075536.31862237,20.755363186223693,0.0,-0.09038700284915566,-0.006274027672072191,0.9904336039992074,0.8381101067087189
2021-10-27,1039.66,1070.88,1030.78,1037.86,38526459.0,1.0,803.7572230277688,742.5292642447139,0.0,0.0,15593.610866129946,12075536.31862237,12075536.31862237,20.755363186223693,0.0,-0.07303305556299867,0.019078385357854666,0.9904336890352606,0.832226857612874
2021-10-28,1068.305,1081.0,1054.2,1077.04,27213173.0,1.0,814.4741946737387,745.8577292771049,0.0,0.0,15593.610866129946,12075536.31862237,12075536.31862237,20.755363186223693,0.0,-0.03803935228602319,0.03775075636405689,0.9904337735621119,0.8499431329768306
2021-10-29,1081.86,1115.21,1073.205,1114.0,29918417.0,1.0,826.2203046865332,749.520836448477,0.0,0.0,15593.610866129946,12075536.31862237,12075536.31862237,20.755363186223693,0.0,-0.005028446897635923,0.034316274233083366,0.9904338575843571,0.884715439863138
2021-11-01,1145.0,1209.75,1118.66,1208.59,54868952.0,1.0,841.2151946988259,754.088688822124,0.0,0.0,15593.610866129946,12075536.31862237,12075536.31862237,20.755363186223693,0.0,0.07945481989585827,0.08491023339317771,0.9904339411064988,0.9163421700003412
2021-11-02,1159.355,1208.59,1146.0,1172.0,42450935.0,1.0,854.1871478478917,758.2470103263814,0.0,0.0,15593.610866129946,12075536.31862237,12075536.31862237,20.755363186223693,0.0,0.04677438082223582,-0.03027494849369916,0.9904340241329614,0.9926385768862245
2021-11-03,1177.33,1215.39,1152.62,1213.86,34628519.0,1.0,868.2919655793469,762.7804729101986,0.0,0.0,15593.610866129946,12075536.31862237,12075536.31862237,20.755363186223693,0.0,0.08416173200075006,0.03571672354948796,0.9904341066681758,0.9640236088006865
2021-11-04,1234.41,1243.49,1217.0,1229.91,25397410.0,1.0,882.4730649683921,767.4285279061171,0.0,0.0,15593.610866129946,12075536.31862237,12075536.31862237,20.755363186223693,0.0,0.09849682484392162,0.013222282635559468,0.9904341887164698,0.9967667743723012
2021-11-05,1228.0,1239.87,1208.0,1222.09,21628812.0,1.0,895.7913761461023,771.95252265332,0.0,0.0,15593.610866129946,12075536.31862237,12075536.31862237,20.755363186223693,0.0,0.09151237462375945,-0.006358188810563492,0.9904342702821614,1.0090112321972124
2021-11-08,1149.785,1197.0,1133.0,1162.94,33445715.0,1.0,906.2677927678238,775.842945313486,0.0,0.0,15593.610866129946,12075536.31862237,12075536.31862237,20.755363186223693,0.0,0.03868242187151107,-0.04840069062016694,0.9904343513694782,1.0030692521118978
2021-11-09,1173.6,1174.5,1011.52,1023.5,58525547.0,1.0,910.8651342279092,778.3071946138493,0.0,0.0,15593.610866129946,12075536.31862237,12075536.31862237,20.755363186223693,0.0,-0.08585872118467718,-0.11990300445422808,0.9904344319826165,0.9570127017627137
2021-11-10,1010.41,1078.1,987.31,1067.95,42802722.0,1.0,917.025325042501,781.1892125778907,0.0,0.0,15593.610866129946,12075536.31862237,12075536.31862237,20.755363186223693,0.0,-0.04615810580280991,0.04342940889106006,0.9904345121257111,0.8403076105645289
2021-11-11,1102.77,1104.97,1054.68,1063.51,22396568.0,1.0,922.7698220996579,783.9983746417922,0.0,0.0,15593.610866129946,12075536.31862237,12075536.31862237,20.755363186223693,0.0,-0.05012370157998634,-0.004157498010206484,0.9904345918029028,0.8797296370500917
2021-11-12,1047.5,1054.5,1019.2,1033.42,25147852.0,1.0,927.1090447624164,786.4801818592869,0.0,0.0,15593.610866129946,12075536.31862237,12075536.31862237,20.755363186223693,0.0,-0.0769986513401749,-0.028293104907335054,0.9904346710182033,0.8758851624930372
2021-11-15,1017.63,1031.98,978.6,1013.39,34775649.0,1.0,930.4926116344785,788.7379909950154,0.0,0.0,15593.610866129946,12075536.31862237,12075536.31862237,20.755363186223693,0.0,-0.09488848994757207,-0.019382245360066608,0.990434749775637,0.8494752426142855
2021-11-16,1003.31,1057.1999,1002.18,1054.73,26542359.0,1.0,935.3646660801853,791.3846776517814,0.0,0.0,15593.610866129946,12075536.31862237,12075536.31862237,20.755363186223693,0.0,-0.05796557791413242,0.040793771400941425,0.9904348280791366,0.8314579754953348
2021-11-17,1063.51,1119.64,1055.5,1089.01,31445365.0,1.0,941.3899732927272,794.3461236452961,0.0,0.0,15593.610866129946,12075536.31862237,12075536.31862237,20.755363186223693,0.0,-0.027348320427284117,0.03250120884017704,0.9904349059326683,0.8684847133139688
2021-11-18,1106.55,1112.0,1075.02,1096.38,20898930.0,1.0,947.4680135557575,797.3514358478304,0.0,0.0,15593.610866129946,12075536.31862237,12075536.31862237,20.755363186223693,0.0,-0.020765788698052033,0.006767614622455342,0.9904349833400444,0.8980574493423383
2021-11-19,1098.87,1138.7199,1092.7,1137.06,21642258.0,1.0,954.902993416316,800.7316205657625,0.0,0.0,15593.610866129946,12075536.31862237,12075536.31862237,20.755363186223693,0.0,0.015567642882023378,0.037103923822032314,0.9904350603050983,0.9042801092017011
2021-11-22,1162.33,1201.95,1132.43,1156.87,33072509.0,1.0,962.8232681843036,804.2752860327698,0.0,0.0,15593.610866129946,12075536.31862237,12075536.31862237,20.755363186223693,0.0,0.03326098800496573,0.017422123722582672,0.9904351368316447,0.9379461685784689
2021-11-23,1167.51,1180.4999,1062.7,1109.03,36171700.0,1.0,968.5568655104094,807.3076712463742,0.0,0.0,15593.610866129946,12075536.31862237,12075536.31862237,20.755363186223693,0.0,-0.009467413341907715,-0.041352961006854594,0.9904352129233843,0.9538823457974444
2021-11-24,1080.39,1132.77,1062.0,1116.0,22560238.0,1.0,974.3389492158835,810.3792367066093,0.0,0.0,15593.610866129946,12075536.31862237,12075536.31862237,20.755363186223693,0.0,-0.003242142493502415,0.006284771376788845,0.9904352885840517,0.9151123391809944
2021-11-26,1099.47,1108.7827,1081.0,1081.92,11680890.0,1.0,978.5578139525155,813.0811348488321,0.0,0.0,15593.610866129946,12075536.31862237,12075536.31862237,20.755363186223693,0.0,-0.03368076953993733,-0.030537634408602132,0.9904353638172605,0.9208841068358485
2021-11-29,1100.99,1142.67,1100.19,1136.99,19464467.0,1.0,984.7708408563385,816.3041086314308,0.0,0.0,15593.610866129946,12075536.31862237,12075536.31862237,20.755363186223693,0.0,0.015505122227878762,0.050900251404909724,0.9904354386266315,0.8924189278608335
2021-11-30,1144.37,1168.0,1118.0,1144.76,27092038.0,1.0,991.0449255286389,819.5723264559938,0.0,0.0,15593.610866129946,12075536.31862237,12075536.31862237,20.755363186223693,0.0,0.022444914837937424,0.006833833191145056,0.9904355130157407,0.938237325604711
2021-12-01,1160.695,1172.8399,1090.76,1095.0,22934698.0,1.0,995.1215951157512,822.3129003221034,0.0,0.0,15593.610866129946,12075536.31862237,12075536.31862237,20.755363186223693,0.0,-0.021998338736904252,-0.043467626402040604,0.9904355869881334,0.9445028486519217
2021-12-02,1099.06,1113.0,1056.65,1084.6,24371623.0,1.0,998.6305521700355,824.9227222094456,0.0,0.0,15593.610866129946,12075536.31862237,12075536.31862237,20.755363186223693,0.0,-0.03128712163839858,-0.009497716894977248,0.9904356605472767,0.9038212736951802
2021-12-03,1084.79,1090.5753,1000.21,1014.97,30773995.0,1.0,999.271314830034,826.8137398989038,0.0,0.0,15593.610866129946,12075536.31862237,12075536.31862237,20.755363186223693,0.0,-0.09347730946830655,-0.06419878296146031,0.9904357336966305,0.8950648248033819
2021-12-06,1001.51,1021.64,950.5,1009.01,27221037.0,1.0,999.6532240523858,828.6266380093625,0.0,0.0,15593.610866129946,12075536.31862237,12075536.31862237,20.755363186223693,0.0,-0.09880049659262445,-0.005872094741716571,0.9904358064396259,0.8346732188762325
2021-12-07,1044.2,1057.6739,1026.81,1051.75,18694857.0,1.0,1001.6962348738609,830.8467709644933,0.0,0.0,15593.610866129946,12075536.31862237,12075536.31862237,20.755363186223693,0.0,-0.06062717147629137,0.04235835125519083,0.9904358787796244,0.8292812056256994
2021-12-08,1052.71,1072.38,1033.0001,1068.96,13968790.0,1.0,1004.3340295846899,833.2160568255432,0.0,0.0,15593.610866129946,12075536.31862237,12075536.31862237,20.755363186223693,0.0,-0.045256022078722494,0.016363204183503788,0.9904359507199735,0.8674491561761154
2021-12-09,1060.64,1062.49,1002.36,1003.8,19812832.0,1.0,1004.3130872480355,834.9134094939458,0.0,0.0,15593.610866129946,12075536.31862237,12075536.31862237,20.755363186223693,0.0,-0.10345381956539226,-0.06095644364616082,0.990436022263969,0.8823386565261778
2021-12-10,1008.75,1020.9797,982.53,1017.03,19888122.0,1.0,1004.8117897088969,836.7255148721155,0.0,0.0,15593.610866129946,12075536.31862237,12075536.31862237,20.755363186223693,0.0,-0.09163741593204909,0.013179916317991758,0.9904360934148944,0.8252390689820073
2021-12-13,1001.09,1005.0,951.42,966.41,26198502.0,1.0,1003.3058371712931,838.0159077589601,0.0,0.0,15593.610866129946,12075536.31862237,12075536.31862237,20.755363186223693,0.0,-0.1368487804006682,-0.04977237642940724,0.9904361641759625,0.8372274578827923
2021-12-14,945.0,966.41,930.0,958.51,23602090.0,1.0,1001.5491376743797,839.2148539504133,0.0,0.0,15593.610866129946,12075536.31862237,12075536.31862237,20.755363186223693,0.0,-0.14390468279699553,-0.00817458428617246,0.9904362345503598,0.7909216695265275
2021-12-15,953.21,978.7499,928.2501,975.99,25056410.0,1.0,1000.5468185498943,840.5758006772749,0.0,0.0,15593.610866129946,12075536.31862237,12075536.31862237,20.755363186223693,0.0,-0.12829238230486864,0.01823663811540821,0.9904363045412666,0.7834388439834343
2021-12-16,994.5,994.98,921.85,926.92,27590483.0,1.0,997.6594923322514,841.4349469391925,0.0,0.0,15593.610866129946,12075536.31862237,12075536.31862237,20.755363186223693,0.0,-0.17211936086028432,-0.0502771544790418,0.9904363741518095,0.7999763900345074
2021-12-17,914.77,960.6599,909.0401,932.57,33626754.0,1.0,995.1069632211828,842.3417633875588,0.0,0.0,15593.610866129946,12075536.31862237,12075536.31862237,20.755363186223693,0.0,-0.16707305091860708,0.006095455918526005,0.990436443385059,0.7533009864696877
2021-12-20,910.7,921.6884,893.39,899.94,18826671.0,1.0,991.3749254478031,842.9148801697722,0.0,0.0,15593.610866129946,12075536.31862237,12075536.31862237,20.755363186223693,0.0,-0.19621660727204526,-0.03498933055963627,0.990436512244111,0.7588467825446464
2021-12-21,916.87,939.5,886.12,938.53,23839305.0,1.0,989.3025754302422,843.8662743969387,0.0,0.0,15593.610866129946,12075536.31862237,12075536.31862237,20.755363186223693,0.0,-0.1617498637942893,0.04288063648687679,0.9904365807319423,0.726587249099562
2021-12-22,965.66,1015.6599,957.05,1008.87,31211362.0,1.0,990.0699254133699,845.508102512392,0.0,0.0,15593.610866129946,12075536.31862237,12075536.31862237,20.755363186223693,0.0,-0.09892553790091378,0.0749469915719263,0.9904366488515938,0.7650699662043005
2021-12-23,1006.8,1072.9767,997.56,1067.0,30904429.0,1.0,993.0867910834339,847.7120019898807,0.0,0.0,15593.610866129946,12075536.31862237,12075536.31862237,20.755363186223693,0.0,-0.04700660039477337,0.05761892017802106,0.9904367166060053,0.8313865376599453
2021-12-27,1073.67,1117.0,1070.7152,1093.94,23715273.0,1.0,997.0418188840836,850.1620318208272,0.0,0.0,15593.610866129946,12075536.31862237,12075536.31862237,20.755363186223693,0.0,-0.022945080071094963,0.025248359887535265,0.990436783998106,0.8825470811756577
2021-12-28,1109.49,1118.9999,1078.42,1088.47,20107969.0,1.0,1000.6272377513744,852.5332553847992,0.0,0.0,15593.610866129946,12075536.31862237,12075536.31862237,20.755363186223693,0.0,-0.02783062261640013,-0.005000274238075253,0.9904368510307742,0.9052320247915409
2021-12-29,1098.64,1104.0,1064.14,1086.19,18718015.0,1.0,1003.982640192497,854.8581981172888,0.0,0.0,15593.610866129946,12075536.31862237,12075536.31862237,20.755363186223693,0.0,-0.029867009637112307,-0.002094683362885541,0.9904369177069344,0.9006847762136302
2021-12-30,1061.33,1095.55,1053.15,1070.34,15680313.0,1.0,1006.5848895967129,857.0022956484601,0.0,0.0,15593.610866129946,12075536.31862237,12075536.31862237,20.755363186223693,0.0,-0.04402347203987048,-0.014592290483248949,0.9904369840293731,0.8987825583736326
2021-12-31,1073.4444,1081.9999,1054.59,1056.78,13466216.0,1.0,1008.5533252988025,858.9901335027042,0.0,0.0,15593.610866129946,12075536.31862237,12075536.31862237,20.755363186223693,0.0,-0.056134615899895615,-0.012668871573518592,0.9904370500009098,0.8854620610151431
2022-01-03,1147.75,1201.07,1136.04,1199.78,34895349.0,1.0,1016.0524105812024,862.3810774479509,0.0,0.0,15593.610866129946,12075536.31862237,12075536.31862237,20.755363186223693,0.0,0.07158614899565022,0.13531671681901636,0.9904371156243206,0.8739091960845046
2022-01-04,1189.55,1208.0,1123.05,1149.59,33416086.0,1.0,1021.2891787937043,865.2388776723495,0.0,0.0,15593.610866129946,12075536.31862237,12075536.31862237,20.755363186223693,0.0,0.02675883997391978,-0.04183266932270924,0.9904371809023623,0.9893159892410043
2022-01-05,1146.65,1170.34,1081.0101,1088.12,26706599.0,1.0,1023.9099953115982,867.456600282575,0.0,0.0,15593.610866129946,12075536.31862237,12075536.31862237,20.755363186223693,0.0,-0.02814322588712362,-0.05347123757165606,0.9904372458377492,0.9509426459978583
2022-01-06,1077.0,1088.0,1020.5,1064.7,30112158.0,1.0,1025.5096033385944,869.4192211752858,0.0,0.0,15593.610866129946,12075536.31862237,12075536.31862237,20.755363186223693,0.0,-0.04906085045952686,-0.021523361393963714,0.9904373104331802,0.9017625794814863
2022-01-07,1080.37,1080.9299,1010.0,1026.96,28054916.0,1.0,1025.5664816390417,870.9867911138402,0.0,0.0,15593.610866129946,12075536.31862237,12075536.31862237,20.755363186223693,0.0,-0.08276841456552617,-0.03544660467737393,0.9904373746912944,0.8822487828544879
2022-01-10,1000.0,1059.1,980.0,1058.12,30604959.0,1.0,1026.8430902022164,872.848813092807,0.0,0.0,15593.610866129946,12075536.31862237,12075536.31862237,20.755363186223693,0.0,-0.05493779194912624,0.030341980213445474,0.9904374386147544,0.8499641416992919
2022-01-11,1053.67,1075.85,1038.82,1064.4,21593308.0,1.0,1028.3159101942863,874.7547950520825,0.0,0.0,15593.610866129946,12075536.31862237,12075536.31862237,20.755363186223693,0.0,-0.049328796120146845,0.005935054625184399,0.9904375022061772,0.8768927485253124
2022-01-12,1078.85,1114.84,1072.5901,1106.22,27913005.0,1.0,1031.3709725396084,877.0579314197236,0.0,0.0,15593.610866129946,12075536.31862237,12075536.31862237,20.755363186223693,0.0,-0.011977171029715246,0.03928974069898539,0.9904375654680933,0.8822103308332736
2022-01-13,1109.065,1115.6,1026.5391,1031.56,32403264.0,1.0,1031.3783853811924,878.5952654354477,0.0,0.0,15593.610866129946,12075536.31862237,12075536.31862237,20.755363186223693,0.0,-0.07865991443601918,-0.06749109580372803,0.9904376284030882,0.9169259497586126
2022-01-14,1019.88,1052.0,1013.3788,1049.61,24308137.0,1.0,1032.0933506603615,880.2969045853438,0.0,0.0,15593.610866129946,12075536.31862237,12075536.31862237,20.755363186223693,0.0,-0.06253851718871431,0.017497770367210785,0.9904376910137134,0.8547944576929143
2022-01-18,1026.605,1070.7899,1016.06,1030.51,22158412.0,1.0,1032.0312584776023,881.7915622511613,0.0,0.0,15593.610866129946,12075536.31862237,12075536.31862237,20.755363186223693,0.0,-0.07959772424818923,-0.018197235163536885,0.9904377533024202,0.8703601240405379
2022-01-19,1041.705,1054.6699,995.0,995.65,24870215.0,1.0,1030.6045424588729,882.9244820297567,0.0,0.0,15593.610866129946,12075536.31862237,12075536.31862237,20.755363186223693,0.0,-0.11073301001223629,-0.0338279104521062,0.9904378152717126,0.8539515732100492
2022-01-20,1009.73,1041.66,994.0,996.27,23496248.0,1.0,1029.258089813427,884.0522981289631,0.0,0.0,15593.610866129946,12075536.31862237,12075536.31862237,20.755363186223693,0.0,-0.1101792556469549,0.0006227087832069156,0.9904378769240297,0.8232904138026935
2022-01-21,996.34,1004.55,940.5,943.9,34472009.0,1.0,1025.9107137423123,884.647797650068,0.0,0.0,15593.610866129946,12075536.31862237,12075536.31862237,20.755363186223693,0.0,-0.1569536364691908,-0.05256607144649539,0.9904379382618227,0.8238483262947448
2022-01-24,904.76,933.5131,851.47,930.0,50791714.0,1.0,1022.1495092818295,885.0990633450922,0.0,0.0,15593.610866129946,12075536.31862237,12075536.31862237,20.755363186223693,0.0,-0.16936845207791867,-0.014726136243246035,0.9904379992874688,0.7759649897621052
2022-01-25,914.2,951.26,903.21,918.4,28865302.0,1.0,1018.080901074699,885.4304159486237,0.0,0.0,15593.610866129946,12075536.31862237,12075536.31862237,20.755363186223693,0.0,-0.17972901762189306,-0.012473118279569873,0.9904380600033745,0.7627425050703415
2022-01-26,952.43,987.69,906.0,937.41,34955761.0,1.0,1014.9173363266716,885.9476257401798,0.0,0.0,15593.610866129946,12075536.31862237,12075536.31862237,20.755363186223693,0.0,-0.16275019426060405,0.020699041811846675,0.990438120411842,0.7515542015803303
2022-01-27,933.36,935.39,829.0,829.1,49036523.0,1.0,1007.6303819609197,885.3819777228646,0.0,0.0,15593.610866129946,12075536.31862237,12075536.31862237,20.755363186223693,0.0,-0.25948750926645414,-0.11554175867549943,0.9904381805152271,0.7699140920195956
2022-01-28,831.56,857.5,792.01,846.35,44929650.0,1.0,1001.3056610997073,884.993599835075,0.0,0.0,15593.610866129946,12075536.31862237,12075536.31862237,20.755363186223693,0.0,-0.24408063378080264,0.020805692920033758,0.9904382403158363,0.6632243973314278
2022-01-31,872.71,937.99,862.05,936.72,34812032.0,1.0,998.7728900761895,885.5082903839798,0.0,0.0,15593.610866129946,12075536.31862237,12075536.31862237,20.755363186223693,0.0,-0.16336646928003007,0.10677615643646243,0.9904382998159528,0.6815848491438384
2022-02-01,935.21,943.7,905.0,931.25,24379446.0,1.0,996.1249336026134,885.9634317731939,0.0,0.0,15593.610866129946,12075536.31862237,12075536.31862237,20.755363186223693,0.0,-0.16825201182533522,-0.005839525151592806,0.9904383590178444,0.772948558486173
2022-02-02,928.18,931.5,889.41,905.66,22264345.0,1.0,992.577289147609,886.1594175266944,0.0,0.0,15593.610866129946,12075536.31862237,12075536.31862237,20.755363186223693,0.0,-0.1911077766762235,-0.02747919463087256,0.9904384179237107,0.7677750370352854
2022-02-03,882.0,937.0,880.52,891.14,26285186.0,1.0,988.5993562398597,886.2089755612546,0.0,0.0,15593.610866129946,12075536.31862237,12075536.31862237,20.755363186223693,0.0,-0.20407634665023275,-0.016032506680211056,0.9904384765358286,0.7432575433137275
2022-02-04,897.22,936.5,881.17,923.32,24541822.0,1.0,986.0393814853555,886.5782394860183,0.0,0.0,15593.610866129946,12075536.31862237,12075536.31862237,20.755363186223693,0.0,-0.17533470878772456,0.036111048768992626,0.9904385348563417,0.7290139862291396
