date,open,high,low,close,volume,signal,short_ma,long_ma,positions,cash,stock,holding,total,roi_gross,roi_daily,roi_buy&hold,roi_daily_buy&hold,sharpe,sharpe_buy&hold
2020-07-01,365.12,367.36,363.91,364.11,27690454.0,1.0,322.9788,284.00565,1.0,1.862645149230957e-09,27436.791052182005,9990009.99000999,9990009.990009991,-0.09990009990008548,0.0,0.0,0.0,0.0,0.0
2020-07-02,367.85,370.47,363.64,364.11,28814516.0,1.0,324.739,284.72270000000003,0.0,1.862645149230957e-09,27436.791052182005,9990009.99000999,9990009.990009991,-0.09990009990008548,0.0,0.0,0.0,0.0,0.0
2020-07-06,370.0,375.78,369.87,373.85,29745936.0,1.0,326.7154,285.4781,0.0,1.862645149230957e-09,27436.791052182005,9990009.99000999,9990009.990009991,-0.09990009990008548,0.0,0.02675015791931012,0.026750157919310125,0.0,0.0
2020-07-07,375.41,378.62,372.23,372.69,28206999.0,1.0,328.5098,286.23675,0.0,1.862645149230957e-09,27436.791052182005,9990009.99000999,9990009.990009991,-0.09990009990008548,0.0,0.02356430748949489,-0.0031028487361242085,0.0,0.9999999999999998
2020-07-08,376.72,381.5,376.36,381.37,29274479.0,1.0,330.47380000000004,287.05494999999996,0.0,1.862645149230957e-09,27436.791052182005,9990009.99000999,9990009.990009991,-0.09990009990008548,0.0,0.04740325725742218,0.02329013389143797,0.0,0.8464203034610585
2020-07-09,385.05,385.27,378.69,383.01,31420357.0,1.0,332.56239999999997,287.87640000000005,0.0,1.862645149230957e-09,27436.791052182005,9990009.99000999,9990009.990009991,-0.09990009990008548,0.0,0.05190739062371255,0.004300285811678961,0.0,1.4598577918854994
2020-07-10,381.34,383.92,378.82,383.68,22564330.0,1.0,334.4814,288.7064,0.0,1.862645149230957e-09,27436.791052182005,9990009.99000999,9990009.990009991,-0.09990009990008548,0.0,0.05374749388920928,0.0017493015848151217,0.0,1.6056661690935363
2020-07-13,389.06,399.82,381.03,381.91,47913079.0,1.0,336.2436,289.5108,0.0,1.862645149230957e-09,27436.791052182005,9990009.99000999,9990009.990009991,-0.09990009990008548,0.0,0.048886325560956886,-0.004613219349457798,0.0,1.6461415474892798
2020-07-14,379.36,389.02,375.51,388.23,42748119.0,1.0,338.2268,290.3525,0.0,1.862645149230957e-09,27436.791052182005,9990009.99000999,9990009.990009991,-0.09990009990008548,0.0,0.06624371755788087,0.016548401455840356,0.0,1.418237489453901
2020-07-15,395.96,396.99,385.96,390.9,38306874.0,1.0,340.18160000000006,291.2129,0.0,1.862645149230957e-09,27436.791052182005,9990009.99000999,9990009.990009991,-0.09990009990008548,0.0,0.07357666639202429,0.006877366509543181,0.0,1.832258057880165
2020-07-16,386.25,389.62,383.62,386.09,27645927.0,1.0,341.9522,292.0235,0.0,1.862645149230957e-09,27436.791052182005,9990009.99000999,9990009.990009991,-0.09990009990008548,0.0,0.060366372799428636,-0.012304937324123855,0.0,2.038886018191735
2020-07-17,387.95,388.59,383.36,385.31,23046755.0,1.0,343.64579999999995,292.8271,0.0,1.862645149230957e-09,27436.791052182005,9990009.99000999,9990009.990009991,-0.09990009990008548,0.0,0.05822416302765644,-0.0020202543448417654,0.0,1.4839552360197008
2020-07-20,385.67,394.0,384.25,393.43,22397208.0,1.0,345.4396,293.69945,0.0,1.862645149230957e-09,27436.791052182005,9990009.99000999,9990009.990009991,-0.09990009990008548,0.0,0.08052511603636262,0.021073940463522955,0.0,1.41523580216833
2020-07-21,396.69,397.0,386.97,388.0,25627347.0,1.0,346.99699999999996,294.53535,0.0,1.862645149230957e-09,27436.791052182005,9990009.99000999,9990009.990009991,-0.09990009990008548,0.0,0.06561204031748644,-0.013801692804310872,0.0,1.8006030797832773
2020-07-22,386.77,391.9,386.41,389.09,22250413.0,1.0,348.47860000000003,295.34575,0.0,1.862645149230957e-09,27436.791052182005,9990009.99000999,9990009.990009991,-0.09990009990008548,0.0,0.0686056411523989,0.002809278350515365,0.0,1.3543320547085789
2020-07-23,387.9935,388.31,368.039,371.38,49251108.0,1.0,349.67800000000005,296.06735000000003,0.0,1.862645149230957e-09,27436.791052182005,9990009.99000999,9990009.990009991,-0.09990009990008548,0.0,0.019966493642031204,-0.045516461487059456,0.0,1.4156879200970618
2020-07-24,363.95,371.88,356.58,370.46,46359716.0,1.0,350.9342,296.79765,0.0,1.862645149230957e-09,27436.791052182005,9990009.99000999,9990009.990009991,-0.09990009990008548,0.0,0.017439784680453613,-0.00247724702461094,0.0,0.31914269107071314
2020-07-27,374.84,379.62,373.92,379.24,30303548.0,1.0,352.3282,297.5587,0.0,1.862645149230957e-09,27436.791052182005,9990009.99000999,9990009.990009991,-0.09990009990008548,0.0,0.041553376726813314,0.023700264535982285,0.0,0.2833829095045921
2020-07-28,377.47,378.1986,372.99,373.01,25906375.0,1.0,353.63419999999996,298.2733,0.0,1.862645149230957e-09,27436.791052182005,9990009.99000999,9990009.990009991,-0.09990009990008548,0.0,0.024443162780478363,-0.016427592026157622,0.0,0.5966657235665314
2020-07-29,375.0,380.92,374.85,380.16,22582314.0,1.0,354.9382,298.99305,0.0,1.862645149230957e-09,27436.791052182005,9990009.99000999,9990009.990009991,-0.09990009990008548,0.0,0.0440800856883909,0.019168386906517343,0.0,0.3587353438373984
2020-07-30,376.75,385.19,375.07,384.76,39532505.0,1.0,356.3706,299.7375,0.0,1.862645149230957e-09,27436.791052182005,9990009.99000999,9990009.990009991,-0.09990009990008548,0.0,0.05671363049627853,0.01210016835016825,0.0,0.5991435453678505
2020-07-31,411.535,425.66,403.3,425.04,93573867.0,1.0,358.4868,300.6861,0.0,1.862645149230957e-09,27436.791052182005,9990009.99000999,9990009.990009991,-0.09990009990008548,0.0,0.1673395402488259,0.1046886370724609,0.0,0.7515707955227138
2020-08-03,432.8,446.5457,431.57,435.75,77037847.0,1.0,360.86479999999995,301.693,0.0,1.862645149230957e-09,27436.791052182005,9990009.99000999,9990009.990009991,-0.09990009990008548,0.0,0.19675372826892967,0.025197628458498045,0.0,1.273086685181936
2020-08-04,436.53,443.16,433.55,438.66,43198092.0,1.0,363.26019999999994,302.7099,0.0,1.862645149230957e-09,27436.791052182005,9990009.99000999,9990009.990009991,-0.09990009990008548,0.0,0.20474581857131088,0.006678141135972426,0.0,1.4575814848469204
2020-08-05,437.51,441.57,435.59,440.25,30497988.0,1.0,365.7306,303.7291,0.0,1.862645149230957e-09,27436.791052182005,9990009.99000999,9990009.990009991,-0.09990009990008548,0.0,0.20911263079838505,0.0036246751470385696,0.0,1.510687490911272
2020-08-06,441.62,457.65,439.19,455.61,50607225.0,1.0,368.4806,304.80460000000005,0.0,1.862645149230957e-09,27436.791052182005,9990009.99000999,9990009.990009991,-0.09990009990008548,0.0,0.25129768476559283,0.034889267461669426,0.0,1.5392194435208773
2020-08-07,452.82,454.7,441.17,444.45,49511403.0,1.0,371.0046,305.82705,0.0,1.862645149230957e-09,27436.791052182005,9990009.99000999,9990009.990009991,-0.09990009990008548,0.0,0.2206476064925434,-0.024494633568183377,0.0,1.7730293079299917
2020-08-10,450.4,455.1,440.0,450.91,53100856.0,1.0,373.664,306.86570000000006,0.0,1.862645149230957e-09,27436.791052182005,9990009.99000999,9990009.990009991,-0.09990009990008548,0.0,0.23838949767927278,0.014534818314771103,0.0,1.5388525224897713
2020-08-11,447.875,449.93,436.4267,437.5,46975594.0,1.0,375.977,307.8353,0.0,1.862645149230957e-09,27436.791052182005,9990009.99000999,9990009.990009991,-0.09990009990008548,0.0,0.20155996814149565,-0.029739859395444768,0.0,1.6450888220743025
2020-08-12,441.99,453.1,441.19,452.04,41486205.0,1.0,378.551,308.8626,0.0,1.862645149230957e-09,27436.791052182005,9990009.99000999,9990009.990009991,-0.09990009990008548,0.0,0.2414929554255582,0.03323428571428577,0.0,1.3746540685250555
2020-08-13,457.72,464.17,455.71,460.04,52520516.0,1.0,381.24940000000004,309.91754999999995,0.0,1.862645149230957e-09,27436.791052182005,9990009.99000999,9990009.990009991,-0.09990009990008548,0.0,0.26346433770014555,0.01769754888947883,0.0,1.583746493472541
2020-08-14,459.315,460.0,452.18,459.63,41391302.0,1.0,383.99559999999997,310.99925,0.0,1.862645149230957e-09,27436.791052182005,9990009.99000999,9990009.990009991,-0.09990009990008548,0.0,0.2623383043585729,-0.0008912268498392217,0.0,1.7040488960269606
2020-08-17,464.25,464.35,455.8501,458.43,29431414.0,1.0,386.5342,312.0751,0.0,1.862645149230957e-09,27436.791052182005,9990009.99000999,9990009.990009991,-0.09990009990008548,0.0,0.2590425970173848,-0.0026107956399712418,0.0,1.695545493545234
2020-08-18,457.41,464.0,456.03,462.25,26408385.0,1.0,389.11,313.14255,0.0,1.862645149230957e-09,27436.791052182005,9990009.99000999,9990009.990009991,-0.09990009990008548,0.0,0.2695339320535003,0.00833278799380488,0.0,1.6739498130431492
2020-08-19,463.933,468.65,462.44,462.83,36384502.0,1.0,391.4868,314.1776,0.0,1.862645149230957e-09,27436.791052182005,9990009.99000999,9990009.990009991,-0.09990009990008548,0.0,0.2711268572684078,0.0012547322877229927,0.0,1.7326003501800764
2020-08-20,463.0,473.568,462.9335,473.1,31726797.0,1.0,393.892,315.2556,0.0,1.862645149230957e-09,27436.791052182005,9990009.99000999,9990009.990009991,-0.09990009990008548,0.0,0.2993326192634094,0.022189572845321193,0.0,1.740523012534827
2020-08-21,477.05,499.472,477.0,497.48,84513660.0,1.0,397.1236,316.45735,0.0,1.862645149230957e-09,27436.791052182005,9990009.99000999,9990009.990009991,-0.09990009990008548,0.0,0.36629040674521435,0.05153244557176073,0.0,1.8852108456678591
2020-08-24,514.79,515.14,495.745,503.43,86484442.0,1.0,400.41619999999995,317.68829999999997,0.0,1.862645149230957e-09,27436.791052182005,9990009.99000999,9990009.990009991,-0.09990009990008548,0.0,0.38263162231193865,0.011960279810243613,0.0,2.1453877286881453
2020-08-25,498.79,500.7172,492.21,499.3,52873947.0,1.0,403.5424,318.88765,0.0,1.862645149230957e-09,27436.791052182005,9990009.99000999,9990009.990009991,-0.09990009990008548,0.0,0.37128889621268296,-0.008203722463897667,0.0,2.22484403183092
2020-08-26,504.7165,507.97,500.33,506.09,40755567.0,1.0,406.6225999999999,320.1174,0.0,1.862645149230957e-09,27436.791052182005,9990009.99000999,9990009.990009991,-0.09990009990008548,0.0,0.38993710691823885,0.013599038654115603,0.0,2.157601546892769
2020-08-27,508.57,509.94,495.33,500.04,38888096.0,1.0,409.59159999999997,321.3066,0.0,1.862645149230957e-09,27436.791052182005,9990009.99000999,9990009.990009991,-0.09990009990008548,0.0,0.37332124907308234,-0.011954395463257383,0.0,2.2464922703320296
2020-08-28,504.05,505.77,498.31,499.23,46907479.0,1.0,412.54159999999996,322.49295,0.0,1.862645149230957e-09,27436.791052182005,9990009.99000999,9990009.990009991,-0.09990009990008548,0.0,0.37109664661778036,-0.0016198704103671524,0.0,2.149102695483054
2020-08-31,127.58,131.0,126.0,129.04,223505733.0,1.0,408.12800000000004,321.8158,0.0,1.862645149230957e-09,27436.791052182005,9990009.99000999,9990009.990009991,-0.09990009990008548,0.0,-0.645601603910906,-0.7415219437934419,0.0,2.1349454635109324
2020-09-01,132.76,134.8,130.53,134.18,152470142.0,1.0,403.63419999999996,321.17350000000005,0.0,1.862645149230957e-09,27436.791052182005,9990009.99000999,9990009.990009991,-0.09990009990008548,0.0,-0.6314849907994836,0.03983261004339744,0.0,-0.5406111309947323
2020-09-02,137.59,137.98,127.0,131.4,200118991.0,1.0,398.93160000000006,320.50169999999997,0.0,1.862645149230957e-09,27436.791052182005,9990009.99000999,9990009.990009991,-0.09990009990008548,0.0,-0.6391200461399028,-0.020718437919213017,0.0,-0.4876499360316995
2020-09-03,126.91,128.84,120.5,120.88,257599640.0,1.0,394.14799999999997,319.7706,0.0,1.862645149230957e-09,27436.791052182005,9990009.99000999,9990009.990009991,-0.09990009990008548,0.0,-0.6680124138309852,-0.08006088280060886,0.0,-0.5147543242574472
2020-09-04,120.07,123.7,110.89,120.96,332607163.0,1.0,389.2704,319.04395,0.0,1.862645149230957e-09,27436.791052182005,9990009.99000999,9990009.990009991,-0.09990009990008548,0.0,-0.6677927000082393,0.0006618133686300265,0.0,-0.6167324741150658
2020-09-08,113.95,118.99,112.68,112.82,231366563.0,1.0,384.45420000000007,318.2921,0.0,1.862645149230957e-09,27436.791052182005,9990009.99000999,9990009.990009991,-0.09990009990008548,0.0,-0.6901485814726319,-0.0672949735449736,0.0,-0.6159550791491054
2020-09-09,117.26,119.14,115.26,117.32,176940455.0,1.0,379.565,317.56865,0.0,1.862645149230957e-09,27436.791052182005,9990009.99000999,9990009.990009991,-0.09990009990008548,0.0,-0.6777896789431765,0.039886544938840585,0.0,-0.7016601168903404
2020-09-10,120.36,120.5,112.5,113.49,182274391.0,1.0,374.5388,316.8272,0.0,1.862645149230957e-09,27436.791052182005,9990009.99000999,9990009.990009991,-0.09990009990008548,0.0,-0.6883084782071351,-0.03264575519945445,0.0,-0.6486526591761007
2020-09-11,114.57,115.23,110.0,112.0,180860325.0,1.0,369.49659999999994,316.05535,0.0,1.862645149230957e-09,27436.791052182005,9990009.99000999,9990009.990009991,-0.09990009990008548,0.0,-0.6924006481557771,-0.013128910036126484,0.0,-0.6907548937163556
2020-09-14,114.72,115.93,112.8,115.355,140150087.0,1.0,364.52149999999995,315.310675,0.0,1.862645149230957e-09,27436.791052182005,9990009.99000999,9990009.990009991,-0.09990009990008548,0.0,-0.683186399714372,0.029955357142857242,0.0,-0.7078803128497727
2020-09-15,118.33,118.829,113.61,115.54,184642039.0,1.0,359.3553,314.54917500000005,0.0,1.862645149230957e-09,27436.791052182005,9990009.99000999,9990009.990009991,-0.09990009990008548,0.0,-0.6826783114992722,0.0016037449612067434,0.0,-0.6683165325837487
2020-09-16,115.23,116.0,112.04,112.13,155026675.0,1.0,354.14410000000004,313.773575,0.0,1.862645149230957e-09,27436.791052182005,9990009.99000999,9990009.990009991,-0.09990009990008548,0.0,-0.6920436131938151,-0.029513588367664934,0.0,-0.6662925221298286
2020-09-17,109.72,112.2,108.71,110.34,178010968.0,1.0,348.7235,313.00447499999996,0.0,1.862645149230957e-09,27436.791052182005,9990009.99000999,9990009.990009991,-0.09990009990008548,0.0,-0.696959709977754,-0.015963613662712817,0.0,-0.7043395944890599
2020-09-18,110.4,110.88,106.09,106.84,287104882.0,1.0,343.2001,312.241425,0.0,1.862645149230957e-09,27436.791052182005,9990009.99000999,9990009.990009991,-0.09990009990008548,0.0,-0.7065721897228858,-0.03172013775602678,0.0,-0.7250760903504296
2020-09-21,104.54,110.19,103.1,110.08,195713815.0,1.0,337.7281,311.483125,0.0,1.862645149230957e-09,27436.791052182005,9990009.99000999,9990009.990009991,-0.09990009990008548,0.0,-0.6976737799016781,0.030325720703856085,0.0,-0.76591056977887
2020-09-22,112.68,112.86,109.16,111.81,183055373.0,1.0,332.3261,310.71427500000004,0.0,1.862645149230957e-09,27436.791052182005,9990009.99000999,9990009.990009991,-0.09990009990008548,0.0,-0.6929224684847985,0.015715843023255793,0.0,-0.7258193907438242
2020-09-23,111.62,112.11,106.77,107.12,150718671.0,1.0,326.7039,309.896325,0.0,1.862645149230957e-09,27436.791052182005,9990009.99000999,9990009.990009991,-0.09990009990008548,0.0,-0.7058031913432754,-0.0419461586620159,0.0,-0.7052574127916351
2020-09-24,105.17,110.25,105.0,108.22,167743349.0,1.0,321.05030000000005,309.102825,0.0,1.862645149230957e-09,27436.791052182005,9990009.99000999,9990009.990009991,-0.09990009990008548,0.0,-0.7027821262805196,0.01026885735623595,0.0,-0.7588254316846164
2020-09-25,108.43,112.44,107.67,112.28,149981441.0,1.0,315.5741,308.32182500000005,0.0,1.862645149230957e-09,27436.791052182005,9990009.99000999,9990009.990009991,-0.09990009990008548,0.0,-0.6916316497761665,0.03751617076326008,0.0,-0.7454383596743834
2020-09-28,115.01,115.32,112.78,114.96,137672403.0,1.0,310.1671,307.542775,0.0,1.862645149230957e-09,27436.791052182005,9990009.99000999,9990009.990009991,-0.09990009990008548,0.0,-0.6842712367141799,0.02386889918061974,0.0,-0.6958881627791462
2020-09-29,114.55,115.31,113.57,114.09,100060526.0,0.0,304.58029999999997,306.755925,-1.0,3127133.2276523034,0.0,0.0,3127133.2276523034,-68.72866772347696,-0.6869739639120045,-0.6866606245365412,-0.007567849686847539,0.0,-0.664670888665357
2020-09-30,113.79,117.26,113.62,115.81,142675184.0,0.0,299.13649999999996,305.959225,0.0,3127133.2276523034,0.0,0.0,3127133.2276523034,-68.72866772347696,0.0,-0.6819367773475049,0.015075817337189878,-1.0,-0.6744900878522951
2020-10-01,117.64,117.72,115.83,116.79,116120440.0,0.0,293.69050000000004,305.143875,0.0,3127133.2276523034,0.0,0.0,3127133.2276523034,-68.72866772347696,0.0,-0.6792452830188679,0.008462136257663344,-1.0,-0.6548869602696286
2020-10-02,112.89,115.37,112.22,113.02,144711986.0,0.0,288.5233,304.30692500000004,0.0,3127133.2276523034,0.0,0.0,3127133.2276523034,-68.72866772347696,0.0,-0.6895992969157673,-0.032280160972686156,-1.0,-0.643942415917863
2020-10-05,113.91,116.65,113.55,116.5,106243839.0,0.0,283.4441,303.490725,0.0,3127133.2276523034,0.0,0.0,3127133.2276523034,-68.72866772347696,0.0,-0.6800417456263217,0.03079101044062993,-1.0,-0.6851795870952309
2020-10-06,115.7,116.12,112.25,113.16,161498212.0,0.0,278.12250000000006,302.65642499999996,0.0,3127133.2276523034,0.0,0.0,3127133.2276523034,-68.72866772347696,0.0,-0.689214797725962,-0.028669527896995728,-1.0,-0.6448810376033433
2020-10-07,114.62,115.55,114.13,115.08,96848985.0,0.0,272.9639,301.83462499999996,0.0,3127133.2276523034,0.0,0.0,3127133.2276523034,-68.72866772347696,0.0,-0.683941665980061,0.016967126193001114,-1.0,-0.6815059077398846
2020-10-08,116.25,116.4,114.5901,114.97,83477153.0,0.0,267.6601,300.98947499999997,0.0,3127133.2276523034,0.0,0.0,3127133.2276523034,-68.72866772347696,0.0,-0.6842437724863366,-0.0009558567952728803,-1.0000000000000002,-0.6594703017712941
2020-10-09,115.28,117.0,114.92,116.97,100506865.0,0.0,262.3043,300.152975,0.0,3127133.2276523034,0.0,0.0,3127133.2276523034,-68.72866772347696,0.0,-0.6787509269176897,0.017395842393667982,-0.9999999999999998,-0.6607429099320146
2020-10-12,120.06,125.18,119.2845,124.4,240226769.0,0.0,256.2915,299.32542500000005,0.0,3127133.2276523034,0.0,0.0,3127133.2276523034,-68.72866772347696,0.0,-0.6583450056301667,0.06352056082756263,-1.0,-0.6381698254424749
2020-10-13,125.27,125.39,119.65,121.1,262330451.0,0.0,249.99849999999998,298.481925,0.0,3127133.2276523034,0.0,0.0,3127133.2276523034,-68.72866772347696,0.0,-0.667408200818434,-0.026527331189710734,-0.9999999999999994,-0.5545058485009268
2020-10-14,121.0,123.03,119.62,121.19,151062308.0,0.0,243.6491,297.630275,0.0,3127133.2276523034,0.0,0.0,3127133.2276523034,-68.72866772347696,0.0,-0.667161022767845,0.0007431874483898593,-1.0,-0.5882433052666889
2020-10-15,118.72,121.2,118.15,120.71,112559219.0,0.0,237.2583,296.765575,0.0,3127133.2276523034,0.0,0.0,3127133.2276523034,-68.72866772347696,0.0,-0.6684793057043202,-0.003960722831916841,-0.9999999999999998,-0.5873255781569728
2020-10-16,121.28,121.548,118.81,119.02,115393808.0,0.0,230.52649999999997,295.858925,0.0,3127133.2276523034,0.0,0.0,3127133.2276523034,-68.72866772347696,0.0,-0.6731207602098268,-0.01400049705906714,-0.9999999999999997,-0.592435116686107
2020-10-19,119.96,120.419,115.66,115.98,120639337.0,0.0,223.9571,294.951675,0.0,3127133.2276523034,0.0,0.0,3127133.2276523034,-68.72866772347696,0.0,-0.6814698854741699,-0.0255419257267685,-1.0,-0.6103393531105887
2020-10-20,116.2,118.98,115.63,117.51,124423728.0,0.0,217.2891,294.04022499999996,0.0,3127133.2276523034,0.0,0.0,3127133.2276523034,-68.72866772347696,0.0,-0.6772678586141551,0.013191929643041833,-1.0,-0.6428221647109308
2020-10-21,116.67,118.705,116.45,116.87,89945980.0,0.0,210.87650000000002,293.132625,0.0,3127133.2276523034,0.0,0.0,3127133.2276523034,-68.72866772347696,0.0,-0.679025569196122,-0.0054463449919155416,-0.9999999999999998,-0.6258315851196787
2020-10-22,117.45,118.04,114.59,115.75,101987954.0,0.0,204.1507,292.195425,0.0,3127133.2276523034,0.0,0.0,3127133.2276523034,-68.72866772347696,0.0,-0.6821015627145643,-0.009583297681184266,-0.9999999999999997,-0.6328360480077875
2020-10-23,116.39,116.55,114.28,115.04,82572645.0,0.0,197.2507,291.22247500000003,0.0,3127133.2276523034,0.0,0.0,3127133.2276523034,-68.72866772347696,0.0,-0.6840515228914339,-0.006133909287256989,-0.9999999999999998,-0.6451170331663594
2020-10-26,114.01,116.55,112.88,115.05,111850657.0,0.0,190.3591,290.24607499999996,0.0,3127133.2276523034,0.0,0.0,3127133.2276523034,-68.72866772347696,0.0,-0.6840240586635906,8.692628650885936e-05,-0.9999999999999997,-0.6529997911476602
2020-10-27,115.49,117.28,114.5399,116.6,92276772.0,0.0,183.5225,289.244275,0.0,3127133.2276523034,0.0,0.0,3127133.2276523034,-68.72866772347696,0.0,-0.6797671033478894,0.013472403302911662,-1.0000000000000004,-0.6529167479937024
2020-10-28,115.05,115.43,111.1,111.2,143937823.0,0.0,176.50149999999996,288.236875,0.0,3127133.2276523034,0.0,0.0,3127133.2276523034,-68.72866772347696,0.0,-0.6945977863832359,-0.046312178387650005,-0.9999999999999997,-0.6355591620624889
2020-10-29,112.37,116.93,112.2,115.32,146129173.0,0.0,169.55129999999997,287.256775,0.0,3127133.2276523034,0.0,0.0,3127133.2276523034,-68.72866772347696,0.0,-0.6832825245118234,0.03705035971223003,-0.9999999999999994,-0.6938152481211568
2020-10-30,111.06,111.99,107.72,108.86,190573476.0,0.0,162.2665,286.224875,0.0,3127133.2276523034,0.0,0.0,3127133.2276523034,-68.72866772347696,0.0,-0.7010244156985526,-0.05601803676725625,-1.0000000000000007,-0.645626370979965
2020-11-02,109.11,110.68,107.32,108.77,122866899.0,0.0,154.4923,285.175075,0.0,3127133.2276523034,0.0,0.0,3127133.2276523034,-68.72866772347696,0.0,-0.7012715937491418,-0.0008267499540695056,-1.0000000000000007,-0.7155452996784865
2020-11-03,109.66,111.49,108.73,110.44,107624448.0,0.0,146.6325,284.144425,0.0,3127133.2276523034,0.0,0.0,3127133.2276523034,-68.72866772347696,0.0,-0.6966850676993217,0.015353498207226313,-1.0,-0.7166253518605129
2020-11-04,114.14,115.59,112.35,114.95,138235482.0,0.0,138.94549999999998,283.130675,0.0,3127133.2276523034,0.0,0.0,3127133.2276523034,-68.72866772347696,0.0,-0.684298700942023,0.04083665338645415,-1.0,-0.696892837379952
2020-11-05,117.95,119.62,116.8686,119.03,126387074.0,0.0,131.2043,282.129675,0.0,3127133.2276523034,0.0,0.0,3127133.2276523034,-68.72866772347696,0.0,-0.6730932959819835,0.03549369290996074,-0.9999999999999992,-0.6439079740343405
2020-11-06,118.32,119.2,116.13,118.69,114457922.0,0.0,123.5773,281.131575,0.0,3127133.2276523034,0.0,0.0,3127133.2276523034,-68.72866772347696,0.0,-0.6740270797286535,-0.002856422750567078,-1.0000000000000004,-0.5981185019800493
2020-11-09,120.5,121.99,116.05,116.32,154515315.0,0.0,115.9191,280.168425,0.0,3127133.2276523034,0.0,0.0,3127133.2276523034,-68.72866772347696,0.0,-0.6805361017275,-0.01996798382340559,-0.9999999999999997,-0.6017705625094871
2020-11-10,115.55,117.59,114.13,115.97,138023390.0,0.0,115.6577,279.15982499999996,0.0,3127133.2276523034,0.0,0.0,3127133.2276523034,-68.72866772347696,0.0,-0.6814973497020131,-0.0030089408528197747,-0.9999999999999997,-0.6269900396892297
2020-11-11,117.19,119.63,116.44,119.49,112294954.0,0.0,115.3639,278.135575,0.0,3127133.2276523034,0.0,0.0,3127133.2276523034,-68.72866772347696,0.0,-0.6718299415011947,0.030352677416573215,-0.999999999999999,-0.6308350793128896
2020-11-12,119.62,120.53,118.57,119.21,103350674.0,0.0,115.12010000000001,277.112275,0.0,3127133.2276523034,0.0,0.0,3127133.2276523034,-68.72866772347696,0.0,-0.6725989398808053,-0.0023432923257176164,-1.0000000000000004,-0.5918226320035092
2020-11-13,119.44,119.6717,117.87,119.26,81688586.0,0.0,115.0877,276.161025,0.0,3127133.2276523034,0.0,0.0,3127133.2276523034,-68.72866772347696,0.0,-0.6724616187415892,0.0004194279003439938,-0.9999999999999996,-0.5948179154679208
2020-11-16,118.92,120.99,118.146,120.3,91183018.0,0.0,115.0745,275.219225,0.0,3127133.2276523034,0.0,0.0,3127133.2276523034,-68.72866772347696,0.0,-0.6696053390458927,0.008720442730169253,-0.9999999999999994,-0.5943064120738991
2020-11-17,119.55,120.6741,118.96,119.39,74270973.0,0.0,115.20589999999999,274.221925,0.0,3127133.2276523034,0.0,0.0,3127133.2276523034,-68.72866772347696,0.0,-0.6721045837796271,-0.0075644222776392045,-0.9999999999999996,-0.5832167984183755
2020-11-18,118.61,119.82,118.0,118.03,76322111.0,0.0,115.2201,273.20482499999997,0.0,3127133.2276523034,0.0,0.0,3127133.2276523034,-68.72866772347696,0.0,-0.6758397187663069,-0.01139123879721915,-1.0000000000000002,-0.5928155677733863
2020-11-19,117.59,119.06,116.81,118.64,74112972.0,0.0,115.3231,272.171975,0.0,3127133.2276523034,0.0,0.0,3127133.2276523034,-68.72866772347696,0.0,-0.6741644008678697,0.005168177581970745,-1.0000000000000009,-0.607239580666433
2020-11-20,118.64,118.77,117.29,117.34,73604287.0,0.0,115.4299,271.158525,0.0,3127133.2276523034,0.0,0.0,3127133.2276523034,-68.72866772347696,0.0,-0.6777347504874901,-0.010957518543492917,-0.9999999999999998,-0.6006824402935196
2020-11-23,117.18,117.6202,113.75,113.85,127959318.0,0.0,115.3998,270.120025,0.0,3127133.2276523034,0.0,0.0,3127133.2276523034,-68.72866772347696,0.0,-0.6873197660047788,-0.02974262825975804,-0.999999999999999,-0.6145588695519207
2020-11-24,113.91,115.85,112.59,115.17,113226248.0,0.0,115.3924,269.097825,0.0,3127133.2276523034,0.0,0.0,3127133.2276523034,-68.72866772347696,0.0,-0.6836944879294719,0.011594202898550732,-1.0000000000000002,-0.651900852825861
2020-11-25,115.55,116.75,115.17,116.03,76499234.0,0.0,115.47039999999998,268.041975,0.0,3127133.2276523034,0.0,0.0,3127133.2276523034,-68.72866772347696,0.0,-0.6813325643349537,0.007467222366935866,-1.000000000000001,-0.6371262751304044
2020-11-27,116.57,117.49,116.22,116.59,46691331.0,0.0,115.59540000000001,267.00057499999997,0.0,3127133.2276523034,0.0,0.0,3127133.2276523034,-68.72866772347696,0.0,-0.6797945675757326,0.004826338016030274,-1.000000000000001,-0.6276365409496077
2020-11-30,116.97,120.97,116.81,119.05,169410176.0,0.0,115.8396,265.971075,0.0,3127133.2276523034,0.0,0.0,3127133.2276523034,-68.72866772347696,0.0,-0.673038367526297,0.021099579723818485,-1.0000000000000013,-0.6215168081983136
2020-12-01,121.01,123.4693,120.01,122.72,125920963.0,0.0,116.0924,264.989675,0.0,3127133.2276523034,0.0,0.0,3127133.2276523034,-68.72866772347696,0.0,-0.66295899590783,0.030827383452330936,-0.9999999999999998,-0.5945492336316052
2020-12-02,122.02,123.37,120.89,123.08,89004195.0,0.0,116.31779999999999,263.986975,0.0,3127133.2276523034,0.0,0.0,3127133.2276523034,-68.72866772347696,0.0,-0.6619702837054737,0.002933507170795213,-0.9999999999999993,-0.5550630895823863
2020-12-03,123.52,123.78,122.21,122.94,78967630.0,0.0,116.6342,263.000175,0.0,3127133.2276523034,0.0,0.0,3127133.2276523034,-68.72866772347696,0.0,-0.6623547828952789,-0.0011374715632109789,-1.0000000000000002,-0.551361504339695
2020-12-04,122.6,122.8608,121.52,122.25,78260421.0,0.0,116.9148,262.046175,0.0,3127133.2276523034,0.0,0.0,3127133.2276523034,-68.72866772347696,0.0,-0.664249814616462,-0.005612493899463167,-1.0000000000000009,-0.5528176681383398
2020-12-07,122.31,124.57,122.25,123.75,86711990.0,0.0,117.1442,261.17402500000003,0.0,3127133.2276523034,0.0,0.0,3127133.2276523034,-68.72866772347696,0.0,-0.660130180439977,0.012269938650306678,-1.0000000000000002,-0.5599267615783093
2020-12-08,124.37,124.98,123.09,124.38,82225512.0,0.0,117.3326,260.355525,0.0,3127133.2276523034,0.0,0.0,3127133.2276523034,-68.72866772347696,0.0,-0.6583999340858532,0.005090909090909035,-1.000000000000001,-0.5443405799110234
2020-12-09,124.53,125.95,121.0,121.78,115089193.0,0.0,117.48639999999999,259.501175,0.0,3127133.2276523034,0.0,0.0,3127133.2276523034,-68.72866772347696,0.0,-0.665540633325094,-0.0209036822640295,-1.0000000000000002,-0.5379006328653874
2020-12-10,120.5,123.87,120.15,123.24,81312170.0,0.0,117.635,258.749775,0.0,3127133.2276523034,0.0,0.0,3127133.2276523034,-68.72866772347696,0.0,-0.6615308560599819,0.011988832320578124,-0.9999999999999987,-0.5641818276364787
2020-12-11,122.43,122.76,120.55,122.41,86939786.0,0.0,117.7474,257.995025,0.0,3127133.2276523034,0.0,0.0,3127133.2276523034,-68.72866772347696,0.0,-0.6638103869709703,-0.006734826355079493,-0.9999999999999984,-0.5489596066058136
2020-12-14,122.6,123.35,121.54,121.78,79075988.0,0.0,117.9226,257.109875,0.0,3127133.2276523034,0.0,0.0,3127133.2276523034,-68.72866772347696,0.0,-0.665540633325094,-0.005146638346540278,-1.0000000000000004,-0.5574767206523578
2020-12-15,124.34,127.9,124.13,127.88,157572262.0,0.0,118.1502,256.302675,0.0,3127133.2276523034,0.0,0.0,3127133.2276523034,-68.72866772347696,0.0,-0.6487874543407213,0.050090326818853725,-0.9999999999999984,-0.5639926166351786
2020-12-16,127.41,128.37,126.56,127.81,98208591.0,0.0,118.44319999999999,255.42802500000002,0.0,3127133.2276523034,0.0,0.0,3127133.2276523034,-68.72866772347696,0.0,-0.6489797039356239,-0.0005473881764153088,-1.0,-0.49963553784455944
2020-12-17,128.9,129.58,128.045,128.7,94359811.0,0.0,118.7156,254.60692499999996,0.0,3127133.2276523034,0.0,0.0,3127133.2276523034,-68.72866772347696,0.0,-0.646535387657576,0.006963461387997638,-1.0000000000000009,-0.500339893950576
2020-12-18,128.96,129.1,126.12,126.655,192541496.0,0.0,118.94930000000001,253.79504999999997,0.0,3127133.2276523034,0.0,0.0,3127133.2276523034,-68.72866772347696,0.0,-0.6521518222515174,-0.015889665889665783,-0.9999999999999991,-0.4915470724424365
2020-12-21,125.02,128.31,123.449,128.23,121251553.0,0.0,119.1745,253.10535,0.0,3127133.2276523034,0.0,0.0,3127133.2276523034,-68.72866772347696,0.0,-0.647826206366208,0.012435355888042121,-1.000000000000001,-0.5115090670780756
2020-12-22,131.61,134.405,129.65,131.88,169351825.0,0.0,119.3241,252.33805,0.0,3127133.2276523034,0.0,0.0,3127133.2276523034,-68.72866772347696,0.0,-0.6378017632034275,0.02846447789128903,-0.999999999999999,-0.4957706368253122
2020-12-23,132.16,132.43,130.78,130.96,88223692.0,0.0,119.5213,251.6157,0.0,3127133.2276523034,0.0,0.0,3127133.2276523034,-68.72866772347696,0.0,-0.6403284721650051,-0.006976038823172437,-1.000000000000001,-0.4595864590678434
2020-12-24,131.32,133.46,131.1,131.97,54930064.0,0.0,119.7369,251.03439999999998,0.0,3127133.2276523034,0.0,0.0,3127133.2276523034,-68.72866772347696,0.0,-0.6375545851528385,0.007712278558338337,-1.0000000000000018,-0.46837168122559447
2020-12-28,133.99,137.34,133.51,136.69,123124632.0,0.0,120.0565,250.328,0.0,3127133.2276523034,0.0,0.0,3127133.2276523034,-68.72866772347696,0.0,-0.6245914696108319,0.03576570432674098,-0.9999999999999984,-0.4586432828082776
2020-12-29,138.05,138.789,134.3409,134.87,121047324.0,0.0,120.3735,249.7913,0.0,3127133.2276523034,0.0,0.0,3127133.2276523034,-68.72866772347696,0.0,-0.6295899590783005,-0.013314799912210074,-0.9999999999999999,-0.4131782256455607
2020-12-30,135.58,135.99,133.4,133.72,96452124.0,0.0,120.7283,249.19559999999998,0.0,3127133.2276523034,0.0,0.0,3127133.2276523034,-68.72866772347696,0.0,-0.6327483452802725,-0.008526729443167569,-0.9999999999999994,-0.4298824292480001
2020-12-31,134.08,134.74,131.72,132.69,99116586.0,0.0,121.0319,248.6257,0.0,3127133.2276523034,0.0,0.0,3127133.2276523034,-68.72866772347696,0.0,-0.6355771607481255,-0.00770266227938976,-1.0000000000000007,-0.44059722040275884
2021-01-04,133.52,133.6116,126.76,129.41,143301887.0,0.0,121.2827,248.04885000000002,0.0,3127133.2276523034,0.0,0.0,3127133.2276523034,-68.72866772347696,0.0,-0.6445854274807064,-0.02471927048006628,-0.9999999999999984,-0.45027987995779156
2021-01-05,128.89,131.74,128.43,131.01,97664898.0,0.0,121.58789999999999,247.55769999999995,0.0,3127133.2276523034,0.0,0.0,3127133.2276523034,-68.72866772347696,0.0,-0.6401911510257889,0.012363804960976665,-1.000000000000002,-0.481168997116751
2021-01-06,127.72,131.0499,126.382,126.6,155087970.0,0.0,121.81909999999999,247.06885000000003,0.0,3127133.2276523034,0.0,0.0,3127133.2276523034,-68.72866772347696,0.0,-0.6523028755046553,-0.033661552553240215,-1.000000000000001,-0.465568399540977
2021-01-07,128.36,131.63,127.86,130.92,109578157.0,0.0,122.1365,246.48905,0.0,3127133.2276523034,0.0,0.0,3127133.2276523034,-68.72866772347696,0.0,-0.6404383290763781,0.034123222748815074,-1.0000000000000004,-0.5074742217251215
2021-01-08,132.43,132.63,130.23,132.05,105158245.0,0.0,122.44550000000001,245.9217,0.0,3127133.2276523034,0.0,0.0,3127133.2276523034,-68.72866772347696,0.0,-0.6373348713300926,0.008631225175679935,-0.9999999999999984,-0.46416255055603917
2021-01-11,129.19,130.17,128.5,128.98,100620880.0,0.0,122.8011,245.27439999999999,0.0,3127133.2276523034,0.0,0.0,3127133.2276523034,-68.72866772347696,0.0,-0.6457663892779655,-0.023248769405528336,-1.0,-0.45330957685179685
2021-01-12,128.5,129.69,126.86,128.8,90440255.0,0.0,123.0707,244.67970000000003,0.0,3127133.2276523034,0.0,0.0,3127133.2276523034,-68.72866772347696,0.0,-0.6462607453791437,-0.0013955652039073785,-0.999999999999999,-0.4823041624088098
2021-01-13,128.76,131.45,128.49,130.89,88636831.0,0.0,123.5113,244.06010000000003,0.0,3127133.2276523034,0.0,0.0,3127133.2276523034,-68.72866772347696,0.0,-0.6405207217599078,0.01622670807453397,-1.0000000000000002,-0.4840655210176769
2021-01-14,130.8,131.0,128.76,128.91,90221755.0,0.0,123.9141,243.4332,0.0,3127133.2276523034,0.0,0.0,3127133.2276523034,-68.72866772347696,0.0,-0.6459586388728681,-0.015127206050882358,-1.0,-0.46361228355428913
2021-01-15,128.78,130.2242,127.0,127.14,111598531.0,0.0,124.2481,242.86434999999997,0.0,3127133.2276523034,0.0,0.0,3127133.2276523034,-68.72866772347696,0.0,-0.6508198072011205,-0.013730509657900791,-0.9999999999999993,-0.4825177418157863
2021-01-19,127.78,128.71,126.938,127.83,90757329.0,0.0,124.50569999999999,242.27884999999998,0.0,3127133.2276523034,0.0,0.0,3127133.2276523034,-68.72866772347696,0.0,-0.6489247754799374,0.005427088249174039,-0.9999999999999992,-0.4996836731763385
2021-01-20,128.66,132.49,128.55,132.03,104319489.0,0.0,124.7657,241.73194999999998,0.0,3127133.2276523034,0.0,0.0,3127133.2276523034,-68.72866772347696,0.0,-0.637389799785779,0.032856137057028834,-1.0000000000000004,-0.4928721420501986
2021-01-21,133.8,139.67,133.59,136.87,120529544.0,0.0,125.1293,241.10395,0.0,3127133.2276523034,0.0,0.0,3127133.2276523034,-68.72866772347696,0.0,-0.6240971135096537,0.036658335226842365,-1.0000000000000007,-0.45128027324919073
2021-01-22,136.28,139.85,135.02,139.07,114459360.0,0.0,125.5843,240.50215,0.0,3127133.2276523034,0.0,0.0,3127133.2276523034,-68.72866772347696,0.0,-0.6180549833841422,0.016073646525900376,-1.0000000000000009,-0.4049322489703518
2021-01-25,143.07,145.09,136.54,142.92,157611713.0,0.0,126.1233,239.88639999999998,0.0,3127133.2276523034,0.0,0.0,3127133.2276523034,-68.72866772347696,0.0,-0.6074812556644971,0.027683900194146682,-0.9999999999999998,-0.38475121134829343
2021-01-26,143.6,144.3,141.37,143.16,98390555.0,0.0,126.5967,239.26225000000002,0.0,3127133.2276523034,0.0,0.0,3127133.2276523034,-68.72866772347696,0.0,-0.6068221141962594,0.0016792611251050804,-1.0000000000000018,-0.3499246455760168
2021-01-27,143.43,144.3,140.41,142.06,140843759.0,0.0,127.0537,238.6063,0.0,3127133.2276523034,0.0,0.0,3127133.2276523034,-68.72866772347696,0.0,-0.6098431792590151,-0.007683710533668564,-1.0000000000000007,-0.3478326778241771
2021-01-28,139.52,141.99,136.7,137.09,142621128.0,0.0,127.4103,237.85649999999998,0.0,3127133.2276523034,0.0,0.0,3127133.2276523034,-68.72866772347696,0.0,-0.6234929004971025,-0.03498521751372663,-0.9999999999999986,-0.3574268171888569
2021-01-29,135.83,136.74,130.21,131.96,177523812.0,0.0,127.6435,237.09415,0.0,3127133.2276523034,0.0,0.0,3127133.2276523034,-68.72866772347696,0.0,-0.6375820493806816,-0.037420672550879,-1.0000000000000016,-0.40078232543836284
2021-02-01,133.75,135.38,130.93,134.14,106239823.0,0.0,127.9385,236.33140000000003,0.0,3127133.2276523034,0.0,0.0,3127133.2276523034,-68.72866772347696,0.0,-0.6315948477108566,0.016520157623522103,-1.0000000000000013,-0.447050346169394
2021-02-02,135.73,136.31,134.61,134.99,82266419.0,0.0,128.27769999999998,235.59235,0.0,3127133.2276523034,0.0,0.0,3127133.2276523034,-68.72866772347696,0.0,-0.6292603883441817,0.00633666318771442,-1.000000000000002,-0.4263486980040053
2021-02-03,135.76,135.77,133.61,133.94,89880937.0,0.0,128.58370000000002,234.87740000000002,0.0,3127133.2276523034,0.0,0.0,3127133.2276523034,-68.72866772347696,0.0,-0.6321441322677213,-0.0077783539521446565,-0.9999999999999978,-0.41843728865676233
2021-02-04,136.3,137.4,134.59,137.39,84183061.0,0.0,128.9847,234.2225,0.0,3127133.2276523034,0.0,0.0,3127133.2276523034,-68.72866772347696,0.0,-0.6226689736618055,0.025757802000895946,-1.000000000000002,-0.42812971749675705
2021-02-05,137.35,137.42,135.86,136.76,75693830.0,0.0,129.44289999999998,233.52579999999998,0.0,3127133.2276523034,0.0,0.0,3127133.2276523034,-68.72866772347696,0.0,-0.6243992200159293,-0.004585486571075048,-0.9999999999999986,-0.3957989794185407
2021-02-08,136.03,136.96,134.92,136.91,71297214.0,0.0,129.87769999999998,232.83520000000001,0.0,3127133.2276523034,0.0,0.0,3127133.2276523034,-68.72866772347696,0.0,-0.6239872565982808,0.0010968119333139015,-1.0000000000000022,-0.40151666785334383
2021-02-09,136.62,137.877,135.85,136.01,75986989.0,0.0,130.2773,232.1004,0.0,3127133.2276523034,0.0,0.0,3127133.2276523034,-68.72866772347696,0.0,-0.6264590371041718,-0.006573661529471919,-1.0000000000000022,-0.40015611303636134
2021-02-10,136.48,136.99,134.4,135.39,72647988.0,0.0,130.6533,231.3615,0.0,3127133.2276523034,0.0,0.0,3127133.2276523034,-68.72866772347696,0.0,-0.6281618192304523,-0.004558488346445122,-0.9999999999999973,-0.4083456367293942
2021-02-11,135.9,136.39,133.77,135.13,64280029.0,0.0,130.9749,230.64425,0.0,3127133.2276523034,0.0,0.0,3127133.2276523034,-68.72866772347696,0.0,-0.6288758891543764,-0.00192037816677737,-0.9999999999999984,-0.41402985437028356
2021-02-12,134.35,135.53,133.6921,135.37,60145130.0,0.0,131.2279,229.88245000000003,0.0,3127133.2276523034,0.0,0.0,3127133.2276523034,-68.72866772347696,0.0,-0.6282167476861388,0.0017760674905646923,-1.000000000000001,-0.41643028545365735
2021-02-16,135.49,136.01,132.79,133.19,80576316.0,0.0,131.4301,229.0794,0.0,3127133.2276523034,0.0,0.0,3127133.2276523034,-68.72866772347696,0.0,-0.6342039493559639,-0.016104011228484927,-1.0000000000000002,-0.41422176922452403
2021-02-17,131.25,132.22,129.47,130.84,97372199.0,0.0,131.5881,228.28825,0.0,3127133.2276523034,0.0,0.0,3127133.2276523034,-68.72866772347696,0.0,-0.6406580428991239,-0.017643967264809657,-1.0000000000000024,-0.4342224155655866
2021-02-18,129.2,129.995,127.41,129.71,96856748.0,0.0,131.7373,227.47099999999998,0.0,3127133.2276523034,0.0,0.0,3127133.2276523034,-68.72866772347696,0.0,-0.6437615006454094,-0.00863650259859372,-1.0000000000000022,-0.456120126467539
2021-02-19,130.24,130.71,128.8,129.87,87668834.0,0.0,131.8597,226.63255,0.0,3127133.2276523034,0.0,0.0,3127133.2276523034,-68.72866772347696,0.0,-0.6433220729999176,0.0012335209313083517,-1.0000000000000027,-0.46686851534771806
2021-02-22,128.01,129.72,125.6,126.0,102886922.0,0.0,131.8921,225.75940000000003,0.0,3127133.2276523034,0.0,0.0,3127133.2276523034,-68.72866772347696,0.0,-0.6539507291752492,-0.02979902979902982,-0.9999999999999983,-0.4653370978081568
2021-02-23,123.76,126.71,118.39,125.86,158273022.0,0.0,131.9737,224.87,0.0,3127133.2276523034,0.0,0.0,3127133.2276523034,-68.72866772347696,0.0,-0.6543352283650545,-0.0011111111111110628,-1.0000000000000009,-0.5021569069713029
2021-02-24,124.94,125.56,122.23,125.35,111039904.0,0.0,132.0159,223.9461,0.0,3127133.2276523034,0.0,0.0,3127133.2276523034,-68.72866772347696,0.0,-0.6557359039850595,-0.0040521214047354315,-1.000000000000002,-0.5035484642875555
2021-02-25,124.68,126.4585,120.54,120.99,144766924.0,0.0,131.9875,222.976,0.0,3127133.2276523034,0.0,0.0,3127133.2276523034,-68.72866772347696,0.0,-0.6677103073247096,-0.034782608695652195,-0.9999999999999977,-0.5085997569558321
2021-02-26,122.59,124.85,121.2,121.26,163424672.0,0.0,131.97709999999998,222.02525000000003,0.0,3127133.2276523034,0.0,0.0,3127133.2276523034,-68.72866772347696,0.0,-0.6669687731729422,0.002231589387552857,-1.0000000000000007,-0.5514511293144946
2021-03-01,123.75,127.93,122.79,127.79,116307892.0,0.0,131.97529999999998,221.12595000000002,0.0,3127133.2276523034,0.0,0.0,3127133.2276523034,-68.72866772347696,0.0,-0.6490346323913103,0.05385122876463799,-1.0000000000000024,-0.5486759642163771
2021-03-02,128.41,128.72,125.01,125.12,102260945.0,0.0,131.9215,220.20385,0.0,3127133.2276523034,0.0,0.0,3127133.2276523034,-68.72866772347696,0.0,-0.6563675812254538,-0.020893653650520427,-0.9999999999999979,-0.4805358817415424
2021-03-03,124.81,125.71,121.84,122.06,112966340.0,0.0,131.7887,219.27560000000003,0.0,3127133.2276523034,0.0,0.0,3127133.2276523034,-68.72866772347696,0.0,-0.6647716349454835,-0.024456521739130488,-0.9999999999999993,-0.5063283434421982
2021-03-04,121.75,123.6,118.62,120.13,178154975.0,0.0,131.6582,218.30145000000002,0.0,3127133.2276523034,0.0,0.0,3127133.2276523034,-68.72866772347696,0.0,-0.6700722309192277,-0.015811895788956254,-0.9999999999999994,-0.5364675901427888
2021-03-05,120.98,121.935,117.57,121.42,153766601.0,0.0,131.52200000000002,217.34285,0.0,3127133.2276523034,0.0,0.0,3127133.2276523034,-68.72866772347696,0.0,-0.6665293455274505,0.010738366769333263,-0.9999999999999978,-0.5560045243387878
2021-03-08,120.93,121.0,116.21,116.36,154376610.0,0.0,131.2116,216.3285,0.0,3127133.2276523034,0.0,0.0,3127133.2276523034,-68.72866772347696,0.0,-0.680426244816127,-0.04167352989622797,-1.0000000000000022,-0.542628382596308
2021-03-09,119.03,122.06,118.79,121.085,129525780.0,0.0,131.01409999999998,215.349675,0.0,3127133.2276523034,0.0,0.0,3127133.2276523034,-68.72866772347696,0.0,-0.6674493971601989,0.04060673771055345,-1.0000000000000022,-0.5935924028041453
2021-03-10,121.69,122.17,119.45,119.98,111943326.0,0.0,130.77429999999998,214.35512500000002,0.0,3127133.2276523034,0.0,0.0,3127133.2276523034,-68.72866772347696,0.0,-0.6704841943368762,-0.009125820704463772,-0.9999999999999988,-0.5425486293992698
2021-03-11,122.54,123.21,121.26,121.96,103026514.0,0.0,130.47969999999998,213.381275,0.0,3127133.2276523034,0.0,0.0,3127133.2276523034,-68.72866772347696,0.0,-0.665046277223916,0.016502750458409654,-0.9999999999999981,-0.5538210740968988
2021-03-12,120.4,121.17,119.16,121.03,88105050.0,0.0,130.2029,212.39587500000002,0.0,3127133.2276523034,0.0,0.0,3127133.2276523034,-68.72866772347696,0.0,-0.6676004504133366,-0.007625450967530312,-1.0000000000000009,-0.5332808252743991
2021-03-15,121.41,124.0,120.42,123.99,92590555.0,0.0,130.0083,211.424575,0.0,3127133.2276523034,0.0,0.0,3127133.2276523034,-68.72866772347696,0.0,-0.6594710389717393,0.02445674626125749,-0.9999999999999982,-0.542702802219044
2021-03-16,125.7,127.22,124.715,125.57,115227936.0,0.0,129.8659,210.46272499999998,0.0,3127133.2276523034,0.0,0.0,3127133.2276523034,-68.72866772347696,0.0,-0.6551316909725083,0.012742963142188923,-0.999999999999997,-0.5122014929267091
2021-03-17,124.05,125.8599,122.336,124.76,111932636.0,0.0,129.7729,209.47727500000002,0.0,3127133.2276523034,0.0,0.0,3127133.2276523034,-68.72866772347696,0.0,-0.6573562934278103,-0.0064505853308910455,-1.0000000000000009,-0.496382993564604
2021-03-18,122.88,123.18,120.32,120.53,121469755.0,0.0,129.5633,208.463225,0.0,3127133.2276523034,0.0,0.0,3127133.2276523034,-68.72866772347696,0.0,-0.6689736618054983,-0.033905097787752525,-0.9999999999999976,-0.5043507699578432
2021-03-19,119.9,121.43,119.675,119.99,185549522.0,0.0,129.43110000000001,207.43757500000004,0.0,3127133.2276523034,0.0,0.0,3127133.2276523034,-68.72866772347696,0.0,-0.670456730109033,-0.004480212395254313,-1.0000000000000002,-0.5458166058936654
2021-03-22,120.33,123.87,120.26,123.39,111912284.0,0.0,129.2805,206.442925,0.0,3127133.2276523034,0.0,0.0,3127133.2276523034,-68.72866772347696,0.0,-0.6611188926423334,0.0283356946412201,-1.0000000000000036,-0.5513524156608035
2021-03-23,123.33,124.24,122.14,122.54,95467142.0,0.0,129.09029999999998,205.398125,0.0,3127133.2276523034,0.0,0.0,3127133.2276523034,-68.72866772347696,0.0,-0.6634533520090082,-0.006888726801199452,-1.0000000000000033,-0.5160181041500285
2021-03-24,122.82,122.9,120.065,120.09,88530485.0,0.0,128.9125,204.33127499999998,0.0,3127133.2276523034,0.0,0.0,3127133.2276523034,-68.72866772347696,0.0,-0.6701820878306006,-0.019993471519503814,-0.9999999999999978,-0.5245130788012838
2021-03-25,119.54,121.66,119.0,120.59,98844681.0,0.0,128.7483,203.214275,0.0,3127133.2276523034,0.0,0.0,3127133.2276523034,-68.72866772347696,0.0,-0.6688088764384389,0.004163544008660258,-0.9999999999999978,-0.549047681383459
2021-03-26,120.35,121.48,118.92,121.21,94071234.0,0.0,128.5547,202.05612500000004,0.0,3127133.2276523034,0.0,0.0,3127133.2276523034,-68.72866772347696,0.0,-0.6671060943121585,0.005141388174807027,-1.0000000000000033,-0.5439042884479874
2021-03-29,121.65,122.58,120.7299,121.39,80819203.0,0.0,128.40429999999998,200.98357500000003,0.0,3127133.2276523034,0.0,0.0,3127133.2276523034,-68.72866772347696,0.0,-0.6666117382109803,0.0014850259879548577,-1.0000000000000027,-0.5375499613737184
2021-03-30,120.11,120.4031,118.86,119.9,85671919.0,0.0,128.2595,199.88907499999996,0.0,3127133.2276523034,0.0,0.0,3127133.2276523034,-68.72866772347696,0.0,-0.6707039081596221,-0.012274487190048533,-0.9999999999999996,-0.5357208336305573
2021-03-31,121.65,123.52,121.15,122.15,118323826.0,0.0,128.1459,198.784875,0.0,3127133.2276523034,0.0,0.0,3127133.2276523034,-68.72866772347696,0.0,-0.6645244568948944,0.018765638031693177,-0.9999999999999968,-0.5508206195100632
2021-04-01,123.66,124.18,122.49,123.0,75089134.0,0.0,127.96529999999998,197.63947499999998,0.0,3127133.2276523034,0.0,0.0,3127133.2276523034,-68.72866772347696,0.0,-0.6621899975282195,0.0069586573884568015,-1.000000000000002,-0.5275139487678991
2021-04-05,123.87,126.1601,123.07,125.9,88651175.0,0.0,127.7459,196.51102500000002,0.0,3127133.2276523034,0.0,0.0,3127133.2276523034,-68.72866772347696,0.0,-0.6542253714536815,0.02357723577235782,-1.0000000000000016,-0.5189115897649875
2021-04-06,126.5,127.13,125.65,126.21,80171253.0,0.0,127.48870000000001,195.383425,0.0,3127133.2276523034,0.0,0.0,3127133.2276523034,-68.72866772347696,0.0,-0.6533739803905414,0.0024622716441620174,-0.9999999999999969,-0.4896151146881542
2021-04-07,125.83,127.92,125.14,127.9,83466716.0,0.0,127.1883,194.27432499999998,0.0,3127133.2276523034,0.0,0.0,3127133.2276523034,-68.72866772347696,0.0,-0.6487325258850347,0.013390381110847116,-0.9999999999999977,-0.48658121581562586
2021-04-08,128.95,130.39,128.52,130.36,88844591.0,0.0,126.9323,193.131775,0.0,3127133.2276523034,0.0,0.0,3127133.2276523034,-68.72866772347696,0.0,-0.6419763258355992,0.019233776387802992,-0.9999999999999977,-0.4700086951757822
2021-04-09,129.8,133.04,129.47,132.995,106686703.0,0.0,126.751,191.9641,0.0,3127133.2276523034,0.0,0.0,3127133.2276523034,-68.72866772347696,0.0,-0.6347395017989069,0.0202132555998773,-0.9999999999999999,-0.4461749301667736
2021-04-12,132.52,132.85,130.63,131.24,91419983.0,0.0,126.634,190.82,0.0,3127133.2276523034,0.0,0.0,3127133.2276523034,-68.72866772347696,0.0,-0.6395594737853945,-0.013195984811459005,-1.0000000000000029,-0.42113925527597335
2021-04-13,132.44,134.66,131.93,134.43,91266545.0,0.0,126.6834,189.66795000000002,0.0,3127133.2276523034,0.0,0.0,3127133.2276523034,-68.72866772347696,0.0,-0.6307983851034028,0.02430661383724475,-1.0000000000000002,-0.4373421851537944
2021-04-14,134.94,135.0,131.655,132.03,87222782.0,0.0,126.64120000000001,188.55995,0.0,3127133.2276523034,0.0,0.0,3127133.2276523034,-68.72866772347696,0.0,-0.637389799785779,-0.017853157777281914,-1.0000000000000009,-0.40722515489686045
2021-04-15,133.82,135.0,133.64,134.5,89347102.0,0.0,126.63140000000001,187.42355,0.0,3127133.2276523034,0.0,0.0,3127133.2276523034,-68.72866772347696,0.0,-0.6306061355085002,0.018707869423615797,-0.9999999999999987,-0.4291050476217232
2021-04-16,134.3,134.67,133.28,134.16,84922386.0,0.0,126.6358,186.27035,0.0,3127133.2276523034,0.0,0.0,3127133.2276523034,-68.72866772347696,0.0,-0.6315399192551702,-0.002527881040892188,-1.0000000000000004,-0.40597532112006784
2021-04-19,133.51,135.47,133.34,134.84,94264215.0,0.0,126.5848,185.12400000000002,0.0,3127133.2276523034,0.0,0.0,3127133.2276523034,-68.72866772347696,0.0,-0.6296723517618302,0.005068574836016637,-0.9999999999999997,-0.40908800859416883
2021-04-20,135.02,135.53,131.81,133.11,94812349.0,0.0,126.51180000000001,183.96900000000002,0.0,3127133.2276523034,0.0,0.0,3127133.2276523034,-68.72866772347696,0.0,-0.6344236631787097,-0.012830020765351446,-0.9999999999999991,-0.40284790773371454
2021-04-21,132.36,133.75,131.3001,133.5,68847136.0,0.0,126.4436,182.76725000000002,0.0,3127133.2276523034,0.0,0.0,3127133.2276523034,-68.72866772347696,0.0,-0.6333525582928237,0.0029299075952218256,-1.0000000000000033,-0.418586377748935
2021-04-22,133.04,134.15,131.41,131.94,84566456.0,0.0,126.36220000000002,181.56350000000003,0.0,3127133.2276523034,0.0,0.0,3127133.2276523034,-68.72866772347696,0.0,-0.6376369778363682,-0.01168539325842699,-1.000000000000002,-0.4149831112850278
2021-04-23,132.16,135.12,132.16,134.32,78756779.0,0.0,126.3408,180.32825,0.0,3127133.2276523034,0.0,0.0,3127133.2276523034,-68.72866772347696,0.0,-0.6311004916096784,0.018038502349552843,-0.9999999999999961,-0.4293202830212566
2021-04-26,134.83,135.06,133.56,134.72,66905069.0,0.0,126.3326,179.08679999999995,0.0,3127133.2276523034,0.0,0.0,3127133.2276523034,-68.72866772347696,0.0,-0.630001922495949,0.0029779630732580387,-0.9999999999999997,-0.40703239894888754
2021-04-27,135.01,135.41,134.11,134.39,66015804.0,0.0,126.31299999999999,177.84035000000003,0.0,3127133.2276523034,0.0,0.0,3127133.2276523034,-68.72866772347696,0.0,-0.6309082420147758,-0.0024495249406176756,-1.0000000000000029,-0.40337130767439716
2021-04-28,134.31,135.02,133.08,133.58,107760097.0,0.0,126.3208,176.59869999999998,0.0,3127133.2276523034,0.0,0.0,3127133.2276523034,-68.72866772347696,0.0,-0.6331328444700777,-0.006027234169208806,-1.0000000000000022,-0.4063859524114932
2021-04-29,136.47,137.07,132.45,133.48,151100953.0,0.0,126.37360000000001,175.32495,0.0,3127133.2276523034,0.0,0.0,3127133.2276523034,-68.72866772347696,0.0,-0.6334074867485101,-0.0007486150621351939,-1.000000000000003,-0.41379125760832136
2021-04-30,131.78,133.56,131.065,131.46,109839466.0,0.0,126.4086,174.02775000000003,0.0,3127133.2276523034,0.0,0.0,3127133.2276523034,-68.72866772347696,0.0,-0.6389552607728434,-0.015133353311357345,-1.0000000000000002,-0.41471575107206926
2021-05-03,132.04,134.07,131.83,132.54,75135100.0,0.0,126.462,172.76,0.0,3127133.2276523034,0.0,0.0,3127133.2276523034,-68.72866772347696,0.0,-0.6359891241657741,0.008215426745778132,-0.9999999999999967,-0.43325779758231375
2021-05-04,131.19,131.4899,126.7,127.85,137564718.0,0.0,126.499,171.4727,0.0,3127133.2276523034,0.0,0.0,3127133.2276523034,-68.72866772347696,0.0,-0.648869847024251,-0.035385543986721,-1.000000000000002,-0.42313694085165365
2021-05-05,129.2,130.45,127.97,128.1,84000900.0,0.0,126.54379999999999,170.14605,0.0,3127133.2276523034,0.0,0.0,3127133.2276523034,-68.72866772347696,0.0,-0.6481832413281701,0.001955416503715224,-0.9999999999999974,-0.4662173262234316
2021-05-06,127.89,129.75,127.13,129.74,78128334.0,0.0,126.63159999999999,168.85475000000002,0.0,3127133.2276523034,0.0,0.0,3127133.2276523034,-68.72866772347696,0.0,-0.6436791079618797,0.012802498048399835,-0.9999999999999969,-0.46381712498368916
2021-05-07,130.85,131.2582,129.475,130.21,78973273.0,0.0,126.816,167.56035,0.0,3127133.2276523034,0.0,0.0,3127133.2276523034,-68.72866772347696,0.0,-0.6423882892532476,0.003622629875134953,-0.999999999999997,-0.4480340792906373
2021-05-10,129.41,129.54,126.81,126.85,88071229.0,0.0,126.9278,166.3377,0.0,3127133.2276523034,0.0,0.0,3127133.2276523034,-68.72866772347696,0.0,-0.6516162698085743,-0.025804469702787936,-0.9999999999999981,-0.4435829824353178
2021-05-11,123.5,126.27,122.77,125.91,126142826.0,0.0,126.89020000000001,165.11495,0.0,3127133.2276523034,0.0,0.0,3127133.2276523034,-68.72866772347696,0.0,-0.6541979072258384,-0.00741032715806067,-1.0000000000000029,-0.4750522656449489
2021-05-12,123.4,124.64,122.25,122.77,112172282.0,0.0,126.8432,163.8326,0.0,3127133.2276523034,0.0,0.0,3127133.2276523034,-68.72866772347696,0.0,-0.662821674768614,-0.02493844809784762,-0.9999999999999999,-0.484137485933664
2021-05-13,124.58,126.15,124.26,124.97,105861339.0,0.0,126.9014,162.5924,0.0,3127133.2276523034,0.0,0.0,3127133.2276523034,-68.72866772347696,0.0,-0.6567795446431024,0.01791968722000492,-1.0000000000000029,-0.5145319128699477
2021-05-14,126.25,127.89,125.85,127.45,81917951.0,0.0,127.0478,161.32885,0.0,3127133.2276523034,0.0,0.0,3127133.2276523034,-68.72866772347696,0.0,-0.6499684161379803,0.019844762743058464,-0.9999999999999992,-0.4924150038452148
2021-05-17,126.82,126.93,125.17,126.27,74244624.0,0.0,127.14479999999999,160.0364,0.0,3127133.2276523034,0.0,0.0,3127133.2276523034,-68.72866772347696,0.0,-0.653209195023482,-0.009258532757944304,-0.9999999999999956,-0.4679244231192296
2021-05-18,126.56,126.99,124.78,124.85,63342929.0,0.0,127.31460000000001,158.53545,0.0,3127133.2276523034,0.0,0.0,3127133.2276523034,-68.72866772347696,0.0,-0.6571091153772212,-0.011245743248594287,-0.9999999999999961,-0.4792563217082934
2021-05-19,123.16,124.915,122.86,124.69,92611989.0,0.0,127.3867,156.98015,0.0,3127133.2276523034,0.0,0.0,3127133.2276523034,-68.72866772347696,0.0,-0.6575485430227129,-0.0012815378454145154,-0.9999999999999987,-0.4930105351325406
2021-05-20,125.23,127.72,125.1,127.31,76857123.0,0.0,127.53330000000001,155.42340000000002,0.0,3127133.2276523034,0.0,0.0,3127133.2276523034,-68.72866772347696,0.0,-0.6503529153277856,0.021012110032881504,-0.999999999999998,-0.4945859692637453
2021-05-21,127.82,128.0,125.21,125.43,79295436.0,0.0,127.6027,153.8493,0.0,3127133.2276523034,0.0,0.0,3127133.2276523034,-68.72866772347696,0.0,-0.6555161901623136,-0.014767103919566371,-0.9999999999999951,-0.468656879793781
2021-05-24,126.01,127.94,125.94,127.1,63092945.0,0.0,127.72409999999999,152.20675,0.0,3127133.2276523034,0.0,0.0,3127133.2276523034,-68.72866772347696,0.0,-0.6509296641124935,0.013314199154907058,-0.9999999999999994,-0.48668978247408173
2021-05-25,127.82,128.32,126.32,126.9,72009482.0,0.0,127.78229999999999,150.619,0.0,3127133.2276523034,0.0,0.0,3127133.2276523034,-68.72866772347696,0.0,-0.6514789486693582,-0.0015735641227379027,-1.000000000000001,-0.47030566288446485
2021-05-26,126.955,127.39,126.42,126.85,56575920.0,0.0,127.8079,148.9987,0.0,3127133.2276523034,0.0,0.0,3127133.2276523034,-68.72866772347696,0.0,-0.6516162698085743,-0.00039401103230896073,-1.0000000000000013,-0.47223742610956526
2021-05-27,126.44,127.64,125.08,125.28,94625601.0,0.0,127.8183,147.4376,0.0,3127133.2276523034,0.0,0.0,3127133.2276523034,-68.72866772347696,0.0,-0.6559281535799621,-0.012376823019314087,-0.9999999999999963,-0.4727239601900905
2021-05-28,125.57,125.8,124.55,124.61,71311109.0,0.0,127.8999,145.80045,0.0,3127133.2276523034,0.0,0.0,3127133.2276523034,-68.72866772347696,0.0,-0.6577682568454588,-0.00534802043422733,-0.999999999999996,-0.48784507737424004
2021-06-01,125.08,125.35,123.94,124.28,67637118.0,0.0,127.9857,144.12165,0.0,3127133.2276523034,0.0,0.0,3127133.2276523034,-68.72866772347696,0.0,-0.6586745763642855,-0.002648262579247218,-1.0000000000000029,-0.49439431272140644
2021-06-02,124.28,125.24,124.05,125.06,59278862.0,0.0,128.0191,142.4488,0.0,3127133.2276523034,0.0,0.0,3127133.2276523034,-68.72866772347696,0.0,-0.6565323665925132,0.006276150627614996,-1.0,-0.4976418610514439
2021-06-03,124.68,124.85,123.13,123.54,76229170.0,0.0,128.0391,140.77435000000003,0.0,3127133.2276523034,0.0,0.0,3127133.2276523034,-68.72866772347696,0.0,-0.6607069292246848,-0.012154166000319822,-1.0000000000000042,-0.48993669989275584
2021-06-04,124.07,126.16,123.85,125.89,75169343.0,0.0,128.1551,139.09255000000002,0.0,3127133.2276523034,0.0,0.0,3127133.2276523034,-68.72866772347696,0.0,-0.6542528356815248,0.01902217905131942,-1.0000000000000049,-0.5047841276467505
2021-06-07,126.17,126.32,124.8321,125.9,71057550.0,0.0,128.2613,137.40789999999998,0.0,3127133.2276523034,0.0,0.0,3127133.2276523034,-68.72866772347696,0.0,-0.6542253714536815,7.943442688063129e-05,-0.9999999999999977,-0.48133984145156494
2021-06-08,126.6,128.46,126.2101,126.74,74403774.0,0.0,128.3719,135.67610000000002,0.0,3127133.2276523034,0.0,0.0,3127133.2276523034,-68.72866772347696,0.0,-0.65191837631485,0.006671961874503474,-0.999999999999995,-0.4812458820272271
2021-06-09,127.21,127.75,126.52,127.13,56877937.0,0.0,128.4867,133.82435,0.0,3127133.2276523034,0.0,0.0,3127133.2276523034,-68.72866772347696,0.0,-0.6508472714289638,0.003077165851349317,-1.0000000000000007,-0.4730581505319813
2021-06-10,127.02,128.19,125.94,126.11,71186421.0,0.0,128.61090000000002,131.93775,0.0,3127133.2276523034,0.0,0.0,3127133.2276523034,-68.72866772347696,0.0,-0.6536486226689736,-0.008023283253362656,-0.9999999999999973,-0.4692878669222999
2021-06-11,126.53,127.44,126.1,127.35,53522373.0,0.0,128.7149,130.078,0.0,3127133.2276523034,0.0,0.0,3127133.2276523034,-68.72866772347696,0.0,-0.6502430584164126,0.009832685750535308,-1.0000000000000042,-0.4790984285200777
2021-06-14,127.82,130.54,127.07,130.48,96906490.0,1.0,128.86450000000002,128.19995,1.0,0.0,23942.43729639692,3124009.21843387,3124009.21843387,-68.75990781566131,-0.0009990009990008542,-0.6416467551014804,0.024577934825284586,-0.9999999999999964,-0.46702087797273856
2021-06-15,129.94,130.6,129.39,129.64,62746332.0,1.0,128.9393,126.34795,0.0,0.0,23942.43729639692,3124009.21843387,3124009.21843387,-68.75990781566131,0.0,-0.6439537502403121,-0.006437768240343367,-1.0014592395698567,-0.43671901491788134
2021-06-16,130.37,130.89,128.461,130.15,91339351.0,1.0,129.0181,124.50255000000001,0.0,0.0,23942.43729639692,3124009.21843387,3124009.21843387,-68.75990781566131,0.0,-0.6425530746203071,0.003933970996606195,-1.0014592141803573,-0.44459012083936794
2021-06-17,129.8,132.55,129.65,131.79,96721669.0,1.0,129.0959,124.51629999999999,0.0,0.0,23942.43729639692,3124009.21843387,3124009.21843387,-68.75990781566131,0.0,-0.6380489412540167,0.012600845178639908,-1.0014591890015518,-0.43977173462697394
2021-06-18,130.71,131.51,130.24,130.46,108953309.0,1.0,129.0979,124.49770000000001,0.0,0.0,23942.43729639692,3124009.21843387,3124009.21843387,-68.75990781566131,0.0,-0.6417016835571668,-0.010091812732377137,-1.0014591640308566,-0.4242979616294376
2021-06-21,130.3,132.41,129.21,132.3,79663316.0,1.0,129.084,124.50219999999999,0.0,0.0,23942.43729639692,3124009.21843387,3124009.21843387,-68.75990781566131,0.0,-0.6366482656340117,0.014103939904951845,-1.0014591392656738,-0.43662056343317684
2021-06-22,132.13,134.08,131.62,133.98,74783618.0,1.0,129.1388,124.5677,0.0,0.0,23942.43729639692,3124009.21843387,3124009.21843387,-68.75990781566131,0.0,-0.6320342753563484,0.012698412698412431,-1.0014591147034795,-0.4192982130836805
2021-06-23,133.77,134.32,133.23,133.7,60214200.0,1.0,129.1242,124.6314,0.0,0.0,23942.43729639692,3124009.21843387,3124009.21843387,-68.75990781566131,0.0,-0.6328032737359589,-0.002089864158829724,-1.0014590903418028,-0.40371342586943504
2021-06-24,134.45,134.64,132.93,133.41,68710998.0,1.0,129.1518,124.73434999999999,0.0,0.0,23942.43729639692,3124009.21843387,3124009.21843387,-68.75990781566131,0.0,-0.6335997363434127,-0.002169035153328336,-1.0014590661781955,-0.4062718296596691
2021-06-25,133.46,133.89,132.81,133.11,70783746.0,1.0,129.124,124.8133,0.0,0.0,23942.43729639692,3124009.21843387,3124009.21843387,-68.75990781566131,0.0,-0.6344236631787097,-0.0022487069934786774,-1.0014590422102319,-0.4089270113008989
2021-06-28,133.41,135.245,133.35,134.78,62111303.0,1.0,129.13639999999998,124.91975000000001,0.0,0.0,23942.43729639692,3124009.21843387,3124009.21843387,-68.75990781566131,0.0,-0.6298371371288897,0.012546014574412068,-1.0014590184355692,-0.41167958081395706
2021-06-29,134.8,136.49,134.35,136.33,64556081.0,1.0,129.1662,125.04140000000001,0.0,0.0,23942.43729639692,3124009.21843387,3124009.21843387,-68.75990781566131,0.0,-0.6255801818131883,0.011500222584953423,-1.0014589948518746,-0.3962855571348279
2021-06-30,136.17,137.41,135.87,136.96,63261393.0,1.0,129.2432,125.14942500000001,0.0,0.0,23942.43729639692,3124009.21843387,3124009.21843387,-68.75990781566131,0.0,-0.6238499354590645,0.004621139881170633,-1.0014589714568445,-0.3821824481589634
2021-07-01,136.6,137.33,135.76,137.27,52485781.0,1.0,129.3186,125.258075,0.0,0.0,23942.43729639692,3124009.21843387,3124009.21843387,-68.75990781566131,0.0,-0.6229985443959243,0.0022634345794392274,-1.0014589482482261,-0.3765269051336645
2021-07-02,137.9,140.0,137.745,139.96,78945572.0,1.0,129.47899999999998,125.39722499999999,0.0,0.0,23942.43729639692,3124009.21843387,3124009.21843387,-68.75990781566131,0.0,-0.6156106671060944,0.019596415822831004,-1.001458925223805,-0.3737596977333638
2021-07-06,140.07,143.15,140.07,142.02,108181793.0,1.0,129.63299999999998,125.555625,0.0,0.0,23942.43729639692,3124009.21843387,3124009.21843387,-68.75990781566131,0.0,-0.6099530361703881,0.014718490997427836,-1.0014589023814082,-0.34969529691297807
2021-07-07,143.535,144.89,142.66,144.57,104911589.0,1.0,129.83,125.744275,0.0,0.0,23942.43729639692,3124009.21843387,3124009.21843387,-68.75990781566131,0.0,-0.6029496580703634,0.0179552175749893,-1.0014588797188626,-0.3316499399902238
2021-07-08,141.58,144.06,140.665,143.24,105575458.0,1.0,130.007,125.91007499999999,0.0,0.0,23942.43729639692,3124009.21843387,3124009.21843387,-68.75990781566131,0.0,-0.6066024003735135,-0.00919969564916634,-1.001458857234068,-0.30963168225097465
2021-07-09,142.75,145.65,142.6522,145.11,99890800.0,1.0,130.23760000000001,126.07657499999999,0.0,0.0,23942.43729639692,3124009.21843387,3124009.21843387,-68.75990781566131,0.0,-0.6014665897668287,0.013055012566322244,-1.0014588349249438,-0.3208549157009293
2021-07-12,146.21,146.32,144.0,144.5,76299719.0,1.0,130.458,126.263475,0.0,0.0,23942.43729639692,3124009.21843387,3124009.21843387,-68.75990781566131,0.0,-0.603141907665266,-0.004203707532216994,-1.0014588127894228,-0.30486687235232823
2021-07-13,144.03,147.46,143.63,145.64,100827099.0,1.0,130.7416,126.45057499999999,0.0,0.0,23942.43729639692,3124009.21843387,3124009.21843387,-68.75990781566131,0.0,-0.6000109856911373,0.007889273356401327,-1.001458790825509,-0.3100004359617374
2021-07-14,148.1,149.57,147.68,149.15,127050785.0,1.0,131.0738,126.63492500000001,0.0,0.0,23942.43729639692,3124009.21843387,3124009.21843387,-68.75990781566131,0.0,-0.5903710417181621,0.02410052183466105,-1.001458769031185,-0.30035051311384336
2021-07-15,149.24,150.0,147.09,148.48,106820297.0,1.0,131.4864,126.802525,0.0,0.0,23942.43729639692,3124009.21843387,3124009.21843387,-68.75990781566131,0.0,-0.5922111449836588,-0.00449212202480731,-1.0014587474045211,-0.2707953345715757
2021-07-16,148.46,149.76,145.88,146.39,93251426.0,1.0,131.85219999999998,126.964025,0.0,0.0,23942.43729639692,3124009.21843387,3124009.21843387,-68.75990781566131,0.0,-0.5979511686028948,-0.014075969827586188,-1.0014587259435768,-0.27627770004181473
2021-07-19,143.75,144.07,141.67,142.45,121434571.0,1.0,132.1064,127.097225,0.0,0.0,23942.43729639692,3124009.21843387,3124009.21843387,-68.75990781566131,0.0,-0.6087720743731291,-0.02691440672177059,-1.0014587046464642,-0.293422718383273
2021-07-20,143.46,147.0997,142.96,146.15,96350036.0,1.0,132.42520000000002,127.24402500000001,0.0,0.0,23942.43729639692,3124009.21843387,3124009.21843387,-68.75990781566131,0.0,-0.5986103100711323,0.025974025974026205,-1.0014586835113082,-0.32610844572533665
2021-07-21,145.53,146.13,144.63,145.4,74993460.0,1.0,132.7962,127.40592499999998,0.0,0.0,23942.43729639692,3124009.21843387,3124009.21843387,-68.75990781566131,0.0,-0.600670127159375,-0.0051317139924734745,-1.001458662536263,-0.2942670418409214
2021-07-22,145.935,148.195,145.81,146.8,77338156.0,1.0,133.214,127.55742500000001,0.0,0.0,23942.43729639692,3124009.21843387,3124009.21843387,-68.75990781566131,0.0,-0.5968251352613221,0.009628610729023324,-1.0014586417195268,-0.30052171912477355
2021-07-23,147.55,148.7177,146.92,148.56,71447416.0,1.0,133.7298,127.73442499999999,0.0,0.0,23942.43729639692,3124009.21843387,3124009.21843387,-68.75990781566131,0.0,-0.5919914311609129,0.011989100817438647,-1.0014586210593,-0.28876084923528084
2021-07-26,148.27,149.83,147.7,148.99,72434089.0,1.0,134.21020000000001,127.903975,0.0,0.0,23942.43729639692,3124009.21843387,3124009.21843387,-68.75990781566131,0.0,-0.5908104693636538,0.002894453419493903,-1.0014586005538395,-0.27411324799456166
2021-07-27,149.12,149.21,145.55,146.77,104818578.0,1.0,134.59660000000002,128.062975,0.0,0.0,23942.43729639692,3124009.21843387,3124009.21843387,-68.75990781566131,0.0,-0.5969075279448518,-0.014900328881132907,-1.0014585802013982,-0.2705841495509042
2021-07-28,144.81,146.97,142.54,144.98,118931191.0,1.0,134.9708,128.203025,0.0,0.0,23942.43729639692,3124009.21843387,3124009.21843387,-68.75990781566131,0.0,-0.6018236247287908,-0.012195952851400294,-1.0014585600002859,-0.28870627864673143
2021-07-29,144.685,146.55,144.58,145.64,54323047.0,1.0,135.3866,128.309225,0.0,0.0,23942.43729639692,3124009.21843387,3124009.21843387,-68.75990781566131,0.0,-0.6000109856911373,0.004552352048558417,-1.001458539948811,-0.30354354270884687
2021-07-30,144.38,146.33,144.11,145.86,70440626.0,1.0,135.81,128.433025,0.0,0.0,23942.43729639692,3124009.21843387,3124009.21843387,-68.75990781566131,0.0,-0.5994067726785861,0.0015105740181271532,-1.00145852004532,-0.2979911663979465
2021-08-02,146.36,146.95,145.25,145.52,62879961.0,1.0,136.1742,128.554675,0.0,0.0,23942.43729639692,3124009.21843387,3124009.21843387,-68.75990781566131,0.0,-0.6003405564252561,-0.002331002331002363,-1.0014585002881757,-0.29615103955772226
2021-08-03,145.81,148.045,145.18,147.36,64786618.0,1.0,136.6128,128.687925,0.0,0.0,23942.43729639692,3124009.21843387,3124009.21843387,-68.75990781566131,0.0,-0.595287138502101,0.01264431006047273,-1.0014584806757754,-0.2989932528025084
2021-08-04,147.27,147.79,146.28,146.95,56368271.0,1.0,137.00979999999998,128.827575,0.0,0.0,23942.43729639692,3124009.21843387,3124009.21843387,-68.75990781566131,0.0,-0.5964131718436737,-0.0027823018458199567,-1.001458461206535,-0.28354751838019077
2021-08-05,146.98,147.84,146.17,147.06,46397674.0,1.0,137.413,128.982975,0.0,0.0,23942.43729639692,3124009.21843387,3124009.21843387,-68.75990781566131,0.0,-0.596111065337398,0.0007485539299081356,-1.001458441878884,-0.286938838554806
2021-08-06,146.35,147.11,145.63,146.14,54126813.0,1.0,137.7988,129.126125,0.0,0.0,23942.43729639692,3124009.21843387,3124009.21843387,-68.75990781566131,0.0,-0.5986377742989757,-0.00625594995240053,-1.0014584226912855,-0.28602805829951367
2021-08-09,146.2,146.7,145.52,146.09,48908689.0,1.0,138.215,129.272225,0.0,0.0,23942.43729639692,3124009.21843387,3124009.21843387,-68.75990781566131,0.0,-0.5987750954381917,-0.0003421376762008377,-1.0014584036422352,-0.29364650490276434
2021-08-10,146.44,147.71,145.3,145.6,69023081.0,1.0,138.6348,129.421475,0.0,0.0,23942.43729639692,3124009.21843387,3124009.21843387,-68.75990781566131,0.0,-0.6001208426025103,-0.0033540967896502627,-1.0014583847302287,-0.29406523762598286
2021-08-11,146.05,146.72,145.53,145.86,48493463.0,1.0,139.0664,129.575575,0.0,0.0,23942.43729639692,3124009.21843387,3124009.21843387,-68.75990781566131,0.0,-0.5994067726785861,0.0017857142857145014,-1.0014583659537908,-0.29815273057411906
2021-08-12,146.19,149.05,145.84,148.89,73779113.0,1.0,139.543,129.744775,0.0,0.0,23942.43729639692,3124009.21843387,3124009.21843387,-68.75990781566131,0.0,-0.5910851116420862,0.020773344302755792,-1.0014583473114753,-0.29597717662412754
2021-08-13,148.97,149.4444,148.27,149.1,58846293.0,1.0,140.0542,129.907275,0.0,0.0,23942.43729639692,3124009.21843387,3124009.21843387,-68.75990781566131,0.0,-0.5905083628573783,0.0014104372355430161,-1.0014583288018486,-0.2705725778189091
2021-08-16,148.535,151.19,146.47,151.12,103558782.0,1.0,140.5588,130.106875,0.0,0.0,23942.43729639692,3124009.21843387,3124009.21843387,-68.75990781566131,0.0,-0.5849605888330449,0.013547954393024808,-1.00145831042349,-0.2688552753118242
2021-08-17,150.23,151.68,149.09,150.19,92229735.0,1.0,141.0446,130.281225,0.0,0.0,23942.43729639692,3124009.21843387,3124009.21843387,-68.75990781566131,0.0,-0.5875147620224658,-0.0061540497617788015,-1.0014582921750204,-0.2523158529527606
2021-08-18,149.8,150.72,146.15,146.36,86325990.0,1.0,141.43699999999998,130.468725,0.0,0.0,23942.43729639692,3124009.21843387,3124009.21843387,-68.75990781566131,0.0,-0.5980335612864244,-0.025501032026100212,-1.001458274055053,-0.259806860803735
2021-08-19,145.03,148.0,144.5,146.7,86960310.0,1.0,141.8284,130.658375,0.0,0.0,23942.43729639692,3124009.21843387,3124009.21843387,-68.75990781566131,0.0,-0.5970997775397545,0.0023230390817161606,-1.0014582560622483,-0.2907340032194553
2021-08-20,147.44,148.5,146.78,148.19,60549630.0,1.0,142.27,130.847125,0.0,0.0,23942.43729639692,3124009.21843387,3124009.21843387,-68.75990781566131,0.0,-0.5930076075911126,0.010156782549420651,-1.0014582381952786,-0.28790569879862
2021-08-23,148.31,150.19,147.89,149.71,60131810.0,1.0,142.71720000000002,131.020925,0.0,0.0,23942.43729639692,3124009.21843387,3124009.21843387,-68.75990781566131,0.0,-0.588833044958941,0.010257102368580906,-1.0014582204528053,-0.27551847813808567
2021-08-24,149.45,150.86,149.15,149.62,48606428.0,1.0,143.1,131.173875,0.0,0.0,23942.43729639692,3124009.21843387,3124009.21843387,-68.75990781566131,0.0,-0.5890802230095301,-0.0006011622470109002,-1.0014582028335477,-0.2630109410994995
2021-08-25,149.81,150.32,147.8,148.36,58991297.0,1.0,143.47439999999997,131.322225,0.0,0.0,23942.43729639692,3124009.21843387,3124009.21843387,-68.75990781566131,0.0,-0.5925407157177776,-0.00842133404625045,-1.0014581853362328,-0.2637442132530602
2021-08-26,148.35,149.12,147.51,147.54,48597195.0,1.0,143.82219999999998,131.478325,0.0,0.0,23942.43729639692,3124009.21843387,3124009.21843387,-68.75990781566131,0.0,-0.5947927824009228,-0.005527096252359254,-1.0014581679595813,-0.27398387760831105
2021-08-27,147.48,148.75,146.83,148.6,55802388.0,1.0,144.1584,131.64147499999999,0.0,0.0,23942.43729639692,3124009.21843387,3124009.21843387,-68.75990781566131,0.0,-0.59188157424954,0.00718449234106,-1.0014581507023486,-0.2807078629165071
2021-08-30,149.0,153.49,148.61,153.12,90956723.0,1.0,144.6116,131.80962499999998,0.0,0.0,23942.43729639692,3124009.21843387,3124009.21843387,-68.75990781566131,0.0,-0.5794677432643981,0.03041722745625841,-1.0014581335633357,-0.271952502537668
2021-08-31,152.66,152.8,151.29,151.83,86453117.0,1.0,145.0022,131.972725,0.0,0.0,23942.43729639692,3124009.21843387,3124009.21843387,-68.75990781566131,0.0,-0.5830106286561754,-0.0084247648902821,-1.001458116541302,-0.2347660375889201
2021-09-01,152.83,154.98,152.34,152.51,80313711.0,1.0,145.3728,132.138975,0.0,0.0,23942.43729639692,3124009.21843387,3124009.21843387,-68.75990781566131,0.0,-0.5811430611628354,0.004478693275373535,-1.0014580996350673,-0.24500244953115086
2021-09-02,153.87,154.72,152.4,153.65,71171317.0,1.0,145.7718,132.305725,0.0,0.0,23942.43729639692,3124009.21843387,3124009.21843387,-68.75990781566131,0.0,-0.5780121391887068,0.007474919677398217,-1.0014580828434485,-0.2395524752064487
2021-09-03,153.76,154.63,153.09,154.3,57866066.0,1.0,146.18959999999998,132.480275,0.0,0.0,23942.43729639692,3124009.21843387,3124009.21843387,-68.75990781566131,0.0,-0.5762269643788964,0.004230393752033823,-1.001458066165298,-0.23045222119001413
2021-09-07,154.97,157.26,154.39,156.69,82278261.0,1.0,146.6612,132.673575,0.0,0.0,23942.43729639692,3124009.21843387,3124009.21843387,-68.75990781566131,0.0,-0.5696630139243636,0.01548930654569003,-1.001458049599449,-0.22530517532053937
2021-09-08,156.98,157.04,153.975,155.11,74420207.0,1.0,147.0678,132.85592499999998,0.0,0.0,23942.43729639692,3124009.21843387,3124009.21843387,-68.75990781566131,0.0,-0.5740023619235946,-0.010083604569532056,-1.0014580331447884,-0.2064311605268923
2021-09-09,155.49,156.11,153.95,154.07,57305730.0,1.0,147.4226,133.03957499999999,0.0,0.0,23942.43729639692,3124009.21843387,3124009.21843387,-68.75990781566131,0.0,-0.5768586416192909,-0.006704919089678407,-1.0014580168001925,-0.21867749734375494
2021-09-10,155.0,155.48,148.7,148.97,140893235.0,1.0,147.6628,133.215175,0.0,0.0,23942.43729639692,3124009.21843387,3124009.21843387,-68.75990781566131,0.0,-0.5908653978193403,-0.033101836827416076,-1.0014580005645526,-0.22682391776450894
2021-09-13,150.63,151.42,148.75,149.55,102404329.0,1.0,147.9084,133.387075,0.0,0.0,23942.43729639692,3124009.21843387,3124009.21843387,-68.75990781566131,0.0,-0.5892724726044327,0.0038934013559777103,-1.0014579844367981,-0.2668596011049809
2021-09-14,150.35,151.07,146.91,148.12,109296295.0,1.0,148.0716,133.54752499999998,0.0,0.0,23942.43729639692,3124009.21843387,3124009.21843387,-68.75990781566131,0.0,-0.5931998571860152,-0.009562019391507914,-1.0014579684158555,-0.2621273262570626
2021-09-15,148.56,149.44,146.37,149.03,83281315.0,1.0,148.2118,133.709725,0.0,0.0,23942.43729639692,3124009.21843387,3124009.21843387,-68.75990781566131,0.0,-0.5907006124522809,0.0061436672967862815,-1.001457952500649,-0.2737285228397249
2021-09-16,148.44,148.97,147.221,148.79,68034149.0,1.0,148.2962,133.858425,0.0,0.0,23942.43729639692,3124009.21843387,3124009.21843387,-68.75990781566131,0.0,-0.5913597539205185,-0.0016104140106019127,-1.0014579366901633,-0.2662579844655792
2021-09-17,148.82,148.82,145.76,146.06,129868824.0,1.0,148.3526,133.975125,0.0,0.0,23942.43729639692,3124009.21843387,3124009.21843387,-68.75990781566131,0.0,-0.5988574881217215,-0.018348007258552235,-1.001457920983344,-0.26821536909096894
2021-09-20,143.8,144.84,141.27,142.94,123478863.0,1.0,148.3092,134.07442500000002,0.0,0.0,23942.43729639692,3124009.21843387,3124009.21843387,-68.75990781566131,0.0,-0.6074263272088105,-0.02136108448582774,-1.0014579053791968,-0.29043699849648263
2021-09-21,143.93,144.6,142.78,143.43,75833962.0,1.0,148.2878,134.176875,0.0,0.0,23942.43729639692,3124009.21843387,3124009.21843387,-68.75990781566131,0.0,-0.6060805800444921,0.003428011753183302,-1.0014578898766857,-0.31628060018009596
2021-09-22,144.45,146.43,143.7001,145.85,76404341.0,1.0,148.292,134.29487500000002,0.0,0.0,23942.43729639692,3124009.21843387,3124009.21843387,-68.75990781566131,0.0,-0.5994342369064294,0.016872341908944932,-1.0014578744748506,-0.3121163757900696
2021-09-23,146.65,147.08,145.64,146.83,64838170.0,1.0,148.24560000000002,134.410275,0.0,0.0,23942.43729639692,3124009.21843387,3124009.21843387,-68.75990781566131,0.0,-0.5967427425777924,0.006719232087761595,-1.001457859172708,-0.2915674036385252
2021-09-24,145.66,147.4701,145.56,146.92,53477869.0,1.0,148.2144,134.522975,0.0,0.0,23942.43729639692,3124009.21843387,3124009.21843387,-68.75990781566131,0.0,-0.5964955645272033,0.0006129537560441989,-1.0014578439692954,-0.28340179308928304
2021-09-27,145.47,145.96,143.82,145.37,74150729.0,1.0,148.19400000000002,134.64092499999998,0.0,0.0,23942.43729639692,3124009.21843387,3124009.21843387,-68.75990781566131,0.0,-0.6007525198429046,-0.010549959161448297,-1.0014578288636469,-0.28265893108931567
2021-09-28,143.25,144.75,141.69,141.91,108972340.0,1.0,148.1832,134.734275,0.0,0.0,23942.43729639692,3124009.21843387,3124009.21843387,-68.75990781566131,0.0,-0.6102551426766637,-0.023801334525693107,-1.0014578138548207,-0.29544396720336885
2021-09-29,142.47,144.45,142.03,142.83,74602044.0,1.0,148.1168,134.836375,0.0,0.0,23942.43729639692,3124009.21843387,3124009.21843387,-68.75990781566131,0.0,-0.6077284337150861,0.006482982171799101,-1.0014577989419073,-0.3242047475705237
2021-09-30,143.66,144.378,141.28,141.5,89056664.0,1.0,148.0388,134.934975,0.0,0.0,23942.43729639692,3124009.21843387,3124009.21843387,-68.75990781566131,0.0,-0.6113811760182363,-0.009311769236154954,-1.001457784123982,-0.31632901493778925
2021-10-01,141.9,142.92,139.1101,142.65,94639581.0,1.0,147.9558,135.008825,0.0,0.0,23942.43729639692,3124009.21843387,3124009.21843387,-68.75990781566131,0.0,-0.6082227898162643,0.008127208480565473,-1.0014577694001396,-0.32760947893585374
2021-10-04,141.76,142.21,138.27,139.14,98322008.0,1.0,147.7674,135.065475,0.0,0.0,23942.43729639692,3124009.21843387,3124009.21843387,-68.75990781566131,0.0,-0.6178627337892396,-0.02460567823343862,-1.0014577547694932,-0.31773351783980874
2021-10-05,139.49,142.24,139.36,141.11,80861062.0,1.0,147.6098,135.127525,0.0,0.0,23942.43729639692,3124009.21843387,3124009.21843387,-68.75990781566131,0.0,-0.6124522809041224,0.01415840160988946,-1.0014577402311464,-0.3474369917950555
2021-10-06,139.47,142.15,138.37,142.0,83221119.0,1.0,147.5144,135.20425,0.0,0.0,23942.43729639692,3124009.21843387,3124009.21843387,-68.75990781566131,0.0,-0.6100079646260745,0.006307136276663572,-1.001457725784235,-0.33021674871908274
2021-10-07,143.06,144.215,142.72,143.29,61732656.0,1.0,147.48059999999998,135.27955,0.0,0.0,23942.43729639692,3124009.21843387,3124009.21843387,-68.75990781566131,0.0,-0.6064650792342974,0.009084507042253387,-1.0014577114278977,-0.32256011551865615
2021-10-08,144.03,144.1781,142.56,142.9,58773155.0,1.0,147.4258,135.33465,0.0,0.0,23942.43729639692,3124009.21843387,3124009.21843387,-68.75990781566131,0.0,-0.6075361841201835,-0.00272175308814282,-1.0014576971612998,-0.31152645498176496
2021-10-11,142.27,144.81,141.81,142.81,64452219.0,1.0,147.3648,135.3939,0.0,0.0,23942.43729639692,3124009.21843387,3124009.21843387,-68.75990781566131,0.0,-0.6077833621707726,-0.0006298110566830273,-1.001457682983586,-0.3148263463843568
2021-10-12,143.23,143.25,141.0401,141.51,73035859.0,1.0,147.28459999999998,135.4416,0.0,0.0,23942.43729639692,3124009.21843387,3124009.21843387,-68.75990781566131,0.0,-0.6113537117903931,-0.009103003991317249,-1.00145766889393,-0.315591298406441
2021-10-13,141.235,141.4,139.2,140.91,78762721.0,1.0,147.1556,135.4627,0.0,0.0,23942.43729639692,3124009.21843387,3124009.21843387,-68.75990781566131,0.0,-0.613001565460987,-0.004239983040067785,-1.0014576548915173,-0.32661077686103407
2021-10-14,142.11,143.88,141.51,143.76,69907100.0,1.0,147.0918,135.50715,0.0,0.0,23942.43729639692,3124009.21843387,3124009.21843387,-68.75990781566131,0.0,-0.6051742605256654,0.020225675963380763,-1.0014576409755431,-0.3317488908298876
2021-10-15,143.77,144.895,143.51,144.84,67940334.0,1.0,147.0474,135.56275,0.0,0.0,23942.43729639692,3124009.21843387,3124009.21843387,-68.75990781566131,0.0,-0.602208123918596,0.0075125208681137146,-1.0014576271452065,-0.30713437845451125
2021-10-18,143.445,146.84,143.16,146.55,85589175.0,1.0,147.05560000000003,135.63205,0.0,0.0,23942.43729639692,3124009.21843387,3124009.21843387,-68.75990781566131,0.0,-0.597511740957403,0.011806130903065482,-1.0014576133997037,-0.2980176328222026
2021-10-19,147.01,149.17,146.55,148.76,76378894.0,1.0,147.109,135.7288,0.0,0.0,23942.43729639692,3124009.21843387,3124009.21843387,-68.75990781566131,0.0,-0.5914421466040483,0.015080177413851814,-1.001457599738296,-0.28368098529869423
2021-10-20,148.7,149.7539,148.12,149.26,58418788.0,1.0,147.1822,135.82004999999998,0.0,0.0,23942.43729639692,3124009.21843387,3124009.21843387,-68.75990781566131,0.0,-0.5900689352118865,0.0033611185802635557,-1.0014575861601733,-0.2653634735571304
2021-10-21,148.81,149.64,147.87,149.48,61420990.0,1.0,147.2546,135.93445,0.0,0.0,23942.43729639692,3124009.21843387,3124009.21843387,-68.75990781566131,0.0,-0.5894647221993354,0.001473938094600058,-1.0014575726645945,-0.2612901843614465
2021-10-22,149.69,150.18,148.64,148.69,58883443.0,1.0,147.2506,136.0233,0.0,0.0,23942.43729639692,3124009.21843387,3124009.21843387,-68.75990781566131,0.0,-0.5916343961989509,-0.005284987958255272,-1.0014575592508097,-0.2595051174901043
2021-10-25,148.68,149.37,147.6211,148.64,50720556.0,1.0,147.2414,136.10625,0.0,0.0,23942.43729639692,3124009.21843387,3124009.21843387,-68.75990781566131,0.0,-0.5917717173381671,-0.00033627009213810233,-1.0014575459180814,-0.2659039041843472
2021-10-26,149.33,150.84,149.0101,149.32,60893395.0,1.0,147.2054,136.20795,0.0,0.0,23942.43729639692,3124009.21843387,3124009.21843387,-68.75990781566131,0.0,-0.5899041498448272,0.00457481162540363,-1.0014575326656678,-0.2663124150213768
2021-10-27,149.36,149.73,148.49,148.85,56094929.0,1.0,147.17860000000002,136.3082,0.0,0.0,23942.43729639692,3124009.21843387,3124009.21843387,-68.75990781566131,0.0,-0.5911949685534591,-0.0031476024645057388,-1.0014575194928517,-0.2607668614616742
2021-10-28,149.82,153.165,149.72,152.57,100077888.0,1.0,147.30280000000002,136.4166,0.0,0.0,23942.43729639692,3124009.21843387,3124009.21843387,-68.75990781566131,0.0,-0.580978275795776,0.024991602284178738,-1.0014575063989162,-0.264579474496331
2021-10-29,147.215,149.94,146.4128,149.8,124953168.0,1.0,147.3648,136.52105,0.0,0.0,23942.43729639692,3124009.21843387,3124009.21843387,-68.75990781566131,0.0,-0.5885858669083519,-0.0181556007078717,-1.0014574933831368,-0.23419561874772957
2021-11-01,148.985,149.7,147.8,148.96,73396551.0,1.0,147.3802,136.63015,0.0,0.0,23942.43729639692,3124009.21843387,3124009.21843387,-68.75990781566131,0.0,-0.5908928620471835,-0.005607476635514086,-1.0014574804448455,-0.25611984499107104
2021-11-02,148.66,151.57,148.65,150.02,68922374.0,1.0,147.38639999999998,136.74110000000002,0.0,0.0,23942.43729639692,3124009.21843387,3124009.21843387,-68.75990781566131,0.0,-0.5879816538958007,0.007116004296455536,-1.0014574675833516,-0.2629037262795167
2021-11-03,150.39,151.97,149.82,151.49,54511534.0,1.0,147.4238,136.8384,0.0,0.0,23942.43729639692,3124009.21843387,3124009.21843387,-68.75990781566131,0.0,-0.5839444124028453,0.009798693507532263,-1.001457454797949,-0.2542802669974611
2021-11-04,151.58,152.43,150.64,150.96,60394616.0,1.0,147.4758,136.90885,0.0,0.0,23942.43729639692,3124009.21843387,3124009.21843387,-68.75990781566131,0.0,-0.5854000164785367,-0.0034985807644069,-1.0014574420879754,-0.2424019784461126
2021-11-05,151.89,152.2,150.06,151.28,65463883.0,1.0,147.5506,136.9699,0.0,0.0,23942.43729639692,3124009.21843387,3124009.21843387,-68.75990781566131,0.0,-0.5845211611875533,0.002119766825649183,-1.0014574294527638,-0.24663578447375706
2021-11-08,151.41,151.57,150.16,150.44,55020868.0,1.0,147.5874,137.0075,0.0,0.0,23942.43729639692,3124009.21843387,3124009.21843387,-68.75990781566131,0.0,-0.5868281563263849,-0.005552617662612391,-1.0014574168916608,-0.24407000377119048
2021-11-09,150.2,151.428,150.0601,150.81,56573449.0,1.0,147.5412,137.04575,0.0,0.0,23942.43729639692,3124009.21843387,3124009.21843387,-68.75990781566131,0.0,-0.5858119798961853,0.0024594522733316637,-1.0014574044040334,-0.2507867634784595
2021-11-10,150.02,150.13,147.85,147.92,65187092.0,1.0,147.46300000000002,137.07505,0.0,0.0,23942.43729639692,3124009.21843387,3124009.21843387,-68.75990781566131,0.0,-0.59374914174288,-0.01916318546515494,-1.0014573919891976,-0.24780953299979935
2021-11-11,148.96,149.43,147.681,147.87,40999950.0,1.0,147.3702,137.12895,0.0,0.0,23942.43729639692,3124009.21843387,3124009.21843387,-68.75990781566131,0.0,-0.5938864628820961,-0.0003380205516494428,-1.0014573796465491,-0.27093468012747707
2021-11-12,148.43,150.4,147.48,149.99,63245197.0,1.0,147.297,137.2191,0.0,0.0,23942.43729639692,3124009.21843387,3124009.21843387,-68.75990781566131,0.0,-0.5880640465793304,0.01433691756272415,-1.0014573673754503,-0.2713447914248795
2021-11-15,150.37,151.88,149.43,150.0,59222803.0,1.0,147.211,137.29840000000002,0.0,0.0,23942.43729639692,3124009.21843387,3124009.21843387,-68.75990781566131,0.0,-0.5880365823514873,6.667111140745696e-05,-1.0014573551752985,-0.2539569729540804
2021-11-16,149.94,151.488,149.34,151.0,59256210.0,1.0,147.0972,137.37845,0.0,0.0,23942.43729639692,3124009.21843387,3124009.21843387,-68.75990781566131,0.0,-0.5852901595671638,0.006666666666666599,-1.0014573430454567,-0.2538772867283542
2021-11-17,150.995,155.0,150.99,153.49,88807000.0,1.0,147.0648,137.4762,0.0,0.0,23942.43729639692,3124009.21843387,3124009.21843387,-68.75990781566131,0.0,-0.5784515668341984,0.01649006622516569,-1.0014573309853123,-0.2458036372917808
2021-11-18,153.71,158.67,153.05,157.87,137827673.0,1.0,147.1408,137.5786,0.0,0.0,23942.43729639692,3124009.21843387,3124009.21843387,-68.75990781566131,0.0,-0.5664222350388619,0.02853606098117134,-1.0014573189942952,-0.22580785073517773
2021-11-19,157.65,161.02,156.5328,160.55,117305597.0,1.0,147.3724,137.69754999999998,0.0,0.0,23942.43729639692,3124009.21843387,3124009.21843387,-68.75990781566131,0.0,-0.5590618219768752,0.016975992905555293,-1.0014573070717958,-0.19117673851996003
2021-11-22,161.68,165.7,161.0,161.02,117467889.0,1.0,147.6018,137.8181,0.0,0.0,23942.43729639692,3124009.21843387,3124009.21843387,-68.75990781566131,0.0,-0.5577710032682431,0.0029274369355341,-1.0014572952172396,-0.17062007079783245
2021-11-23,161.12,161.8,159.0601,161.41,96041899.0,1.0,147.8676,137.9451,0.0,0.0,23942.43729639692,3124009.21843387,3124009.21843387,-68.75990781566131,0.0,-0.556699898382357,0.002422059371506524,-1.001457283430026,-0.16708166215266054
2021-11-24,160.75,162.14,159.64,161.94,69463623.0,1.0,148.1258,138.07785,0.0,0.0,23942.43729639692,3124009.21843387,3124009.21843387,-68.75990781566131,0.0,-0.5552442943066656,0.0032835635958119447,-1.0014572717095955,-0.16415438813550073
2021-11-26,159.565,160.45,156.36,156.81,76959752.0,1.0,148.2862,138.18625,0.0,0.0,23942.43729639692,3124009.21843387,3124009.21843387,-68.75990781566131,0.0,-0.5693334431902447,-0.03167839940718786,-1.0014572600553913,-0.16018537632025268
2021-11-29,159.37,161.19,158.7901,160.24,88748217.0,1.0,148.5698,138.31060000000002,0.0,0.0,23942.43729639692,3124009.21843387,3124009.21843387,-68.75990781566131,0.0,-0.5599132130400154,0.021873604999681273,-1.0014572484668443,-0.19832636705352022
2021-11-30,159.985,165.52,159.92,165.3,174048056.0,1.0,149.017,138.47115,0.0,0.0,23942.43729639692,3124009.21843387,3124009.21843387,-68.75990781566131,0.0,-0.5460163137513389,0.03157763354967558,-1.0014572369433958,-0.1718499654965315
2021-12-01,167.48,170.3,164.53,164.77,152423003.0,1.0,149.44379999999998,138.6408,0.0,0.0,23942.43729639692,3124009.21843387,3124009.21843387,-68.75990781566131,0.0,-0.5474719178270303,-0.003206291591046573,-1.001457225484505,-0.13363150663583975
2021-12-02,158.735,164.2,157.8,163.76,136739174.0,1.0,149.802,138.81105,0.0,0.0,23942.43729639692,3124009.21843387,3124009.21843387,-68.75990781566131,0.0,-0.5502458048391969,-0.006129756630454675,-1.0014572140896407,-0.13749886627995805
2021-12-03,164.02,164.96,159.72,161.84,118023116.0,1.0,150.10219999999998,138.9709,0.0,0.0,23942.43729639692,3124009.21843387,3124009.21843387,-68.75990781566131,0.0,-0.5555189365850979,-0.011724474841230959,-1.001457202758245,-0.1448900104195095
2021-12-06,164.29,167.8799,164.28,165.32,107496982.0,1.0,150.47019999999998,139.1675,0.0,0.0,23942.43729639692,3124009.21843387,3124009.21843387,-68.75990781566131,0.0,-0.5459613852956524,0.021502718734552673,-1.0014571914898156,-0.15901820653496082
2021-12-07,169.08,171.58,168.34,171.18,120405352.0,1.0,150.9864,139.3941,0.0,0.0,23942.43729639692,3124009.21843387,3124009.21843387,-68.75990781566131,0.0,-0.5298673477795172,0.035446406968304034,-1.001457180283807,-0.13303724410673567
2021-12-08,172.125,175.96,170.7,175.08,116998901.0,1.0,151.6498,139.64275,0.0,0.0,23942.43729639692,3124009.21843387,3124009.21843387,-68.75990781566131,0.0,-0.5191562989206558,0.022783035401331864,-1.001457169139701,-0.09021531985501285
2021-12-09,174.91,176.75,173.92,174.56,108923739.0,1.0,152.2844,139.9106,0.0,0.0,23942.43729639692,3124009.21843387,3124009.21843387,-68.75990781566131,0.0,-0.520584438768504,-0.002970070824765858,-1.0014571580570146,-0.06274688995248832
2021-12-10,175.205,179.63,174.69,179.45,115402731.0,1.0,153.0434,140.20155,0.0,0.0,23942.43729639692,3124009.21843387,3124009.21843387,-68.75990781566131,0.0,-0.5071544313531625,0.02801329055911994,-1.001457147035205,-0.0663231675616002
2021-12-13,181.115,182.13,175.53,175.74,153237019.0,1.0,153.7052,140.4413,0.0,0.0,23942.43729639692,3124009.21843387,3124009.21843387,-68.75990781566131,0.0,-0.5173436598830023,-0.020674282529952515,-1.0014571360738025,-0.03257242032538928
2021-12-14,175.25,177.74,172.21,174.33,139380382.0,1.0,154.409,140.68734999999998,0.0,0.0,23942.43729639692,3124009.21843387,3124009.21843387,-68.75990781566131,0.0,-0.5212161160088984,-0.008023216114714904,-1.0014571251722857,-0.057435668346893703
2021-12-15,175.11,179.5,172.3108,179.3,131063257.0,1.0,155.1728,140.97355000000002,0.0,0.0,23942.43729639692,3124009.21843387,3124009.21843387,-68.75990781566131,0.0,-0.507566394770811,0.028509149314518423,-1.0014571143301867,-0.06708558613536307
2021-12-16,179.28,181.14,170.75,172.26,150185843.0,1.0,155.77800000000002,141.2342,0.0,0.0,23942.43729639692,3124009.21843387,3124009.21843387,-68.75990781566131,0.0,-0.5269012111724479,-0.0392638036809817,-1.0014571035470197,-0.032768429897830305
2021-12-17,169.93,173.47,169.69,171.14,195923441.0,1.0,156.335,141.4828,0.0,0.0,23942.43729639692,3124009.21843387,3124009.21843387,-68.75990781566131,0.0,-0.5299772046908902,-0.006501799605247882,-1.0014570928222868,-0.0798883491974175
2021-12-20,168.28,170.58,167.46,169.75,107499114.0,1.0,156.87199999999999,141.74975,0.0,0.0,23942.43729639692,3124009.21843387,3124009.21843387,-68.75990781566131,0.0,-0.5337947323610996,-0.008122005375715724,-1.0014570821555364,-0.08769485064158726
2021-12-21,171.555,173.2,169.12,172.99,91185905.0,1.0,157.47560000000001,142.009275,0.0,0.0,23942.43729639692,3124009.21843387,3124009.21843387,-68.75990781566131,0.0,-0.5248963225398918,0.019086892488954454,-1.0014570715462832,-0.09744513326046834
2021-12-22,173.04,175.86,172.15,175.64,92135303.0,1.0,158.1582,142.287575,0.0,0.0,23942.43729639692,3124009.21843387,3124009.21843387,-68.75990781566131,0.0,-0.5176183021614348,0.015318804555176424,-1.0014570609940712,-0.07450341681373153
2021-12-23,175.85,176.8499,175.27,176.28,68356567.0,1.0,158.8656,142.55917499999998,0.0,0.0,23942.43729639692,3124009.21843387,3124009.21843387,-68.75990781566131,0.0,-0.5158605915794677,0.0036438168982009245,-1.0014570504984341,-0.05610203217867252
2021-12-27,177.085,180.42,177.07,180.33,74919582.0,1.0,159.597,142.85567500000002,0.0,0.0,23942.43729639692,3124009.21843387,3124009.21843387,-68.75990781566131,0.0,-0.5047375793029579,0.022974812797821764,-1.0014570400589267,-0.05172762932553425
2021-12-28,180.16,181.33,178.53,179.29,79144339.0,1.0,160.286,143.132175,0.0,0.0,23942.43729639692,3124009.21843387,3124009.21843387,-68.75990781566131,0.0,-0.5075938589986543,-0.005767204569400608,-1.001457029675089,-0.024139533120895215
2021-12-29,179.33,180.63,178.14,179.38,62348931.0,1.0,160.9426,143.40122499999998,0.0,0.0,23942.43729639692,3124009.21843387,3124009.21843387,-68.75990781566131,0.0,-0.5073466809480651,0.0005019800323498025,-1.0014570193465016,-0.031059218784190414
2021-12-30,179.47,180.57,178.09,178.2,59773014.0,1.0,161.53140000000002,143.668425,0.0,0.0,23942.43729639692,3124009.21843387,3124009.21843387,-68.75990781566131,0.0,-0.5105874598335668,-0.006578213847697634,-1.0014570090726953,-0.030456984344016395
2021-12-31,178.085,179.23,177.26,177.57,61661433.0,1.0,162.0976,143.953625,0.0,0.0,23942.43729639692,3124009.21843387,3124009.21843387,-68.75990781566131,0.0,-0.5123177061876906,-0.0035353535353535026,-1.00145699885325,-0.03834928563183162
2022-01-03,177.83,182.88,177.71,182.01,104701220.0,1.0,162.7482,144.263725,0.0,0.0,23942.43729639692,3124009.21843387,3124009.21843387,-68.75990781566131,0.0,-0.5001235890252946,0.025004223686433402,-1.0014569886877471,-0.04259109936424519
2022-01-04,182.63,182.94,179.12,179.7,99310438.0,1.0,163.3684,144.545275,0.0,0.0,23942.43729639692,3124009.21843387,3124009.21843387,-68.75990781566131,0.0,-0.5064678256570817,-0.012691610351079574,-1.0014569785757201,-0.012583306805392736
2022-01-05,179.61,180.17,174.64,174.92,94537602.0,1.0,163.89399999999998,144.807175,0.0,0.0,23942.43729639692,3124009.21843387,3124009.21843387,-68.75990781566131,0.0,-0.5195957265661476,-0.02659988870339458,-1.0014569685167962,-0.02780178999472511
2022-01-06,172.7,175.3,171.64,172.0,96903955.0,1.0,164.34759999999997,145.06672500000002,0.0,0.0,23942.43729639692,3124009.21843387,3124009.21843387,-68.75990781566131,0.0,-0.527615281096372,-0.01669334552938484,-1.0014569585105257,-0.05967060300495059
2022-01-07,172.89,174.14,171.03,172.17,86709147.0,1.0,164.81399999999996,145.324625,0.0,0.0,23942.43729639692,3124009.21843387,3124009.21843387,-68.75990781566131,0.0,-0.5271483892230371,0.000988372093023271,-1.0014569485565232,-0.07966392154188194
2022-01-10,169.08,172.5,168.17,172.19,106765552.0,1.0,165.2064,145.57952500000002,0.0,0.0,23942.43729639692,3124009.21843387,3124009.21843387,-68.75990781566131,0.0,-0.5270934607673505,0.00011616425625837756,-1.0014569386543546,-0.0784796722247963
2022-01-11,172.32,175.18,170.82,175.08,75937685.0,1.0,165.71200000000002,145.84797500000002,0.0,0.0,23942.43729639692,3124009.21843387,3124009.21843387,-68.75990781566131,0.0,-0.5191562989206558,0.016783785353388758,-1.0014569288036304,-0.07834072331807629
2022-01-12,176.12,177.18,174.82,175.53,74805173.0,1.0,166.2434,146.126125,0.0,0.0,23942.43729639692,3124009.21843387,3124009.21843387,-68.75990781566131,0.0,-0.5179204086677103,0.0025702535983549435,-1.001456919003931,-0.05821553838457629
2022-01-13,175.78,176.62,171.79,172.19,84505760.0,1.0,166.6868,146.376325,0.0,0.0,23942.43729639692,3124009.21843387,3124009.21843387,-68.75990781566131,0.0,-0.5270934607673505,-0.019028086367002817,-1.0014569092548864,-0.05513591726774273
2022-01-14,171.34,173.78,171.09,173.07,80440780.0,1.0,167.1184,146.626675,0.0,0.0,23942.43729639692,3124009.21843387,3124009.21843387,-68.75990781566131,0.0,-0.5246766087171459,0.005110633602415815,-1.0014568995561026,-0.07791440551818092
2022-01-18,171.51,172.54,169.405,169.8,90500236.0,1.0,167.4952,146.84617500000002,0.0,0.0,23942.43729639692,3124009.21843387,3124009.21843387,-68.75990781566131,0.0,-0.5336574112218835,-0.01889408909689716,-1.0014568899071876,-0.07179152769609329
2022-01-19,170.0,171.08,165.94,166.23,92914792.0,1.0,167.79420000000002,147.046275,0.0,0.0,23942.43729639692,3124009.21843387,3124009.21843387,-68.75990781566131,0.0,-0.5434621405619181,-0.02102473498233226,-1.0014568803077406,-0.0943996241951075
2022-01-20,166.98,169.68,164.18,164.51,91420515.0,1.0,168.0756,147.22932500000002,0.0,0.0,23942.43729639692,3124009.21843387,3124009.21843387,-68.75990781566131,0.0,-0.5481859877509544,-0.01034710942669792,-1.0014568707573983,-0.11954027572597725
2022-01-21,164.415,166.33,162.3,162.41,122848858.0,1.0,168.3076,147.389575,0.0,0.0,23942.43729639692,3124009.21843387,3124009.21843387,-68.75990781566131,0.0,-0.5539534755980335,-0.012765181447936258,-1.00145686125579,-0.13191807802119662
2022-01-24,160.02,162.3,154.7,161.62,162706686.0,1.0,168.5816,147.5327,0.0,0.0,23942.43729639692,3124009.21843387,3124009.21843387,-68.75990781566131,0.0,-0.5561231495976491,-0.004864232497998833,-1.0014568518025282,-0.1471828393664619
2022-01-25,158.98,162.76,157.02,159.78,115798367.0,1.0,168.8198,147.6754,0.0,0.0,23942.43729639692,3124009.21843387,3124009.21843387,-68.75990781566131,0.0,-0.5611765675208041,-0.011384729612671673,-1.001456842397244,-0.1530032204263471
2022-01-26,163.5,164.3894,157.82,159.69,108275308.0,1.0,169.0138,147.8017,0.0,0.0,23942.43729639692,3124009.21843387,3124009.21843387,-68.75990781566131,0.0,-0.5614237455713933,-0.0005632745024408692,-1.0014568330396016,-0.16661575071908202
2022-01-27,162.45,163.84,158.28,159.22,121954638.0,1.0,169.19819999999999,147.93765,0.0,0.0,23942.43729639692,3124009.21843387,3124009.21843387,-68.75990781566131,0.0,-0.5627145642800253,-0.0029432024547560998,-1.0014568237292176,-0.1672904157129799
2022-01-28,165.71,170.35,162.8,170.33,179935660.0,1.0,169.5848,148.1168,0.0,0.0,23942.43729639692,3124009.21843387,3124009.21843387,-68.75990781566131,0.0,-0.532201807146192,0.0697776661223466,-1.0014568144657197,-0.1708126245492475
2022-01-31,170.16,175.0,169.51,174.78,115541590.0,1.0,170.0106,148.3199,0.0,0.0,23942.43729639692,3124009.21843387,3124009.21843387,-68.75990781566131,0.0,-0.5199802257559529,0.026125755885633595,-1.0014568052487833,-0.08699566863243298
2022-02-01,174.01,174.84,172.31,174.61,86213911.0,1.0,170.34539999999998,148.51875,0.0,0.0,23942.43729639692,3124009.21843387,3124009.21843387,-68.75990781566131,0.0,-0.5204471176292879,-0.000972651333104424,-1.001456796078059,-0.05581004094104832
2022-02-02,174.745,175.88,173.33,175.84,84914256.0,1.0,170.6512,148.73239999999998,0.0,0.0,23942.43729639692,3124009.21843387,3124009.21843387,-68.75990781566131,0.0,-0.51706901760457,0.007044270087623872,-1.0014567869531712,-0.05696963472092026
2022-02-03,174.48,176.2399,172.12,172.9,89418074.0,1.0,170.8888,148.92940000000002,0.0,0.0,23942.43729639692,3124009.21843387,3124009.21843387,-68.75990781566131,0.0,-0.5251435005904809,-0.01671974522292996,-1.001456777873804,-0.048570897275159154
2022-02-04,171.68,174.1,170.68,172.39,82465400.0,1.0,171.1084,149.13165,0.0,0.0,23942.43729639692,3124009.21843387,3124009.21843387,-68.75990781566131,0.0,-0.5265441762104859,-0.0029496818970504712,-1.0014567688396072,-0.0684877698748931
