date,close,signal,short_ma,long_ma,positions,cash,stock,holding,total,roi_gross,roi_daily,roi_buy&hold,roi_daily_buy&hold,sharpe,sharpe_buy&hold
2020-11-02,14.512466,0.0,0.0,0.0,0.0,10000.0,0.0,0.0,10000.0,0.0,0.0,0.0,0.0,0.0,0.0
2020-11-01,14.366028,0.0,0.0,0.0,0.0,10000.0,0.0,0.0,10000.0,0.0,0.0,-0.010090538,-0.01009053,0.0,0.0
2020-10-31,14.337706,0.0,0.0,0.0,0.0,10000.0,0.0,0.0,10000.0,0.0,0.0,-0.012042117,-0.0019714832,0.0,-1.0000000133146292
2020-10-30,14.611821,0.0,0.0,0.0,0.0,10000.0,0.0,0.0,10000.0,0.0,0.0,0.0068461653,0.019118547,0.0,-1.3021025839169522
2020-10-29,15.453654,0.0,0.0,0.0,0.0,10000.0,0.0,0.0,10000.0,0.0,0.0,0.06485375,0.057613134,0.0,0.2853131988894887
2020-10-28,17.02314,0.0,0.0,0.0,0.0,10000.0,0.0,0.0,10000.0,0.0,0.0,0.17300116,0.10156083,0.0,1.0642304378297445
2020-10-27,19.37797,0.0,0.0,0.0,0.0,10000.0,0.0,0.0,10000.0,0.0,0.0,0.3352637,0.13833106,0.0,1.5569182855377472
2020-10-26,22.479515,0.0,0.0,0.0,0.0,10000.0,0.0,0.0,10000.0,0.0,0.0,0.54897964,0.16005528,0.0,1.9943482320355623
2020-10-25,26.189426,0.0,0.0,0.0,0.0,10000.0,0.0,0.0,10000.0,0.0,0.0,0.8046158,0.16503525,0.0,2.4343114126015744
2020-10-24,30.317167,0.0,0.0,0.0,0.0,10000.0,0.0,0.0,10000.0,0.0,0.0,1.089043,0.15761101,0.0,2.895172221711205
2020-10-23,34.664135,0.0,0.0,0.0,0.0,10000.0,0.0,0.0,10000.0,0.0,0.0,1.3885764,0.14338303,0.0,3.375437725584491
2020-10-22,39.065815,0.0,0.0,0.0,0.0,10000.0,0.0,0.0,10000.0,0.0,0.0,1.6918797,0.12698078,0.0,3.863162742111462
2020-10-21,43.39795,0.0,0.0,0.0,0.0,10000.0,0.0,0.0,10000.0,0.0,0.0,1.990391,0.11089325,0.0,4.341314677497903
2020-10-20,47.519367,0.0,0.0,0.0,0.0,10000.0,0.0,0.0,10000.0,0.0,0.0,2.2743826,0.09496808,0.0,4.792237539207146
2020-10-19,51.259968,0.0,0.0,0.0,0.0,10000.0,0.0,0.0,10000.0,0.0,0.0,2.5321333,0.07871735,0.0,5.195977440526115
2020-10-18,54.49893,0.0,0.0,0.0,0.0,10000.0,0.0,0.0,10000.0,0.0,0.0,2.7553184,0.063187,0.0,5.527585861541806
2020-10-17,57.15578,0.0,0.0,0.0,0.0,10000.0,0.0,0.0,10000.0,0.0,0.0,2.938392,0.04875052,0.0,5.766852001362801
2020-10-16,59.20261,0.0,0.0,0.0,0.0,10000.0,0.0,0.0,10000.0,0.0,0.0,3.0794313,0.035811424,0.0,5.902847786414956
2020-10-15,60.681206,0.0,0.0,0.0,0.0,10000.0,0.0,0.0,10000.0,0.0,0.0,3.181316,0.02497518,0.0,5.938520847043647
2020-10-14,61.667126,0.0,0.0,0.0,0.0,10000.0,0.0,0.0,10000.0,0.0,0.0,3.2492518,0.01624751,0.0,5.892587495266731
2020-10-13,62.254707,0.0,0.0,0.0,0.0,10000.0,0.0,0.0,10000.0,0.0,0.0,3.28974,0.009528279,0.0,5.789663831136759
2020-10-12,62.542633,0.0,0.0,0.0,0.0,10000.0,0.0,0.0,10000.0,0.0,0.0,3.3095798,0.004624963,0.0,5.653775825261946
2020-10-11,62.628056,0.0,0.0,0.0,0.0,10000.0,0.0,0.0,10000.0,0.0,0.0,3.315466,0.0013657808,0.0,5.504373086233291
2020-10-10,62.55354,0.0,0.0,0.0,0.0,10000.0,0.0,0.0,10000.0,0.0,0.0,3.3103313,-0.0011898279,0.0,5.355789774817666
2020-10-09,62.355408,0.0,0.0,0.0,0.0,10000.0,0.0,0.0,10000.0,0.0,0.0,3.2966788,-0.0031673908,0.0,5.212109204295957
2020-10-08,62.05076,0.0,48.6605025100708,0.0,0.0,10000.0,0.0,0.0,10000.0,0.0,0.0,3.2756865,-0.0048856735,0.0,5.075635854356847
2020-10-07,61.636375,0.0,49.52553028106689,0.0,0.0,10000.0,0.0,0.0,10000.0,0.0,0.0,3.247133,-0.0066781044,0.0,4.946094031914934
2020-10-06,61.10551,0.0,50.405096473693845,0.0,0.0,10000.0,0.0,0.0,10000.0,0.0,0.0,3.2105532,-0.008612871,0.0,4.821230244998724
2020-10-05,60.474133,0.0,51.29600875854492,0.0,0.0,10000.0,0.0,0.0,10000.0,0.0,0.0,3.1670473,-0.010332584,0.0,4.698888710040177
2020-10-04,59.766285,0.0,52.19072462081909,0.0,0.0,10000.0,0.0,0.0,10000.0,0.0,0.0,3.118272,-0.011704981,0.0,4.579423668336488
2020-10-03,59.00897,0.0,53.07610694885254,0.0,0.0,10000.0,0.0,0.0,10000.0,0.0,0.0,3.0660882,-0.012671292,0.0,4.463887593178891
2020-10-02,58.22703,0.0,53.93477523803711,0.0,0.0,10000.0,0.0,0.0,10000.0,0.0,0.0,3.0122077,-0.013251126,0.0,4.353493735841747
2020-10-01,57.459698,0.0,54.7481489944458,0.0,0.0,10000.0,0.0,0.0,10000.0,0.0,0.0,2.9593337,-0.013178289,0.0,4.249185662345628
2020-09-30,56.756924,0.0,55.499199409484866,0.0,0.0,10000.0,0.0,0.0,10000.0,0.0,0.0,2.9109082,-0.012230754,0.0,4.153077510945807
2020-09-29,56.14772,0.0,56.17481410980225,0.0,0.0,10000.0,0.0,0.0,10000.0,0.0,0.0,2.8689303,-0.010733545,0.0,4.0680155817434445
2020-09-28,55.649143,0.0,56.7690885925293,0.0,0.0,10000.0,0.0,0.0,10000.0,0.0,0.0,2.8345752,-0.008879721,0.0,3.9950198030417337
2020-09-27,55.276276,0.0,57.28135818481445,0.0,0.0,10000.0,0.0,0.0,10000.0,0.0,0.0,2.8088822,-0.006700337,0.0,3.9342192545894035
2020-09-26,55.020084,0.0,57.71666687011719,0.0,0.0,10000.0,0.0,0.0,10000.0,0.0,0.0,2.791229,-0.004634738,0.0,3.8856944240615707
2020-09-25,54.85932,0.0,58.08452369689942,0.0,0.0,10000.0,0.0,0.0,10000.0,0.0,0.0,2.7801516,-0.0029218793,0.0,3.847878065578187
2020-09-24,54.78223,0.0,58.397276611328124,0.0,0.0,10000.0,0.0,0.0,10000.0,0.0,0.0,2.7748394,-0.0014052391,0.0,3.818567108535563
2020-09-23,54.76758,0.0,58.66645729064941,0.0,0.0,10000.0,0.0,0.0,10000.0,0.0,0.0,2.7738297,-0.00026744604,0.0,3.7964321888168384
2020-09-22,54.77949,0.0,58.900881423950196,0.0,0.0,10000.0,0.0,0.0,10000.0,0.0,0.0,2.7746506,0.00021755695,0.0,3.779646854774361
2020-09-21,54.79608,0.0,59.105770874023435,0.0,0.0,10000.0,0.0,0.0,10000.0,0.0,0.0,2.7757938,0.0003029108,0.0,3.765577570528917
2020-09-20,54.854424,0.0,59.28363975524903,0.0,0.0,10000.0,0.0,0.0,10000.0,0.0,0.0,2.779814,0.0010646582,0.0,3.752661269470811
2020-09-19,54.984226,0.0,59.434918594360354,0.0,0.0,10000.0,0.0,0.0,10000.0,0.0,0.0,2.7887583,0.0023663044,0.0,3.743173375893979
2020-09-18,55.207993,0.0,59.558934936523436,0.0,0.0,10000.0,0.0,0.0,10000.0,0.0,0.0,2.804177,0.004069686,0.0,3.7388034216627073
2020-09-17,55.54403,0.0,59.65510894775391,0.0,0.0,10000.0,0.0,0.0,10000.0,0.0,0.0,2.8273323,0.006086707,0.0,3.7406840368172207
2020-09-16,56.01473,0.0,59.723226165771486,0.0,0.0,10000.0,0.0,0.0,10000.0,0.0,0.0,2.8597662,0.00847435,0.0,3.7496024357391766
2020-09-15,56.573322,0.0,59.76298576354981,0.0,0.0,10000.0,0.0,0.0,10000.0,0.0,0.0,2.8982568,0.009972215,0.0,3.766490688832799
2020-09-14,57.166668,0.0,59.77512390136719,0.0,0.0,10000.0,0.0,0.0,10000.0,0.0,0.0,2.9391422,0.010488033,0.0,3.788290927491966
2020-09-13,57.763855,0.0,59.761885223388674,0.0,0.0,10000.0,0.0,0.0,10000.0,0.0,0.0,2.980292,0.010446429,0.0,3.8118346220941817
2020-09-12,58.344337,0.0,59.72708427429199,0.0,0.0,10000.0,0.0,0.0,10000.0,0.0,0.0,3.0202909,0.010049224,0.0,3.8353631526458485
2020-09-11,58.88332,0.0,59.676489181518555,0.0,0.0,10000.0,0.0,0.0,10000.0,0.0,0.0,3.0574303,0.009238005,0.0,3.8577670131034343
2020-09-10,59.347614,0.0,59.61743370056152,0.0,0.0,10000.0,0.0,0.0,10000.0,0.0,0.0,3.089423,0.007884979,0.0,3.8777607099199947
2020-09-09,59.72277,0.0,59.55817337036133,0.0,0.0,10000.0,0.0,0.0,10000.0,0.0,0.0,3.1152737,0.006321311,0.0,3.8936487331990435
2020-09-08,59.956554,0.0,59.50678153991699,0.0,0.0,10000.0,0.0,0.0,10000.0,0.0,0.0,3.1313827,0.0039144754,0.0,3.9047548667619787
2020-09-07,60.046658,0.0,59.470644836425784,0.0,0.0,10000.0,0.0,0.0,10000.0,0.0,0.0,3.1375916,0.0015027523,0.0,3.90836941580665
2020-09-06,60.032036,0.0,59.4565308380127,0.0,0.0,10000.0,0.0,0.0,10000.0,0.0,0.0,3.136584,-0.00024348497,0.0,3.9044298907206527
2020-09-05,59.97016,0.0,59.4695320892334,0.0,0.0,10000.0,0.0,0.0,10000.0,0.0,0.0,3.1323204,-0.0010306835,0.0,3.895100190876001
2020-09-04,60.03089,0.0,59.51071891784668,0.0,0.0,10000.0,0.0,0.0,10000.0,0.0,0.0,3.1365051,0.0010126829,0.0,3.8835535628408504
2020-09-03,60.277615,0.0,59.57830627441406,0.0,0.0,10000.0,0.0,0.0,10000.0,0.0,0.0,3.1535058,0.0041099787,0.0,3.87898238221169
2020-09-02,60.83125,0.0,59.66855743408203,0.0,0.0,10000.0,0.0,0.0,10000.0,0.0,0.0,3.1916547,0.009184718,0.0,3.8844406191602694
2020-09-01,61.79079,0.0,59.776208114624026,0.0,0.0,10000.0,0.0,0.0,10000.0,0.0,0.0,3.2577732,0.015773773,0.0,3.905469666312487
2020-08-31,63.157013,0.0,59.89548576354981,0.0,0.0,10000.0,0.0,0.0,10000.0,0.0,0.0,3.3519144,0.022110462,0.0,3.945555192485156
2020-08-30,64.719,0.0,60.021303787231446,0.0,0.0,10000.0,0.0,0.0,10000.0,0.0,0.0,3.4595454,0.024731874,0.0,4.002844539436141
2020-08-29,66.22014,0.0,60.14956886291504,0.0,0.0,10000.0,0.0,0.0,10000.0,0.0,0.0,3.562983,0.02319467,0.0,4.06693965081226
2020-08-28,67.40025,0.0,60.277672576904294,0.0,0.0,10000.0,0.0,0.0,10000.0,0.0,0.0,3.6443005,0.017821074,0.0,4.127063818454338
2020-08-27,68.096054,0.0,60.40458374023437,0.0,0.0,10000.0,0.0,0.0,10000.0,0.0,0.0,3.6922455,0.010323405,0.0,4.172800730326138
2020-08-26,68.24515,0.0,60.52996276855469,0.0,0.0,10000.0,0.0,0.0,10000.0,0.0,0.0,3.702519,0.002189517,0.0,4.197143686401787
2020-08-25,67.86794,0.0,60.654673690795896,0.0,0.0,10000.0,0.0,0.0,10000.0,0.0,0.0,3.676527,-0.0055271983,0.0,4.1966286731634534
2020-08-24,67.06341,0.0,60.77864768981934,0.0,0.0,10000.0,0.0,0.0,10000.0,0.0,0.0,3.6210897,-0.01185441,0.0,4.171159235505032
2020-08-23,65.948494,0.0,60.898940048217774,0.0,0.0,10000.0,0.0,0.0,10000.0,0.0,0.0,3.544265,-0.016624749,0.0,4.124583210187998
2020-08-22,64.616035,0.0,61.00992568969727,0.0,0.0,10000.0,0.0,0.0,10000.0,0.0,0.0,3.4524503,-0.020204544,0.0,4.062132530010298
2020-08-21,63.160446,0.0,61.10374702453613,0.0,0.0,10000.0,0.0,0.0,10000.0,0.0,0.0,3.3521512,-0.022526741,0.0,3.988187522608103
2020-08-20,61.693474,0.0,61.17297622680664,0.0,0.0,10000.0,0.0,0.0,10000.0,0.0,0.0,3.2510674,-0.023226142,0.0,3.9075099323604956
2020-08-19,60.31071,0.0,61.21210105895996,0.0,0.0,10000.0,0.0,0.0,10000.0,0.0,0.0,3.1557865,-0.022413433,0.0,3.8260875743511855
2020-08-18,59.10662,0.0,61.21697914123535,0.0,0.0,10000.0,0.0,0.0,10000.0,0.0,0.0,3.072817,-0.019964755,0.0,3.749191462792198
2020-08-17,58.152737,0.0,61.18433738708496,0.0,0.0,10000.0,0.0,0.0,10000.0,0.0,0.0,3.0070884,-0.016138375,0.0,3.6820831201020403
2020-08-16,57.511116,0.0,61.11159408569336,0.0,0.0,10000.0,0.0,0.0,10000.0,0.0,0.0,2.9628768,-0.011033356,0.0,3.628666896391094
2020-08-15,57.196693,0.0,60.99719741821289,0.0,0.0,10000.0,0.0,0.0,10000.0,0.0,0.0,2.941211,-0.0054671764,0.0,3.592115973362028
2020-08-14,57.202133,0.0,60.84033668518067,0.0,0.0,10000.0,0.0,0.0,10000.0,0.0,0.0,2.941586,9.512901e-05,0.0,3.5728134678539454
2020-08-13,57.52133,0.0,60.64155578613281,0.0,0.0,10000.0,0.0,0.0,10000.0,0.0,0.0,2.9635806,0.005580187,0.0,3.5698029489894623
2020-08-12,58.10976,0.0,60.40185752868652,0.0,0.0,10000.0,0.0,0.0,10000.0,0.0,0.0,3.004127,0.010229707,0.0,3.5820628413357087
2020-08-11,58.816265,0.0,60.1222078704834,0.0,0.0,10000.0,0.0,0.0,10000.0,0.0,0.0,3.0528097,0.012158155,0.0,3.606706055180521
2020-08-10,59.52709,0.0,59.80326988220215,0.0,0.0,10000.0,0.0,0.0,10000.0,0.0,0.0,3.10179,0.012085438,0.0,3.636340553694257
2020-08-09,60.1617,0.0,59.442917022705075,0.0,0.0,10000.0,0.0,0.0,10000.0,0.0,0.0,3.1455188,0.010660887,0.0,3.665789774166931
2020-08-08,60.65881,0.0,59.03854141235352,0.0,0.0,10000.0,0.0,0.0,10000.0,0.0,0.0,3.1797726,0.008262873,0.0,3.6915608653830625
2020-08-07,60.983967,0.0,58.58602661132812,0.0,0.0,10000.0,0.0,0.0,10000.0,0.0,0.0,3.202178,0.005360484,0.0,3.7110443800240365
2020-08-06,61.150223,0.0,58.08003852844238,0.0,0.0,10000.0,0.0,0.0,10000.0,0.0,0.0,3.213634,0.0027261972,0.0,3.722761376208138
2020-08-05,61.195484,0.0,57.515830993652344,0.0,0.0,10000.0,0.0,0.0,10000.0,0.0,0.0,3.2167528,0.0007401705,0.0,3.727292648217447
2020-08-04,61.172764,0.0,56.89323608398438,0.0,0.0,10000.0,0.0,0.0,10000.0,0.0,0.0,3.2151873,-0.00037127733,0.0,3.726343362173403
2020-08-03,61.12505,0.0,56.21756759643554,0.0,0.0,10000.0,0.0,0.0,10000.0,0.0,0.0,3.2118995,-0.0007799864,0.0,3.722337697061611
2020-08-02,61.065033,0.0,55.49928924560547,0.0,0.0,10000.0,0.0,0.0,10000.0,0.0,0.0,3.207764,-0.0009818673,0.0,3.717256352526676
2020-08-01,61.08997,0.0,54.75217319488525,0.0,0.0,10000.0,0.0,0.0,10000.0,0.0,0.0,3.2094822,0.00040841103,0.0,3.7116869001852226
2020-07-31,61.182926,0.0,53.99125461578369,0.0,0.0,10000.0,0.0,0.0,10000.0,0.0,0.0,3.2158875,0.0015215874,0.0,3.7100872166748426
2020-07-30,61.22261,0.0,53.23071388244629,0.0,0.0,10000.0,0.0,0.0,10000.0,0.0,0.0,3.218622,0.00064861774,0.0,3.7116235251866545
2020-07-29,61.09331,0.0,52.48226776123047,0.0,0.0,10000.0,0.0,0.0,10000.0,0.0,0.0,3.2097125,-0.0021119714,0.0,3.7107970286233036
2020-07-28,60.705795,0.0,51.75421703338623,0.0,0.0,10000.0,0.0,0.0,10000.0,0.0,0.0,3.18301,-0.006343007,0.0,3.7023217422994548
2020-07-27,60.034782,0.0,51.05222702026367,0.0,0.0,10000.0,0.0,0.0,10000.0,0.0,0.0,3.136773,-0.011053503,0.0,3.6818527034825084
2020-07-26,59.12291,0.0,50.37942493438721,0.0,0.0,10000.0,0.0,0.0,10000.0,0.0,0.0,3.0739396,-0.015189052,0.0,3.6477186625094484
2020-07-25,58.00776,1.0,49.73638626098633,42.81294660568237,1.0,0.0,172.21851259208987,9990.00999000999,9990.00999000999,-0.09990009990009639,-0.0009990009990009652,2.9970987,-0.018861592,0.0,3.601444244746982
2020-07-24,56.71225,1.0,49.121532135009765,42.829932870864866,0.0,0.0,172.21851259208987,9990.00999000999,9990.00999000999,-0.09990009990009639,0.0,2.9078298,-0.022333384,-1.0,3.5443868715807847
2020-07-23,55.246155,1.0,48.53125869750976,42.84574660301209,0.0,0.0,172.21851259208987,9990.00999000999,9990.00999000999,-0.09990009990009639,0.0,2.8068068,-0.025851488,-1.0,3.477201283032135
2020-07-22,53.62778,1.0,47.96046764373779,42.85983755111695,0.0,0.0,172.21851259208987,9990.00999000999,9990.00999000999,-0.09990009990009639,0.0,2.6952906,-0.029293895,-0.9999999999999999,3.3998433458303214
2020-07-21,51.879734,1.0,47.40270595550537,42.870748248100284,0.0,0.0,172.21851259208987,9990.00999000999,9990.00999000999,-0.09990009990009639,0.0,2.574839,-0.032595932,-0.9999999999999998,3.3127102830923065
2020-07-20,50.01751,1.0,46.85126564025879,42.87570433616638,0.0,0.0,172.21851259208987,9990.00999000999,9990.00999000999,-0.09990009990009639,0.0,2.4465203,-0.03589505,-1.0000000000000002,3.2164723653844502
2020-07-19,48.061745,1.0,46.2997269821167,42.87114592552185,0.0,0.0,172.21851259208987,9990.00999000999,9990.00999000999,-0.09990009990009639,0.0,2.311756,-0.0391016,-0.9999999999999999,3.1114085127965603
2020-07-18,46.049553,1.0,45.742009773254395,42.85324221134186,0.0,0.0,172.21851259208987,9990.00999000999,9990.00999000999,-0.09990009990009639,0.0,2.173103,-0.04186678,-1.0000000000000002,2.998136128267965
2020-07-17,44.023262,1.0,45.17341053009033,42.818368434906006,0.0,0.0,172.21851259208987,9990.00999000999,9990.00999000999,-0.09990009990009639,0.0,2.033479,-0.044002414,-0.9999999999999997,2.8783957579635486
2020-07-16,42.01325,1.0,44.59238651275635,42.76359766483307,0.0,0.0,172.21851259208987,9990.00999000999,9990.00999000999,-0.09990009990009639,0.0,1.8949765,-0.045657992,-1.0,2.7544703354638926
2020-07-15,40.058834,1.0,43.99969985961914,42.686959309577944,0.0,0.0,172.21851259208987,9990.00999000999,9990.00999000999,-0.09990009990009639,0.0,1.760305,-0.04651898,-0.9999999999999999,2.6280676075177465
2020-07-14,38.20551,1.0,43.39726768493652,42.587467708587646,0.0,0.0,172.21851259208987,9990.00999000999,9990.00999000999,-0.09990009990009639,0.0,1.6325994,-0.046265066,-1.0,2.501721276419761
2020-07-13,36.491386,1.0,42.78777214050293,42.46494294166565,0.0,0.0,172.21851259208987,9990.00999000999,9990.00999000999,-0.09990009990009639,0.0,1.5144855,-0.044865847,-0.9999999999999994,2.3786799778701258
2020-07-12,34.946636,0.0,42.17436038970947,42.31980629444122,-1.0,6012.439248746022,0.0,0.0,6012.439248746022,-39.87560751253979,-0.3981548312005232,1.4080426,-0.042331934,-0.9999999999999999,2.261971304131642
2020-07-11,33.589256,0.0,41.55985382080078,42.15314945697784,0.0,6012.439248746022,0.0,0.0,6012.439248746022,-39.87560751253979,0.0,1.3145105,-0.038841486,-1.0025281815182392,2.154295762486236
2020-07-10,32.436714,0.0,40.94637813568115,41.966874632835385,0.0,6012.439248746022,0.0,0.0,6012.439248746022,-39.87560751253979,0.0,1.2350931,-0.034312844,-1.0025279862445853,2.0576271093885126
2020-07-09,31.486336,0.0,40.3351033782959,41.76344329357147,0.0,6012.439248746022,0.0,0.0,6012.439248746022,-39.87560751253979,0.0,1.1696061,-0.029299438,-1.0025277943671056,1.9739984180750996
2020-07-08,30.740252,0.0,39.72641944885254,41.54569809913635,0.0,6012.439248746022,0.0,0.0,6012.439248746022,-39.87560751253979,0.0,1.1181962,-0.023695469,-1.0025276057979662,1.9039282318266184
2020-07-07,30.199219,0.0,39.12050769805908,41.31662133216858,0.0,6012.439248746022,0.0,0.0,6012.439248746022,-39.87560751253979,0.0,1.0809157,-0.01760012,-1.0025274204523342,1.8482284053865417
2020-07-06,29.840906,0.0,38.51569332122803,41.07896331310272,0.0,6012.439248746022,0.0,0.0,6012.439248746022,-39.87560751253979,0.0,1.0562257,-0.01186496,-1.0025272382482537,1.8074912036029829
2020-07-05,29.641102,0.0,37.91064838409424,40.83510576725006,0.0,6012.439248746022,0.0,0.0,6012.439248746022,-39.87560751253979,0.0,1.0424579,-0.006695628,-1.0025270591065236,1.7803612029689109
2020-07-04,29.545958,0.0,37.30673984527588,40.58697758197784,0.0,6012.439248746022,0.0,0.0,6012.439248746022,-39.87560751253979,0.0,1.0359019,-0.003209889,-1.0025268829505831,1.7651684618874193
2020-07-03,29.516535,0.0,36.707823524475096,40.336015911102294,0.0,6012.439248746022,0.0,0.0,6012.439248746022,-39.87560751253979,0.0,1.0338745,-0.0009958148,-1.0025267097064015,1.7578753748411686
2020-07-02,29.520342,0.0,36.11963966369629,40.08315759658814,0.0,6012.439248746022,0.0,0.0,6012.439248746022,-39.87560751253979,0.0,1.0341368,0.00012898445,-1.0025265393023757,1.7555389066145373
2020-07-01,29.54154,0.0,35.54842914581299,39.82912947177887,0.0,6012.439248746022,0.0,0.0,6012.439248746022,-39.87560751253979,0.0,1.0355974,0.00071811676,-1.002526371669232,1.7557040408862896
2020-06-30,29.568005,0.0,34.99950439453125,39.57449484825134,0.0,6012.439248746022,0.0,0.0,6012.439248746022,-39.87560751253979,0.0,1.0374211,0.0008958578,-1.0025262067399303,1.7571747615512197
2020-06-29,29.592949,0.0,34.47724254608154,39.31972615718841,0.0,6012.439248746022,0.0,0.0,6012.439248746022,-39.87560751253979,0.0,1.0391399,0.00084364414,-1.002526044449578,1.759040128495236
2020-06-28,29.613184,0.0,33.98543117523193,39.065300159454345,0.0,6012.439248746022,0.0,0.0,6012.439248746022,-39.87560751253979,0.0,1.0405341,0.0006837845,-1.0025258847353384,1.7607903237799594
2020-06-27,29.623032,0.0,33.52757747650146,38.811747846603396,0.0,6012.439248746022,0.0,0.0,6012.439248746022,-39.87560751253979,0.0,1.0412128,0.00033259392,-1.0025257275363593,1.7621885215388189
2020-06-26,29.624678,0.0,33.1066393661499,38.55956646442414,0.0,6012.439248746022,0.0,0.0,6012.439248746022,-39.87560751253979,0.0,1.0413262,5.555153e-05,-1.002525572793686,1.762811797674753
2020-06-25,29.6252,0.0,32.72525928497314,38.30916799545288,0.0,6012.439248746022,0.0,0.0,6012.439248746022,-39.87560751253979,0.0,1.0413622,1.7642975e-05,-1.0025254204501952,1.762823158667762
2020-06-24,29.635471,0.0,32.385766410827635,38.060775699615476,0.0,6012.439248746022,0.0,0.0,6012.439248746022,-39.87560751253979,0.0,1.0420699,0.0003466606,-1.0025252704505163,1.762752689034234
2020-06-23,29.679798,0.0,32.089914588928224,37.81448529243469,0.0,6012.439248746022,0.0,0.0,6012.439248746022,-39.87560751253979,0.0,1.0451243,0.001495719,-1.0025251227409764,1.7634107702184036
2020-06-22,29.765064,0.0,31.838586921691896,37.57020212173462,0.0,6012.439248746022,0.0,0.0,6012.439248746022,-39.87560751253979,0.0,1.0509996,0.0028728247,-1.002524977269522,1.7666050129523463
2020-06-21,29.892756,0.0,31.63109073638916,37.327570552825925,0.0,6012.439248746022,0.0,0.0,6012.439248746022,-39.87560751253979,0.0,1.0597985,0.0042899847,-1.0025248339856707,1.772822624047986
2020-06-20,30.040092,0.0,31.465361061096193,37.086048724651334,0.0,6012.439248746022,0.0,0.0,6012.439248746022,-39.87560751253979,0.0,1.0699508,0.0049288273,-1.0025246928404452,1.782133736403375
2020-06-19,30.184032,0.0,31.33783664703369,36.84502546072006,0.0,6012.439248746022,0.0,0.0,6012.439248746022,-39.87560751253979,0.0,1.0798693,0.0047916174,-1.0025245537863183,1.7928346132746518
2020-06-18,30.31338,0.0,31.24362461090088,36.60389776229859,0.0,6012.439248746022,0.0,0.0,6012.439248746022,-39.87560751253979,0.0,1.0887821,0.0042852163,-1.00252441677716,1.8032364717379705
2020-06-17,30.424894,0.0,31.17701519012451,36.36213675260544,0.0,6012.439248746022,0.0,0.0,6012.439248746022,-39.87560751253979,0.0,1.0964662,0.0036787987,-1.0025242817681919,1.8125371784877409
2020-06-16,30.5217,0.0,31.13203830718994,36.11931358337402,0.0,6012.439248746022,0.0,0.0,6012.439248746022,-39.87560751253979,0.0,1.1031367,0.0031818151,-1.002524148715928,1.8205151666647368
2020-06-15,30.609026,0.0,31.102836418151856,35.87521651744842,0.0,6012.439248746022,0.0,0.0,6012.439248746022,-39.87560751253979,0.0,1.109154,0.0028611422,-1.0025240175781398,1.8274075690650156
2020-06-14,30.690853,0.0,31.08373435974121,35.6297483754158,0.0,6012.439248746022,0.0,0.0,6012.439248746022,-39.87560751253979,0.0,1.1147923,0.0026732683,-1.0025238883137961,1.833598165318363
2020-06-13,30.769445,0.0,31.069742126464845,35.38297101020813,0.0,6012.439248746022,0.0,0.0,6012.439248746022,-39.87560751253979,0.0,1.1202079,0.0025607347,-1.002523760883038,1.8393771339361666
2020-06-12,30.84925,0.0,31.056449699401856,35.13509555339813,0.0,6012.439248746022,0.0,0.0,6012.439248746022,-39.87560751253979,0.0,1.1257069,0.0025936365,-1.0025236352471287,1.844909183067576
2020-06-11,30.93068,0.0,31.040001525878907,34.88616346359253,0.0,6012.439248746022,0.0,0.0,6012.439248746022,-39.87560751253979,0.0,1.1313179,0.002639532,-1.002523511368408,1.850514022892506
2020-06-10,31.027184,0.0,31.017538414001464,34.63600407600403,0.0,6012.439248746022,0.0,0.0,6012.439248746022,-39.87560751253979,0.0,1.1379676,0.0031200647,-1.002523389210272,1.8562191027004455
2020-06-09,31.147495,0.0,30.986827278137206,34.384316537380215,0.0,6012.439248746022,0.0,0.0,6012.439248746022,-39.87560751253979,0.0,1.1462579,0.0038776398,-1.0025232687371215,1.8629756769041297
2020-06-08,31.296602,0.0,30.94654426574707,34.130702195167544,0.0,6012.439248746022,0.0,0.0,6012.439248746022,-39.87560751253979,0.0,1.1565323,0.0047870874,-1.0025231499143274,1.871386668426521
2020-06-07,31.474257,0.0,30.896030082702637,33.87465304613114,0.0,6012.439248746022,0.0,0.0,6012.439248746022,-39.87560751253979,0.0,1.1687738,0.005676508,-1.002523032708213,1.881776838439479
2020-06-06,31.676672,0.0,30.835303802490234,33.61584834098816,0.0,6012.439248746022,0.0,0.0,6012.439248746022,-39.87560751253979,0.0,1.1827215,0.0064311028,-1.002522917086007,1.8940950053837098
2020-06-05,31.894667,0.0,30.7644580078125,33.35422505140305,0.0,6012.439248746022,0.0,0.0,6012.439248746022,-39.87560751253979,0.0,1.1977427,0.006881833,-1.0025228030158133,1.9080441034579068
2020-06-04,32.12168,0.0,30.683365325927735,33.08992916345596,0.0,6012.439248746022,0.0,0.0,6012.439248746022,-39.87560751253979,0.0,1.2133853,0.007117629,-1.0025226904665956,1.9229647291022176
2020-06-03,32.35347,0.0,30.591820106506347,32.823197131156924,0.0,6012.439248746022,0.0,0.0,6012.439248746022,-39.87560751253979,0.0,1.2293571,0.0072159767,-1.0025225794081296,1.9383932699826565
2020-06-02,32.580875,0.0,30.490079383850098,32.554464931488035,0.0,6012.439248746022,0.0,0.0,6012.439248746022,-39.87560751253979,0.0,1.2450267,0.007028818,-1.0025224698110005,1.954033035407906
2020-06-01,32.81073,0.0,30.378629455566408,32.28436533927918,0.0,6012.439248746022,0.0,0.0,6012.439248746022,-39.87560751253979,0.0,1.2608652,0.007054925,-1.0025223616465455,1.969270767112083
2020-05-31,33.042866,0.0,30.258177223205568,32.013680331707,0.0,6012.439248746022,0.0,0.0,6012.439248746022,-39.87560751253979,0.0,1.2768608,0.007074952,-1.0025222548868593,1.9845641074991263
2020-05-30,33.269154,0.0,30.12963123321533,31.743462762832642,0.0,6012.439248746022,0.0,0.0,6012.439248746022,-39.87560751253979,0.0,1.2924534,0.0068483353,-1.0025221495047514,1.9999012590851366
2020-05-29,33.48317,0.0,29.993595008850097,31.474883089065553,0.0,6012.439248746022,0.0,0.0,6012.439248746022,-39.87560751253979,0.0,1.3072004,0.006432891,-1.002522045473727,2.0147509301374043
2020-05-28,33.648453,0.0,29.849925422668456,31.209063429832458,0.0,6012.439248746022,0.0,0.0,6012.439248746022,-39.87560751253979,0.0,1.3185896,0.0049363375,-1.0025219427679717,2.0287031853325437
2020-05-27,33.726765,0.0,29.69833465576172,30.946874296665193,0.0,6012.439248746022,0.0,0.0,6012.439248746022,-39.87560751253979,0.0,1.3239857,0.002327323,-1.0025218413623196,2.039415919872578
2020-05-26,33.682613,0.0,29.53845531463623,30.68898577928543,0.0,6012.439248746022,0.0,0.0,6012.439248746022,-39.87560751253979,0.0,1.3209434,-0.0013090968,-1.00252174123224,2.044428505510221
2020-05-25,33.494907,0.0,29.370235862731935,30.435895054340364,0.0,6012.439248746022,0.0,0.0,6012.439248746022,-39.87560751253979,0.0,1.3080093,-0.005572796,-1.0025216423538148,2.0413880304870786
2020-05-24,33.160915,0.0,29.194089317321776,30.18810961484909,0.0,6012.439248746022,0.0,0.0,6012.439248746022,-39.87560751253979,0.0,1.2849952,-0.00997144,-1.002521544703724,2.028753925307417
2020-05-23,32.697792,0.0,29.011248474121093,29.944635374546053,0.0,6012.439248746022,0.0,0.0,6012.439248746022,-39.87560751253979,0.0,1.253083,-0.013965964,-1.002521448259217,2.0060691358950336
2020-05-22,32.12916,0.0,28.823513412475585,29.70433701276779,0.0,6012.439248746022,0.0,0.0,6012.439248746022,-39.87560751253979,0.0,1.2139008,-0.01739049,-1.0025213529981043,1.9741469553470903
2020-05-21,31.481611,0.0,28.631944274902345,29.466899831295013,0.0,6012.439248746022,0.0,0.0,6012.439248746022,-39.87560751253979,0.0,1.1692805,-0.020154595,-1.0025212588987409,1.9342613901474013
2020-05-20,30.786724,0.0,28.436796760559083,29.23255985021591,0.0,6012.439248746022,0.0,0.0,6012.439248746022,-39.87560751253979,0.0,1.1213984,-0.022072792,-1.0025211659400013,1.887963901173231
2020-05-19,30.07563,0.0,28.237635726928712,29.002318379878997,0.0,6012.439248746022,0.0,0.0,6012.439248746022,-39.87560751253979,0.0,1.0723996,-0.023097396,-1.0025210741012716,1.8372887268162577
2020-05-18,29.37681,0.0,28.03361698150635,28.777831227779387,0.0,6012.439248746022,0.0,0.0,6012.439248746022,-39.87560751253979,0.0,1.0242466,-0.02323544,-1.0025209833624338,1.7843959871261816
2020-05-17,28.71775,0.0,27.8236275100708,28.560127608776092,0.0,6012.439248746022,0.0,0.0,6012.439248746022,-39.87560751253979,0.0,0.9788332,-0.022434711,-1.0025208937038446,1.7314116235414723
2020-05-16,28.105545,0.0,27.606737937927246,28.350462987422944,0.0,6012.439248746022,0.0,0.0,6012.439248746022,-39.87560751253979,0.0,0.9366484,-0.021318018,-1.002520805106327,1.6805416356412954
2020-05-15,27.531807,0.0,27.381815605163574,28.149728286266328,0.0,6012.439248746022,0.0,0.0,6012.439248746022,-39.87560751253979,0.0,0.8971143,-0.020413697,-1.0025207175511515,1.6324819511941908
2020-05-14,26.990826,0.0,27.147627220153808,27.957993943691253,0.0,6012.439248746022,0.0,0.0,6012.439248746022,-39.87560751253979,0.0,0.85983723,-0.019649327,-1.0025206310200379,1.5866925326954255
2020-05-13,26.484028,0.0,26.90307304382324,27.77453409910202,0.0,6012.439248746022,0.0,0.0,6012.439248746022,-39.87560751253979,0.0,0.8249157,-0.018776655,-1.0025205454951254,1.5428153693685855
2020-05-12,25.99925,0.0,26.647278442382813,27.598785197734834,0.0,6012.439248746022,0.0,0.0,6012.439248746022,-39.87560751253979,0.0,0.7915115,-0.018304527,-1.0025204609589593,1.5010701144911915
2020-05-11,25.51337,0.0,26.37967845916748,27.429773452281953,0.0,6012.439248746022,0.0,0.0,6012.439248746022,-39.87560751253979,0.0,0.7580313,-0.018688202,-1.0025203773944933,1.4605177652663313
2020-05-10,25.015688,0.0,26.099979515075685,27.26621077299118,0.0,6012.439248746022,0.0,0.0,6012.439248746022,-39.87560751253979,0.0,0.7237379,-0.019506752,-1.0025202947850724,1.4192065295399316
2020-05-09,24.526148,0.0,25.808121376037597,27.106312148571014,0.0,6012.439248746022,0.0,0.0,6012.439248746022,-39.87560751253979,0.0,0.6900055,-0.019569337,-1.0025202131144129,1.3761572378162488
2020-05-08,24.050535,0.0,25.50416988372803,26.948207337856292,0.0,6012.439248746022,0.0,0.0,6012.439248746022,-39.87560751253979,0.0,0.65723276,-0.019392073,-1.0025201323666098,1.3330907786282415
2020-05-07,23.602066,0.0,25.188431587219238,26.78997310400009,0.0,6012.439248746022,0.0,0.0,6012.439248746022,-39.87560751253979,0.0,0.62633044,-0.018646955,-1.0025200525260998,1.2905446110566359
2020-05-06,23.1979,0.0,24.86111442565918,26.629669473171234,0.0,6012.439248746022,0.0,0.0,6012.439248746022,-39.87560751253979,0.0,0.59848094,-0.017124176,-1.0025199735776817,1.2497815130990095
2020-05-05,22.83366,0.0,24.522486267089842,26.465639922618866,0.0,6012.439248746022,0.0,0.0,6012.439248746022,-39.87560751253979,0.0,0.57338244,-0.015701473,-1.0025198955064885,1.2125077336798942
2020-05-04,22.496319,0.0,24.173047733306884,26.29623739004135,0.0,6012.439248746022,0.0,0.0,6012.439248746022,-39.87560751253979,0.0,0.5501375,-0.014773846,-1.0025198182979809,1.1784601876611325
2020-05-03,22.185526,0.0,23.813479537963868,26.12016790151596,0.0,6012.439248746022,0.0,0.0,6012.439248746022,-39.87560751253979,0.0,0.5287219,-0.013815284,-1.002519741937929,1.1465164436447317
2020-05-02,21.898788,0.0,23.44521593093872,25.936963469982146,0.0,6012.439248746022,0.0,0.0,6012.439248746022,-39.87560751253979,0.0,0.50896394,-0.012924552,-1.002519666412434,1.1167262953608803
2020-05-01,21.62912,0.0,23.0704705619812,25.746736724376678,0.0,6012.439248746022,0.0,0.0,6012.439248746022,-39.87560751253979,0.0,0.49038208,-0.01231432,-1.002519591707888,1.0889243913639572
2020-04-30,21.376705,0.0,22.692134590148925,25.550046937465666,0.0,6012.439248746022,0.0,0.0,6012.439248746022,-39.87560751253979,0.0,0.4729891,-0.011670113,-1.0025195178109694,1.062486664227151
2020-04-29,21.171337,0.0,22.313453674316406,25.347756326198578,0.0,6012.439248746022,0.0,0.0,6012.439248746022,-39.87560751253979,0.0,0.458838,-0.009607077,-1.0025194447086618,1.037478560283537
2020-04-28,21.038141,0.0,21.937647762298585,25.14098392248154,0.0,6012.439248746022,0.0,0.0,6012.439248746022,-39.87560751253979,0.0,0.44965994,-0.00629133,-1.002519372388213,1.0169562232650817
2020-04-27,20.943243,0.0,21.567451915740968,24.930829350948333,0.0,6012.439248746022,0.0,0.0,6012.439248746022,-39.87560751253979,0.0,0.44312087,-0.0045107603,-1.0025193008371422,1.0035725630522045
2020-04-26,20.85165,0.0,21.20496873855591,24.71813001394272,0.0,6012.439248746022,0.0,0.0,6012.439248746022,-39.87560751253979,0.0,0.43680954,-0.0043733716,-1.0025192300432415,0.9939979497685206
2020-04-25,20.732801,0.0,20.851589794158937,24.503480460643768,0.0,6012.439248746022,0.0,0.0,6012.439248746022,-39.87560751253979,0.0,0.4286201,-0.0056997538,-1.0025191599945589,0.9847191249493004
2020-04-24,20.568508,0.0,20.50799015045166,24.287261312007903,0.0,6012.439248746022,0.0,0.0,6012.439248746022,-39.87560751253979,0.0,0.41729927,-0.007924318,-1.0025190906793822,0.9726135633631489
2020-04-23,20.349777,0.0,20.174222679138182,24.06977106809616,0.0,6012.439248746022,0.0,0.0,6012.439248746022,-39.87560751253979,0.0,0.40222734,-0.0106342435,-1.0025190220862525,0.9557528066826756
2020-04-22,20.0862,0.0,19.84967851638794,23.850760409832002,0.0,6012.439248746022,0.0,0.0,6012.439248746022,-39.87560751253979,0.0,0.38406527,-0.012952328,-1.0025189542039465,0.9330813225326626
2020-04-21,19.781067,0.0,19.533235836029053,23.63004320859909,0.0,6012.439248746022,0.0,0.0,6012.439248746022,-39.87560751253979,0.0,0.36303964,-0.015191197,-1.0025188870214685,0.9054340088308089
2020-04-20,19.438076,0.0,19.223706340789796,23.40801720380783,0.0,6012.439248746022,0.0,0.0,6012.439248746022,-39.87560751253979,0.0,0.33940542,-0.017339349,-1.0025188205280597,0.8729821726889704
2020-04-19,19.068893,0.0,18.920076179504395,23.185572774410247,0.0,6012.439248746022,0.0,0.0,6012.439248746022,-39.87560751253979,0.0,0.31396642,-0.018992782,-1.0025187547131673,0.8359315183227564
2020-04-18,18.684526,0.0,18.621387519836425,22.964004838466643,0.0,6012.439248746022,0.0,0.0,6012.439248746022,-39.87560751253979,0.0,0.2874811,-0.020156741,-1.0025186895664528,0.7953703755125605
2020-04-17,18.296673,0.0,18.32666524887085,22.744768884181976,0.0,6012.439248746022,0.0,0.0,6012.439248746022,-39.87560751253979,0.0,0.26075557,-0.020758033,-1.002518625077807,0.7523775687615681
2020-04-16,17.90972,0.0,18.03524990081787,22.529105570316315,0.0,6012.439248746022,0.0,0.0,6012.439248746022,-39.87560751253979,0.0,0.23409206,-0.02114886,-1.0025185612372942,0.7081862085021484
2020-04-15,17.528774,0.0,17.74692289352417,22.31805400133133,0.0,6012.439248746022,0.0,0.0,6012.439248746022,-39.87560751253979,0.0,0.20784254,-0.021270335,-1.002518498035203,0.6632584092922968
2020-04-14,17.155895,0.0,17.461632652282717,22.112534410953522,0.0,6012.439248746022,0.0,0.0,6012.439248746022,-39.87560751253979,0.0,0.18214883,-0.02127242,-1.0025184354620011,0.6181787959766897
2020-04-13,16.79396,0.0,17.17901065826416,21.91341803789139,0.0,6012.439248746022,0.0,0.0,6012.439248746022,-39.87560751253979,0.0,0.15720926,-0.021096826,-1.0025183735083465,0.5732029997664781
2020-04-12,16.444872,0.0,16.89875707626343,21.721483237743378,0.0,6012.439248746022,0.0,0.0,6012.439248746022,-39.87560751253979,0.0,0.13315487,-0.020786583,-1.002518312165081,0.5287072809881675
2020-04-11,16.111458,0.0,16.620447578430177,21.537392914295197,0.0,6012.439248746022,0.0,0.0,6012.439248746022,-39.87560751253979,0.0,0.11018054,-0.02027464,-1.0025182514232327,0.4849723166202739
2020-04-10,15.797227,0.0,16.3430997467041,21.36171155691147,0.0,6012.439248746022,0.0,0.0,6012.439248746022,-39.87560751253979,0.0,0.08852806,-0.019503593,-1.0025181912739962,0.442416438769709
2020-04-09,15.50476,0.0,16.065805549621583,21.194893367290497,0.0,6012.439248746022,0.0,0.0,6012.439248746022,-39.87560751253979,0.0,0.06837524,-0.018513799,-1.002518131708748,0.401574438501806
2020-04-08,15.235272,0.0,15.787940444946289,0.0,0.0,6012.439248746022,0.0,0.0,6012.439248746022,-39.87560751253979,0.0,0.04980587,-0.017380953,-1.002518072719016,0.3628904824810614
2020-04-07,14.989496,0.0,15.508842124938965,0.0,0.0,6012.439248746022,0.0,0.0,6012.439248746022,-39.87560751253979,0.0,0.032870345,-0.016132057,-1.0025180142965022,0.326646445484703
2020-04-06,14.765815,0.0,15.227733449935913,0.0,0.0,6012.439248746022,0.0,0.0,6012.439248746022,-39.87560751253979,0.0,0.017457291,-0.014922559,-1.0025179564330704,0.29306695336328314
2020-04-05,14.560862,0.0,14.94404086112976,0.0,0.0,6012.439248746022,0.0,0.0,6012.439248746022,-39.87560751253979,0.0,0.00333473,-0.013880253,-1.0025178991207238,0.262052682700517
2020-04-04,14.37062,0.0,14.657521476745606,0.0,0.0,6012.439248746022,0.0,0.0,6012.439248746022,-39.87560751253979,0.0,-0.009774124,-0.0130652785,-1.0025178423516417,0.23324136339142176
2020-04-03,14.188,0.0,14.367452383041382,0.0,0.0,6012.439248746022,0.0,0.0,6012.439248746022,-39.87560751253979,0.0,-0.022357792,-0.012707889,-1.0025177861181154,0.2061505561571094
2020-04-02,14.005003,0.0,14.07258331298828,0.0,0.0,6012.439248746022,0.0,0.0,6012.439248746022,-39.87560751253979,0.0,-0.034967415,-0.012897968,-1.0025177304126132,0.1798230504641549
2020-04-01,13.812664,0.0,13.772974796295166,0.0,0.0,6012.439248746022,0.0,0.0,6012.439248746022,-39.87560751253979,0.0,-0.048220776,-0.013733566,-1.0025176752277387,0.15312084253581598
2020-03-31,13.606742,0.0,13.46942078590393,0.0,0.0,6012.439248746022,0.0,0.0,6012.439248746022,-39.87560751253979,0.0,-0.0624101,-0.014908195,-1.0025176205562234,0.12470755833191682
2020-03-30,13.387257,0.0,13.163245124816894,0.0,0.0,6012.439248746022,0.0,0.0,6012.439248746022,-39.87560751253979,0.0,-0.07753402,-0.016130626,-1.0025175663909245,0.09388739376921312
2020-03-29,13.149602,0.0,12.856294765472413,0.0,0.0,6012.439248746022,0.0,0.0,6012.439248746022,-39.87560751253979,0.0,-0.09390991,-0.01775229,-1.002517512724863,0.06057111967579614
2020-03-28,12.895617,0.0,12.55065933227539,0.0,0.0,6012.439248746022,0.0,0.0,6012.439248746022,-39.87560751253979,0.0,-0.1114111,-0.019315064,-1.0025174595511517,0.02394698809924218
2020-03-27,12.62907,0.0,12.247982292175292,0.0,0.0,6012.439248746022,0.0,0.0,6012.439248746022,-39.87560751253979,0.0,-0.12977782,-0.02066952,-1.0025174068630531,-0.01584468772083345
2020-03-26,12.350299,0.0,11.949770650863648,0.0,0.0,6012.439248746022,0.0,0.0,6012.439248746022,-39.87560751253979,0.0,-0.1489869,-0.022073805,-1.0025173546539488,-0.05835455982630604
2020-03-25,12.056393,0.0,11.657432346343994,0.0,0.0,6012.439248746022,0.0,0.0,6012.439248746022,-39.87560751253979,0.0,-0.1692389,-0.023797512,-1.002517302917334,-0.10366310293861024
2020-03-24,11.747914,0.0,11.372152452468873,0.0,0.0,6012.439248746022,0.0,0.0,6012.439248746022,-39.87560751253979,0.0,-0.19049498,-0.025586307,-1.0025172516468224,-0.1523959193547671
2020-03-23,11.428483,0.0,11.094709548950195,0.0,0.0,6012.439248746022,0.0,0.0,6012.439248746022,-39.87560751253979,0.0,-0.2125058,-0.027190447,-1.0025172008361438,-0.20464847540167952
2020-03-22,11.09702,0.0,10.825616292953491,0.0,0.0,6012.439248746022,0.0,0.0,6012.439248746022,-39.87560751253979,0.0,-0.23534568,-0.029003203,-1.0025171504791397,-0.26000467925143417
2020-03-21,10.751176,0.0,10.565515451431274,0.0,0.0,6012.439248746022,0.0,0.0,6012.439248746022,-39.87560751253979,0.0,-0.25917652,-0.03116548,-1.0025171005697575,-0.3188399370552973
2020-03-20,10.395048,0.0,10.314898586273193,0.0,0.0,6012.439248746022,0.0,0.0,6012.439248746022,-39.87560751253979,0.0,-0.28371596,-0.033124566,-1.0025170511020691,-0.3817949946441431
2020-03-19,10.037856,0.0,10.074518280029297,0.0,0.0,6012.439248746022,0.0,0.0,6012.439248746022,-39.87560751253979,0.0,-0.30832872,-0.03436172,-1.002517002070215,-0.4483918202413746
2020-03-18,9.686591,0.0,9.845192985534668,0.0,0.0,6012.439248746022,0.0,0.0,6012.439248746022,-39.87560751253979,0.0,-0.3325331,-0.034994006,-1.0025169534684801,-0.5171406615650341
2020-03-17,9.330509,0.0,9.628010931015014,0.0,0.0,6012.439248746022,0.0,0.0,6012.439248746022,-39.87560751253979,0.0,-0.35706937,-0.03676027,-1.0025169052912097,-0.5868196226389142
2020-03-16,8.96895,0.0,9.424042587280274,0.0,0.0,6012.439248746022,0.0,0.0,6012.439248746022,-39.87560751253979,0.0,-0.38198304,-0.03875017,-1.0025168575328884,-0.6595937865303624
2020-03-15,8.603064,0.0,9.234712505340577,0.0,0.0,6012.439248746022,0.0,0.0,6012.439248746022,-39.87560751253979,0.0,-0.40719494,-0.04079479,-1.0025168101880637,-0.7358113383831335
2020-03-14,8.23061,0.0,9.061979389190673,0.0,0.0,6012.439248746022,0.0,0.0,6012.439248746022,-39.87560751253979,0.0,-0.43285933,-0.04329312,-1.0025167632513883,-0.8154767351724153
2020-03-13,7.8433547,0.0,8.907920637130736,0.0,0.0,6012.439248746022,0.0,0.0,6012.439248746022,-39.87560751253979,0.0,-0.45954365,-0.047050595,-1.0025167167176188,-0.899321973832255
2020-03-12,7.4444904,0.0,8.777194471359254,0.0,0.0,6012.439248746022,0.0,0.0,6012.439248746022,-39.87560751253979,0.0,-0.48702788,-0.05085379,-1.0025166705815658,-0.9894866631019125
2020-03-11,7.050736,0.0,8.675067567825318,0.0,0.0,6012.439248746022,0.0,0.0,6012.439248746022,-39.87560751253979,0.0,-0.51416004,-0.05289209,-1.0025166248381736,-1.0857687593863934
2020-03-10,6.6678824,0.0,8.609333562850953,0.0,0.0,6012.439248746022,0.0,0.0,6012.439248746022,-39.87560751253979,0.0,-0.54054105,-0.05429977,-1.0025165794824447,-1.1847846819975874
2020-03-09,6.2946877,0.0,8.583840017318726,0.0,0.0,6012.439248746022,0.0,0.0,6012.439248746022,-39.87560751253979,0.0,-0.5662565,-0.055969,-1.0025165345094704,-1.285311655701032
2020-03-08,5.962817,0.0,8.602026834487916,0.0,0.0,6012.439248746022,0.0,0.0,6012.439248746022,-39.87560751253979,0.0,-0.5891245,-0.052722335,-1.0025164899144299,-1.3876989893121427
2020-03-07,5.6739497,0.0,8.666558084487916,0.0,0.0,6012.439248746022,0.0,0.0,6012.439248746022,-39.87560751253979,0.0,-0.60902923,-0.048444808,-1.0025164456925686,-1.483718900053455
2020-03-06,5.4240184,0.0,8.777347650527954,0.0,0.0,6012.439248746022,0.0,0.0,6012.439248746022,-39.87560751253979,0.0,-0.62625104,-0.044048905,-1.0025164018392358,-1.571855429466211
2020-03-05,5.22099,0.0,8.932251996994019,0.0,0.0,6012.439248746022,0.0,0.0,6012.439248746022,-39.87560751253979,0.0,-0.640241,-0.0374313,-1.0025163583498253,-1.652070424248359
2020-03-04,5.0680056,0.0,9.12847933769226,0.0,0.0,6012.439248746022,0.0,0.0,6012.439248746022,-39.87560751253979,0.0,-0.65078264,-0.029301822,-1.0025163152198406,-1.720684339464067
2020-03-03,4.9523487,0.0,9.359575777053832,0.0,0.0,6012.439248746022,0.0,0.0,6012.439248746022,-39.87560751253979,0.0,-0.6587521,-0.02282101,-1.002516272444847,-1.7749983783420578
2020-03-02,4.870485,0.0,9.620363817214965,0.0,0.0,6012.439248746022,0.0,0.0,6012.439248746022,-39.87560751253979,0.0,-0.664393,-0.016530335,-1.0025162300204706,-1.817713980696931
2020-03-01,4.821161,0.0,9.906111764907838,0.0,0.0,6012.439248746022,0.0,0.0,6012.439248746022,-39.87560751253979,0.0,-0.6677917,-0.010127127,-1.0025161879424271,-1.8489733972613425
2020-02-29,4.8048987,0.0,10.21113829612732,0.0,0.0,6012.439248746022,0.0,0.0,6012.439248746022,-39.87560751253979,0.0,-0.6689123,-0.0033730865,-1.002516146206471,-1.8683275339727266
2020-02-28,4.8123813,0.0,10.528491773605346,0.0,0.0,6012.439248746022,0.0,0.0,6012.439248746022,-39.87560751253979,0.0,-0.6683967,0.001557231,-1.0025161048084785,-1.8748275988967293
2020-02-27,4.84201,0.0,10.85374680519104,0.0,0.0,6012.439248746022,0.0,0.0,6012.439248746022,-39.87560751253979,0.0,-0.6663551,0.006156802,-1.002516063744343,-1.8717446544552974
2020-02-26,4.9046774,0.0,11.182999639511108,0.0,0.0,6012.439248746022,0.0,0.0,6012.439248746022,-39.87560751253979,0.0,-0.66203696,0.012942433,-1.0025160230100365,-1.8595738525077619
2020-02-25,4.997931,0.0,11.513022737503052,0.0,0.0,6012.439248746022,0.0,0.0,6012.439248746022,-39.87560751253979,0.0,-0.6556112,0.019013166,-1.0025159826016112,-1.833753044921605
2020-02-24,5.13688,0.0,11.84053713798523,0.0,0.0,6012.439248746022,0.0,0.0,6012.439248746022,-39.87560751253979,0.0,-0.64603674,0.027801275,-1.0025159425151817,-1.7955147920452388
2020-02-23,5.327696,0.0,12.16327166557312,0.0,0.0,6012.439248746022,0.0,0.0,6012.439248746022,-39.87560751253979,0.0,-0.6328883,0.03714621,-1.0025159027468862,-1.7389884139618108
2020-02-22,5.585769,0.0,12.47979992866516,0.0,0.0,6012.439248746022,0.0,0.0,6012.439248746022,-39.87560751253979,0.0,-0.61510545,0.04843998,-1.002515863292985,-1.6627764922044876
2020-02-21,5.9130406,0.0,12.788787450790405,0.0,0.0,6012.439248746022,0.0,0.0,6012.439248746022,-39.87560751253979,0.0,-0.59255445,0.058590174,-1.0025158241497352,-1.5626118242779767
2020-02-20,6.330723,0.0,13.09010172843933,0.0,0.0,6012.439248746022,0.0,0.0,6012.439248746022,-39.87560751253979,0.0,-0.56377345,0.070637465,-1.0025157853135063,-1.4413375038103782
2020-02-19,6.868104,0.0,13.38353922843933,0.0,0.0,6012.439248746022,0.0,0.0,6012.439248746022,-39.87560751253979,0.0,-0.52674454,0.08488464,-1.0025157467806827,-1.2955417860456293
2020-02-18,7.532335,0.0,13.669395208358765,0.0,0.0,6012.439248746022,0.0,0.0,6012.439248746022,-39.87560751253979,0.0,-0.48097488,0.09671235,-1.0025157085477363,-1.1218797919966563
2020-02-17,8.453188,0.0,13.948290586471558,0.0,0.0,6012.439248746022,0.0,0.0,6012.439248746022,-39.87560751253979,0.0,-0.4175223,0.1222533,-1.0025156706111673,-0.9280397324228327
2020-02-16,9.65947,0.0,14.22105827331543,0.0,0.0,6012.439248746022,0.0,0.0,6012.439248746022,-39.87560751253979,0.0,-0.33440194,0.14270139,-1.002515632967552,-0.6888264468344361
2020-02-15,11.274161,0.0,14.488643341064453,0.0,0.0,6012.439248746022,0.0,0.0,6012.439248746022,-39.87560751253979,0.0,-0.22313954,0.16716158,-1.0025155956135108,-0.4225743760535097
2020-02-14,13.0959425,0.0,14.751642370224,0.0,0.0,6012.439248746022,0.0,0.0,6012.439248746022,-39.87560751253979,0.0,-0.09760739,0.16158903,-1.0025155585457162,-0.13044764689303254
2020-02-13,15.097341,0.0,15.010874443054199,0.0,0.0,6012.439248746022,0.0,0.0,6012.439248746022,-39.87560751253979,0.0,0.040301498,0.15282583,-1.0025155217608683,0.13134712997703213
2020-02-12,17.231565,0.0,15.267366857528687,0.0,0.0,6012.439248746022,0.0,0.0,6012.439248746022,-39.87560751253979,0.0,0.18736298,0.14136434,-1.002515485255769,0.36418368848892585
2020-02-11,19.352142,0.0,15.521222848892211,0.0,0.0,6012.439248746022,0.0,0.0,6012.439248746022,-39.87560751253979,0.0,0.33348402,0.123063564,-1.0025154490272237,0.5696847581301222
2020-02-10,21.35196,0.0,15.772600917816161,0.0,0.0,6012.439248746022,0.0,0.0,6012.439248746022,-39.87560751253979,0.0,0.47128397,0.10333824,-1.0025154130721126,0.7433468615914937
2020-02-09,23.198624,0.0,16.021744947433472,0.0,0.0,6012.439248746022,0.0,0.0,6012.439248746022,-39.87560751253979,0.0,0.5985307,0.086486936,-1.0025153773873376,0.887027181101561
2020-02-08,24.704424,0.0,16.2686648273468,0.0,0.0,6012.439248746022,0.0,0.0,6012.439248746022,-39.87560751253979,0.0,0.7022898,0.06490898,-1.0025153419698711,1.0065519196068118
2020-02-07,25.935019,0.0,16.513061475753783,0.0,0.0,6012.439248746022,0.0,0.0,6012.439248746022,-39.87560751253979,0.0,0.78708553,0.049812675,-1.002515306816709,1.0967787881935045
2020-02-06,26.916468,0.0,16.754804220199585,0.0,0.0,6012.439248746022,0.0,0.0,6012.439248746022,-39.87560751253979,0.0,0.8547135,0.03784263,-1.0025152719249235,1.1664813274770072
2020-02-05,27.601625,0.0,16.993742713928224,0.0,0.0,6012.439248746022,0.0,0.0,6012.439248746022,-39.87560751253979,0.0,0.9019252,0.025454998,-1.002515237291592,1.2198171080147415
2020-02-04,27.924067,0.0,17.22940800666809,0.0,0.0,6012.439248746022,0.0,0.0,6012.439248746022,-39.87560751253979,0.0,0.9241434,0.011681914,-1.0025152029138642,1.256040177932498
2020-02-03,28.010666,0.0,17.461154193878173,0.0,0.0,6012.439248746022,0.0,0.0,6012.439248746022,-39.87560751253979,0.0,0.93011063,0.0031012297,-1.0025151687889204,1.2728654165866715
2020-02-02,27.891125,0.0,17.68865839958191,0.0,0.0,6012.439248746022,0.0,0.0,6012.439248746022,-39.87560751253979,0.0,0.9218735,-0.0042676926,-1.00251513491397,1.277363441926535
2020-02-01,27.598175,0.0,17.911623134613038,0.0,0.0,6012.439248746022,0.0,0.0,6012.439248746022,-39.87560751253979,0.0,0.90168744,-0.010503352,-1.0025151012862927,1.2711191012370582
2020-01-31,27.126896,0.0,18.129478492736816,0.0,0.0,6012.439248746022,0.0,0.0,6012.439248746022,-39.87560751253979,0.0,0.86921334,-0.017076433,-1.002515067903193,1.2556756229067176
2020-01-30,26.531775,0.0,18.341686506271362,0.0,0.0,6012.439248746022,0.0,0.0,6012.439248746022,-39.87560751253979,0.0,0.82820576,-0.021938443,-1.002515034761983,1.2304413500092075
2020-01-29,25.86427,0.0,18.54740651130676,0.0,0.0,6012.439248746022,0.0,0.0,6012.439248746022,-39.87560751253979,0.0,0.78221047,-0.025158703,-1.0025150018600772,1.1979261286665486
2020-01-28,25.135967,0.0,18.7456690120697,0.0,0.0,6012.439248746022,0.0,0.0,6012.439248746022,-39.87560751253979,0.0,0.73202586,-0.028158605,-1.0025149691948712,1.1605992507044627
2020-01-27,24.396223,0.0,18.935187015533447,0.0,0.0,6012.439248746022,0.0,0.0,6012.439248746022,-39.87560751253979,0.0,0.68105286,-0.029429734,-1.00251493676383,1.1188041074555106
2020-01-26,23.640825,0.0,19.11455096244812,0.0,0.0,6012.439248746022,0.0,0.0,6012.439248746022,-39.87560751253979,0.0,0.6290012,-0.030963719,-1.0025149045644512,1.075178569847631
2020-01-25,22.895863,0.0,19.281898641586302,0.0,0.0,6012.439248746022,0.0,0.0,6012.439248746022,-39.87560751253979,0.0,0.5776686,-0.031511724,-1.0025148725942312,1.029339156167389
2020-01-24,22.175379,0.0,0.0,0.0,0.0,6012.439248746022,0.0,0.0,6012.439248746022,-39.87560751253979,0.0,0.52802277,-0.031467855,-1.00251484085078,0.9827895385670599
2020-01-23,21.481739,0.0,0.0,0.0,0.0,6012.439248746022,0.0,0.0,6012.439248746022,-39.87560751253979,0.0,0.4802266,-0.031279743,-1.0025148093316498,0.936426245355519
2020-01-22,20.823744,0.0,0.0,0.0,0.0,6012.439248746022,0.0,0.0,6012.439248746022,-39.87560751253979,0.0,0.4348866,-0.03063047,-1.0025147780344865,0.8904625031760336
2020-01-21,20.200687,0.0,0.0,0.0,0.0,6012.439248746022,0.0,0.0,6012.439248746022,-39.87560751253979,0.0,0.39195412,-0.029920459,-1.0025147469569682,0.8455803721629648
2020-01-20,19.629486,0.0,0.0,0.0,0.0,6012.439248746022,0.0,0.0,6012.439248746022,-39.87560751253979,0.0,0.35259476,-0.028276324,-1.0025147160967682,0.8018583501319039
2020-01-19,19.119308,0.0,0.0,0.0,0.0,6012.439248746022,0.0,0.0,6012.439248746022,-39.87560751253979,0.0,0.31744033,-0.025990367,-1.002514685451619,0.7606649153192019
2020-01-18,18.655617,0.0,0.0,0.0,0.0,6012.439248746022,0.0,0.0,6012.439248746022,-39.87560751253979,0.0,0.28548905,-0.024252534,-1.0025146550192952,0.7229179539400387
2020-01-17,18.242853,0.0,0.0,0.0,0.0,6012.439248746022,0.0,0.0,6012.439248746022,-39.87560751253979,0.0,0.25704706,-0.022125423,-1.0025146247975762,0.6877820474651763
2020-01-16,17.88122,0.0,0.0,0.0,0.0,6012.439248746022,0.0,0.0,6012.439248746022,-39.87560751253979,0.0,0.23212825,-0.019823313,-1.0025145947842922,0.6558042300124395
2020-01-15,17.566984,0.0,0.0,0.0,0.0,6012.439248746022,0.0,0.0,6012.439248746022,-39.87560751253979,0.0,0.21047544,-0.017573476,-1.0025145649772753,0.6272166408163501
2020-01-14,17.287838,0.0,0.0,0.0,0.0,6012.439248746022,0.0,0.0,6012.439248746022,-39.87560751253979,0.0,0.19124052,-0.01589036,-1.002514535374425,0.601921586805641
2020-01-13,17.039486,0.0,0.0,0.0,0.0,6012.439248746022,0.0,0.0,6012.439248746022,-39.87560751253979,0.0,0.1741275,-0.014365733,-1.0025145059736595,0.5790825074963596
2020-01-12,16.81741,0.0,0.0,0.0,0.0,6012.439248746022,0.0,0.0,6012.439248746022,-39.87560751253979,0.0,0.15882504,-0.013033032,-1.0025144767728744,0.5584601041448488
2020-01-11,16.604425,0.0,0.0,0.0,0.0,6012.439248746022,0.0,0.0,6012.439248746022,-39.87560751253979,0.0,0.1441491,-0.012664497,-1.002514447770086,0.5397704147841614
2020-01-10,16.392208,0.0,0.0,0.0,0.0,6012.439248746022,0.0,0.0,6012.439248746022,-39.87560751253979,0.0,0.12952599,-0.012780786,-1.0025144189632444,0.5216195996377095
2020-01-09,16.187592,0.0,0.0,0.0,0.0,6012.439248746022,0.0,0.0,6012.439248746022,-39.87560751253979,0.0,0.11542663,-0.012482524,-1.0025143903504108,0.5033089671326747
2020-01-08,15.990247,0.0,0.0,0.0,0.0,6012.439248746022,0.0,0.0,6012.439248746022,-39.87560751253979,0.0,0.10182834,-0.012191117,-1.0025143619296044,0.4854352666592079
2020-01-07,15.797445,0.0,0.0,0.0,0.0,6012.439248746022,0.0,0.0,6012.439248746022,-39.87560751253979,0.0,0.08854311,-0.012057424,-1.0025143336988975,0.4679872524077866
2020-01-06,15.608332,0.0,0.0,0.0,0.0,6012.439248746022,0.0,0.0,6012.439248746022,-39.87560751253979,0.0,0.07551199,-0.011971176,-1.0025143056564054,0.4507379451795302
2020-01-05,15.42288,0.0,0.0,0.0,0.0,6012.439248746022,0.0,0.0,6012.439248746022,-39.87560751253979,0.0,0.06273322,-0.01188159,-1.0025142778002523,0.4336188070734216
2020-01-04,15.240821,0.0,0.0,0.0,0.0,6012.439248746022,0.0,0.0,6012.439248746022,-39.87560751253979,0.0,0.05018819,-0.011804521,-1.0025142501285587,0.4166343532212983
2020-01-03,15.061669,0.0,0.0,0.0,0.0,6012.439248746022,0.0,0.0,6012.439248746022,-39.87560751253979,0.0,0.037843525,-0.011754692,-1.002514222639536,0.399766448884188
2020-01-02,14.881238,0.0,0.0,0.0,0.0,6012.439248746022,0.0,0.0,6012.439248746022,-39.87560751253979,0.0,0.025410675,-0.01197952,-1.0025141953313574,0.38297554405205314
2020-01-01,14.698107,0.0,0.0,0.0,0.0,6012.439248746022,0.0,0.0,6012.439248746022,-39.87560751253979,0.0,0.012791784,-0.012306154,-1.0025141682022494,0.365868419415782
