,DateTime,P_Neg,P_Neu,P_Pos,P_Comp,Prices,ema_short,trading_positions_raw,sentiment_level,trading_positions,cash,stock,holding,total,roi_gross,roi_buy&hold,roi_daily,roi_daily_buy&hold,sharpe,sharpe_buy&hold
0,2021-01-04,0.029804785992781295,0.9002638538403235,0.0699319901890227,0.13783746823534765,128.80482482910156,128.80482482910156,0.0,pos,0,100000.0,0.0,0.0,100000.0,0.0,0.0,,,,
1,2021-01-05,0.022975999986131986,0.90714666685462,0.06988000005980333,0.1474200659749719,130.39732360839844,129.094370061701,1.302953546697438,pos,0,100000.0,0.0,0.0,100000.0,0.0,1.2363657816466151,0.0,0.01236365781646609,,
2,2021-01-06,0.02978338771090154,0.9023816499466746,0.06783767656325064,0.12675103100762986,126.0079574584961,128.53320413384557,-2.5252466753494787,pos,1,0.0,792.8078663841887,99900.09990009991,99900.09990009991,-0.09990009990008548,-2.1713995374912054,-0.0009990009990008542,-0.0336614742422493,-1.0000000000000002,-0.4627431899296468
3,2021-01-07,0.027449416397707163,0.9024007778841853,0.07014526591072132,0.14290752190563238,130.30775451660156,128.85584965798301,1.4519048586185477,pos,0,0.0,792.8078663841887,99900.09990009991,99900.09990009991,-0.09990009990008548,1.1668271662137575,0.0,0.034123218444531256,-0.9999999999999997,0.21395654849745258
4,2021-01-08,0.027365121164126566,0.9075911478448593,0.06504478409505587,0.12350711212331553,131.43246459960938,129.32432510191506,2.10813949769431,,0,0.0,792.8078663841887,99900.09990009991,99900.09990009991,-0.09990009990008548,2.0400165708032825,0.0,0.008631183057217884,-1.0,0.3785343033109146
5,2021-01-11,0.02824969479861932,0.9041214892242708,0.06762515276588582,0.12121892495874556,128.3768310546875,129.15205345696458,-0.7752224022770804,,0,0.0,792.8078663841887,99900.09990009991,99900.09990009991,-0.09990009990008548,-0.33228085592439977,0.0,-0.023248696996061358,-1.0000000000000002,-0.0289544770494496
6,2021-01-12,0.0283446993473259,0.908313701353085,0.06334035982414203,0.11793198965037194,128.19766235351562,128.97852780179204,-0.7808654482764155,,0,0.0,792.8078663841887,99900.09990009991,99900.09990009991,-0.09990009990008548,-0.4713817796744195,0.0,-0.0013956467043150234,-1.0,-0.05255776592025378
7,2021-01-13,0.023958710408917044,0.9066001132080054,0.06944400455583544,0.1547011872596788,130.27789306640625,129.2147760317219,1.0631170346843533,pos,0,0.0,792.8078663841887,99900.09990009991,99900.09990009991,-0.09990009990008548,1.1436436789220876,0.0,0.016226744502986445,-1.0,0.2099414943146977
8,2021-01-14,0.02580774964517657,0.902181072624181,0.07200447098669858,0.15607064003791055,128.3071746826172,129.04975760461193,-0.7425829219947389,pos,0,0.0,792.8078663841887,99900.09990009991,99900.09990009991,-0.09990009990008548,-0.3863598643487602,0.0,-0.015127036041214903,-1.0000000000000002,-0.03274069920098954
9,2021-01-15,0.02972391776666521,0.9109929031391699,0.059281050408030334,0.10530290869048105,126.54542541503906,128.59442447923504,-2.048999064195982,neg,0,0.0,792.8078663841887,99900.09990009991,99900.09990009991,-0.09990009990008548,-1.7541263823465265,0.0,-0.013730715152414641,-1.0,-0.24452065740310072
10,2021-01-19,0.02830798199809863,0.9039932220994708,0.06770406632420484,0.1323450291255792,127.2322006225586,128.34674741438477,-1.1145467918261716,pos,0,0.0,792.8078663841887,99900.09990009991,99900.09990009991,-0.09990009990008548,-1.2209357907434981,0.0,0.005427104182289311,-1.0,-0.16063140390828265
11,2021-01-20,0.025002929207982902,0.9003456354176154,0.07464440538824547,0.15157662460380783,131.41256713867188,128.90416918243696,2.5083979562349157,pos,0,0.0,792.8078663841887,99900.09990009991,99900.09990009991,-0.09990009990008548,2.024568810236937,0.0,0.03285619910414472,-1.0,0.30880219497533173
12,2021-01-21,0.023793163232598818,0.9040064909972962,0.07220164448432285,0.1420078745595619,136.22991943359375,130.2361237735564,5.993795660037364,pos,0,0.0,792.8078663841887,99900.09990009991,99900.09990009991,-0.09990009990008548,5.764609062078081,0.0,0.03665823139912039,-1.0,0.7363526281604347
13,2021-01-22,0.024998138645267752,0.8976849697256377,0.07731130785577904,0.16074262329476044,138.41964721679688,131.72403712687284,6.695610089924031,pos,0,0.0,792.8078663841887,99900.09990009991,99900.09990009991,-0.09990009990008548,7.464644589558096,0.0,0.016073765530416617,-1.0000000000000004,0.9308248751917849
14,2021-01-25,0.02454637828756457,0.9057994102579927,0.06964929541313465,0.1303510644608362,142.2516326904297,133.6381454111559,8.613487279273784,pos,0,0.0,792.8078663841887,99900.09990009991,99900.09990009991,-0.09990009990008548,10.43967714654274,0.0,0.02768382632583255,-1.0,1.2325500903488116
15,2021-01-26,0.025814473130543466,0.9072044681813776,0.06699368625611515,0.12970218490474486,142.4905242919922,135.24766884403522,7.24285544795697,pos,0,0.0,792.8078663841887,99900.09990009991,99900.09990009991,-0.09990009990008548,10.6251450448761,0.0,0.0016793592948236569,-0.9999999999999998,1.2529758708801833
16,2021-01-27,0.03478584777509871,0.8941375528092921,0.07107239623285659,0.09688636116376377,141.39566040039062,136.36548549064528,5.030174909745341,neg,-1,111987.492246179,0.0,0.0,111987.492246179,11.987492246178997,9.775127281136092,0.12099479738425156,-0.007683766320895624,0.991164249468515,1.1458749328911475
17,2021-01-28,0.04115333702513856,0.889799503544813,0.06904412582578313,0.09938601697386708,136.4488983154297,136.3806514587879,0.06824685664179242,neg,0,111987.492246179,0.0,0.0,111987.492246179,11.987492246178997,5.9346173534029445,0.0,-0.03498524686651039,0.9911983097776431,0.6596103848564283
18,2021-01-29,0.037623725007497506,0.8951847373786223,0.0671960711401782,0.09681450619754949,131.34288024902344,135.46469305701254,-4.121812807989102,neg,0,111987.492246179,0.0,0.0,111987.492246179,11.987492246178997,1.9704661089282725,0.0,-0.037420735011012285,0.9912283659077517,0.2392644880858243
19,2021-02-01,0.030254386007998204,0.904270285119613,0.06546271951121621,0.11663547112134677,133.51268005371094,135.10978160186679,-1.5971015481558481,,0,111987.492246179,0.0,0.0,111987.492246179,11.987492246178997,3.6550301829576375,0.0,0.016520117425273373,0.9912550847633341,0.3970638172665768
20,2021-02-02,0.02635961181380808,0.8949411759653404,0.07870103094417301,0.1723506361736903,134.3587188720703,134.97322474190378,-0.6145058698334651,pos,0,111987.492246179,0.0,0.0,111987.492246179,11.987492246178997,4.311868014523265,0.0,0.006336767549112388,0.9912789929393527,0.45870645594603976
21,2021-02-03,0.037940842864017575,0.8912714750806362,0.07078038921392549,0.15010769868713336,133.3136444091797,134.67148286322666,-1.35783845404697,pos,0,111987.492246179,0.0,0.0,111987.492246179,11.987492246178997,3.5005051915255763,0.0,-0.007778240754778953,0.9913005117769256,0.3819509450929421
22,2021-02-04,0.032163068504133904,0.8962742305699981,0.07155581082691827,0.1261071193791955,136.74749755859375,135.04894008056613,1.6985574780276238,pos,0,111987.492246179,0.0,0.0,111987.492246179,11.987492246178997,6.166440379877491,0.0,0.025757702181440134,0.9913199824090025,0.6152498412818084
23,2021-02-05,0.035158052818867594,0.8949897831950623,0.06986358184748007,0.12056610510626342,136.32383728027344,135.280739571422,1.043097708851434,,0,111987.492246179,0.0,0.0,111987.492246179,11.987492246178997,5.83752391352429,0.0,-0.00309812088618866,0.9913376839792426,0.5857110592057584
24,2021-02-08,0.04156261424140722,0.9000265081387552,0.058406307266674375,0.05515228530308623,136.47337341308594,135.49758208808817,0.9757913249977719,neg,0,111987.492246179,0.0,0.0,111987.492246179,11.987492246178997,5.953619046614921,0.0,0.001096918453850959,0.9913538471106985,0.5965346036092064
25,2021-02-09,0.027294564542585407,0.9067638811488238,0.06593980143431298,0.1290733482686488,135.57623291015625,135.51188223755508,0.06435067260116512,pos,0,111987.492246179,0.0,0.0,111987.492246179,11.987492246178997,5.257107480281893,0.0,-0.006573740213881685,0.9913686640090649,0.5330460102467524
26,2021-02-10,0.025738750003511085,0.9141387495771051,0.060115625293692576,0.11093093706062064,134.9582061767578,135.41121386286466,-0.4530076861068437,neg,0,111987.492246179,0.0,0.0,111987.492246179,11.987492246178997,4.777291033795175,0.0,-0.004558518260409206,0.9913822961423456,0.48959888461181766
27,2021-02-11,0.03145805141650372,0.9104208387686532,0.05812110971150282,0.08535980992964362,134.6990509033203,135.28172968840204,-0.5826787850817254,neg,0,111987.492246179,0.0,0.0,111987.492246179,11.987492246178997,4.576091060283819,0.0,-0.0019202631746458865,0.9913948801491379,0.47160741744198675
28,2021-02-12,0.029682828271479316,0.8990249163574643,0.071292929388959,0.137319460492393,134.93826293945312,135.21928118859313,-0.2810182491400042,pos,0,111987.492246179,0.0,0.0,111987.492246179,11.987492246178997,4.761807733902374,0.0,0.0017758999378882923,0.9914065324345597,0.488608853452074
29,2021-02-16,0.033543414130974156,0.9062575310451071,0.06020318984664092,0.10211122267078047,132.76524353027344,134.7730925234441,-2.0078489931706542,neg,0,111987.492246179,0.0,0.0,111987.492246179,11.987492246178997,3.0747440605789143,0.0,-0.016103804523960097,0.9914173527817782,0.33288182313175496
30,2021-02-17,0.03703022799366943,0.9043944498858202,0.058570862328679814,0.07712988059495172,130.4227294921875,133.98211742685197,-3.5593879346644712,neg,0,111987.492246179,0.0,0.0,111987.492246179,11.987492246178997,1.2560901078298703,0.0,-0.017644030740257666,0.9914274272166378,0.16695193367053351
31,2021-02-18,0.03410681958974091,0.9063168376522317,0.059572118294566385,0.07508473080278284,129.29632568359375,133.13015529171412,-3.833829608120368,neg,0,111987.492246179,0.0,0.0,111987.492246179,11.987492246178997,0.3815857481614618,0.0,-0.008636560613165423,0.9914368302996011,0.08781286436152168
32,2021-02-19,0.028139521312936313,0.9087069471259599,0.06315411581188632,0.11011640344185333,129.45582580566406,132.46209538515956,-3.006269579495495,neg,0,111987.492246179,0.0,0.0,111987.492246179,11.987492246178997,0.5054166079774178,0.0,0.0012336013512141975,0.9914456269742674,0.09909330591114032
33,2021-02-22,0.03886961040461992,0.8964805195238683,0.06465610404777063,0.08112119457672362,125.5981674194336,131.21410848230028,-5.615941062866682,neg,0,111987.492246179,0.0,0.0,111987.492246179,11.987492246178997,-2.4895475879281435,0.0,-0.02979903269877937,0.9914538740694266,-0.16629329627819064
34,2021-02-23,0.03593726931655319,0.8963800733489744,0.06768044288445443,0.07510346828090418,125.45861053466795,130.16765431000348,-4.70904377533553,neg,0,111987.492246179,0.0,0.0,111987.492246179,11.987492246178997,-2.5978951478513093,0.0,-0.0011111379061733428,0.9914616215281112,-0.1761376393308773
35,2021-02-24,0.03270487414985241,0.8979405464976626,0.06935725781924915,0.12036057782918613,124.95023345947266,129.2190323371797,-4.268798877707042,,0,111987.492246179,0.0,0.0,111987.492246179,11.987492246178997,-2.992583061032988,0.0,-0.004052149733117072,0.9914689134198461,-0.21176002879269634
36,2021-02-25,0.03441679542082938,0.9002426586956906,0.06534209177435396,0.0881175675449736,120.60414123535156,127.65268850048366,-7.0485472651321,neg,0,111987.492246179,0.0,0.0,111987.492246179,11.987492246178997,-6.366751870227438,0.0,-0.03478258586472138,0.9914757887794158,-0.49596904431066424
37,2021-02-26,0.03867563367973044,0.8910553544158462,0.07026590803417436,0.0860884633508838,120.87328338623048,126.42006938880125,-5.546786002570769,neg,0,111987.492246179,0.0,0.0,111987.492246179,11.987492246178997,-6.157798400327519,0.0,0.0022316161627793374,0.9914822823059002,-0.4770980719975932
38,2021-03-01,0.022917570530107637,0.9100555320429957,0.06702646423624162,0.1319021254183963,127.38246154785156,126.59504978135584,0.7874117664957225,pos,0,111987.492246179,0.0,0.0,111987.492246179,11.987492246178997,-1.1042779516506418,0.0,0.05385125628483256,0.9914884249483814,-0.021262156484415068
39,2021-03-02,0.02587721455289266,0.9080794132658819,0.0660445937623993,0.12617605327979578,124.7209701538086,126.2543080308927,-1.533337877084108,pos,1,-1.4551915228366852e-11,897.0072674353162,111875.61662954948,111875.61662954946,11.875616629549462,-3.1705758543683698,-0.0009990009990008542,-0.020893703589195955,0.9829945859061004,-0.17863128380749177
40,2021-03-03,0.032598242313324546,0.9058644064776342,0.06153546775207719,0.09536691736348081,121.67072296142578,125.42092892735326,-3.750205965927478,neg,0,-1.4551915228366852e-11,897.0072674353162,111875.61662954948,111875.61662954946,11.875616629549462,-5.538691487016359,0.0,-0.024456570443776915,0.9830054829293601,-0.3575109235821089
41,2021-03-04,0.03535767521855403,0.9004942868487845,0.06415052176395342,0.08828430146999543,119.74687957763672,124.38928359104115,-4.64240401340443,neg,0,-1.4551915228366852e-11,897.0072674353162,111875.61662954948,111875.61662954946,11.875616629549462,-7.032302759995939,0.0,-0.015811884214734118,0.9830158354371348,-0.4723254031955176
42,2021-03-05,0.03431561145141051,0.8953446106757444,0.07033929444665837,0.12571710933570615,121.03276824951172,123.77900807439943,-2.7462398248877093,pos,1,-1.4551915228366852e-11,897.0072674353162,108567.2727176264,108567.27271762639,8.567272717626388,-6.033979386953726,-0.029571626164778153,0.010738389813667704,0.7136992516582847,-0.39151293103723434
43,2021-03-08,0.04738815789482087,0.8912659773981213,0.06133458655698687,0.06390667272654198,115.98890686035156,122.36262603548163,-6.373719175130063,neg,0,-1.4551915228366852e-11,897.0072674353162,108567.2727176264,108567.27271762639,8.567272717626388,-9.949874149321797,0.0,-0.04167351918087281,0.7137985253932769,-0.6693753217477646
44,2021-03-09,0.03136141584018024,0.8979257227386815,0.07070737793867068,0.1261540871231463,120.70381927490234,122.06102480628539,-1.3572055313830447,pos,0,-1.4551915228366852e-11,897.0072674353162,108567.2727176264,108567.27271762639,8.567272717626388,-6.2893649868688115,0.0,0.04064968402734803,0.7138932203363432,-0.366316083740139
45,2021-03-10,0.03419123092401582,0.9016365559562073,0.06417538305745513,0.1180728463697352,119.59737396240234,121.61308828921574,-2.015714326813395,,0,-1.4551915228366852e-11,897.0072674353162,108567.2727176264,108567.27271762639,8.567272717626388,-7.148374200202266,0.0,-0.009166613941022694,0.7139836461297746,-0.4277296008139742
46,2021-03-11,0.029651232882527724,0.9053343356515869,0.06500962115174592,0.1289637999657275,121.571044921875,121.60544404060832,-0.0343991187333188,pos,0,-1.4551915228366852e-11,897.0072674353162,108567.2727176264,108567.27271762639,8.567272717626388,-5.616078370374987,0.0,0.016502627892926114,0.7140700851115971,-0.31418301358770123
47,2021-03-12,0.031800818513941634,0.9059870394117022,0.0622060028874248,0.11065743489910075,120.64401245117188,121.43063829707441,-0.7866258459025346,neg,0,-1.4551915228366852e-11,897.0072674353162,108567.2727176264,108567.27271762639,8.567272717626388,-6.335797116883987,0.0,-0.007625438041590105,0.7141527952602946,-0.364999136346268
48,2021-03-15,0.02456359386817925,0.9048862311219669,0.07055250889770556,0.13733687210076054,123.59457397460938,121.82408114753531,1.7704928270740652,pos,0,-1.4551915228366852e-11,897.0072674353162,108567.2727176264,108567.27271762639,8.567272717626388,-4.045074290815702,0.0,0.024456758885001983,0.7142320127664656,-0.1984183655630901
49,2021-03-16,0.023825419681678287,0.9096306962146462,0.06654676263191574,0.12448244550839352,125.1695327758789,122.43234507996142,2.737187695917484,pos,0,-1.4551915228366852e-11,897.0072674353162,108567.2727176264,108567.27271762639,8.567272717626388,-2.822325994422932,0.0,0.01274294453729885,0.7143079542854331,-0.11390044300085914
50,2021-03-17,0.03316696481551524,0.8966022659321946,0.07023196199383491,0.12569397685871075,124.36212158203124,122.7832135348832,1.5789080471480332,pos,0,-1.4551915228366852e-11,897.0072674353162,108567.2727176264,108567.27271762639,8.567272717626388,-3.4491745576805157,0.0,-0.006450540925908688,0.7143808189160382,-0.15622368326141986
51,2021-03-18,0.032853264401353166,0.9036360700899505,0.06350743377120092,0.1115063990116524,120.1456069946289,122.30364870938243,-2.158041714753523,neg,0,-1.4551915228366852e-11,897.0072674353162,108567.2727176264,108567.27271762639,8.567272717626388,-6.722743380119277,0.0,-0.033905135532936725,0.7144507899436796,-0.3702800556665387
52,2021-03-19,0.03205780727894005,0.901940863215646,0.06600132894723915,0.12877355465708776,119.60733032226562,121.8134090026339,-2.206078680368279,pos,1,-1.4551915228366852e-11,897.0072674353162,107288.64453760872,107288.6445376087,7.2886445376087075,-7.1406443966980175,-0.011777289306541538,-0.004480202695944957,0.6168815939734769,-0.3990267678145634
53,2021-03-22,0.025937740717307978,0.909994222730666,0.06407060339300868,0.12304999943181814,122.99649047851562,122.02851472552149,0.9679757529941355,,0,-1.4551915228366852e-11,897.0072674353162,107288.64453760872,107288.6445376087,7.2886445376087075,-4.509407437409619,0.0,0.02833572279490193,0.6169522665607269,-0.21336119106869683
54,2021-03-23,0.03021205189651337,0.9062433249617605,0.06354996189901294,0.11911868791626574,122.14920043945312,122.05045758259996,0.09874285685316408,,0,-1.4551915228366852e-11,897.0072674353162,107288.64453760872,107288.6445376087,7.2886445376087075,-5.1672166772317185,0.0,-0.006888733457077745,0.6170202951950484,-0.25666420701673115
55,2021-03-24,0.034855653434011966,0.9011780277384503,0.06395749813027878,0.10379510795893244,119.7070083618164,121.62437590609385,-1.9173675442774396,neg,0,-1.4551915228366852e-11,897.0072674353162,107288.64453760872,107288.6445376087,7.2886445376087075,-7.06325751333939,0.0,-0.019993516689839175,0.6170858255237619,-0.37999498084048317
56,2021-03-25,0.030005878094832832,0.90585966189279,0.06414180758089637,0.10404599526613775,120.20541381835938,121.36638279923302,-1.1609689808736476,neg,0,-1.4551915228366852e-11,897.0072674353162,107288.64453760872,107288.6445376087,7.2886445376087075,-6.6763112501041,0.0,0.004163544502227667,0.6171489926893055,-0.3537982358021116
57,2021-03-26,0.03079899504502643,0.9097709981811535,0.059432160910232325,0.10677602284083816,120.8234405517578,121.26766602696479,-0.4442254752069914,neg,0,-1.4551915228366852e-11,897.0072674353162,107288.64453760872,107288.6445376087,7.2886445376087075,-6.1964948036173935,0.0,0.005141421785979761,0.6172099222595564,-0.3214393612514789
58,2021-03-29,0.02731014740441464,0.9042765953975886,0.0684026187551002,0.14720409106899132,121.00286102294922,121.21951966259832,-0.21665863964909704,pos,0,-1.4551915228366852e-11,897.0072674353162,107288.64453760872,107288.6445376087,7.2886445376087075,-6.057198413571853,0.0,0.001484980649218981,0.6172687310610061,-0.3121658658198659
59,2021-03-30,0.03344217695194442,0.9065829935325246,0.05998367357644297,0.11414285696485416,119.51761627197266,120.91008268248456,-1.3924664105119007,neg,0,-1.4551915228366852e-11,897.0072674353162,107288.64453760872,107288.6445376087,7.2886445376087075,-7.21029555333132,0.0,-0.01227445978070607,0.6173255279264075,-0.38800131483296424
60,2021-03-31,0.021442035489212887,0.9122526548670984,0.06630044257911169,0.14275141514804773,121.76044464111328,121.06469394768978,0.6957506934235056,pos,0,-1.4551915228366852e-11,897.0072674353162,107288.64453760872,107288.6445376087,7.2886445376087075,-5.469034407161979,0.0,0.018765671865784928,0.6173804143669971,-0.26891040418662787
61,2021-04-01,0.025199513396343392,0.907291970983909,0.06750121668157895,0.1332226273662653,122.60772705078124,121.34524542097913,1.2624816298021102,pos,0,-1.4551915228366852e-11,897.0072674353162,107288.64453760872,107288.6445376087,7.2886445376087075,-4.811231090560968,0.0,0.006958601474931436,0.6174334851779808,-0.22559315041815198
62,2021-04-05,0.02415375920078928,0.9064997173993179,0.06934991522827447,0.15326449910674714,125.4984893798828,122.10038068623433,3.3981086936484672,pos,0,-1.4551915228366852e-11,897.0072674353162,107288.64453760872,107288.6445376087,7.2886445376087075,-2.5669344712867823,0.0,0.023577325823064044,0.6174848289849258,-0.07886099622066824
63,2021-04-06,0.02592283161119463,0.9118309948517351,0.06223660717095838,0.13259623663862857,125.8074951171875,122.77440149186216,3.0330936253253356,pos,0,-1.4551915228366852e-11,897.0072674353162,107288.64453760872,107288.6445376087,7.2886445376087075,-2.327032171264488,0.0,0.002462226747362184,0.6175345287376571,-0.06379334735419354
64,2021-04-07,0.026036737319708316,0.909240348791126,0.0647266501372919,0.14175193023590713,127.49210357666016,123.63216550727998,3.8599380693801777,pos,0,-1.4551915228366852e-11,897.0072674353162,107288.64453760872,107288.6445376087,7.2886445376087075,-1.0191553415666896,0.0,0.013390366431693668,0.617582662157455,0.01808796294774764
65,2021-04-08,0.028404275091281888,0.9070311338124887,0.06457016742909431,0.11382513912308088,129.9442596435547,124.77981898660263,5.164440656952053,neg,-1,116444.38431650844,0.0,0.0,116444.38431650844,16.44438431650844,0.8846212212663065,0.08533745410205373,0.019233787804121327,1.077490734000174,0.1344976445806073
66,2021-04-09,0.026702369235066175,0.8989471871210933,0.07434649563781542,0.14771135154695997,132.57583618164062,126.19727665842771,6.378559523212914,pos,0,116444.38431650844,0.0,0.0,116444.38431650844,16.44438431650844,2.927694174144832,0.0,0.02025157975661651,1.0774702066309336,0.2553729340747894
67,2021-04-12,0.026562328798670883,0.9107746569465285,0.06265821927673604,0.12955760268561464,130.8214569091797,127.03803670401898,3.7834202051607093,pos,0,116444.38431650844,0.0,0.0,116444.38431650844,16.44438431650844,1.5656494877065323,0.0,-0.013233024380530978,1.0774503024235607,0.1751776231415469
68,2021-04-13,0.02385053554406533,0.91289386572543,0.0632526777945858,0.11614741918566512,134.0012664794922,128.30407848137773,5.697187998114458,,0,116444.38431650844,0.0,0.0,116444.38431650844,16.44438431650844,4.0343532606680474,0.0,0.024306483396833167,1.0774309934257718,0.3177061343208841
69,2021-04-14,0.027506188912383895,0.9152442999111324,0.05724951154173197,0.09627120490231421,131.6089324951172,128.90496102933037,2.7039714657868217,neg,-1,116444.38431650844,0.0,0.0,116444.38431650844,16.44438431650844,2.1770206742923794,0.0,-0.017853069953940537,1.0774122533324073,0.21047354392987028
70,2021-04-15,0.027209404903867068,0.9053497435107641,0.0674430565945503,0.1272265238948796,134.07106018066406,129.84425178411828,4.226808396545778,pos,0,116444.38431650844,0.0,0.0,116444.38431650844,16.44438431650844,4.088538887071777,0.0,0.018707907122020195,1.0773940573658747,0.31905748143386975
71,2021-04-16,0.027994052722999475,0.9023797794378908,0.06961937163249861,0.14007858883592672,133.73214721679688,130.55114186278712,3.1810053540097556,pos,0,116444.38431650844,0.0,0.0,116444.38431650844,16.44438431650844,3.825417560431367,0.0,-0.0025278606987256813,1.0773763821668496,0.3041997192150938
72,2021-04-19,0.022787406479712214,0.9163971319794655,0.060815461436309795,0.12230137085653563,134.4099578857422,131.25274477605168,3.1572131096905025,,0,116444.38431650844,0.0,0.0,116444.38431650844,16.44438431650844,4.351648367270034,0.0,0.005068419845577488,1.0773592056942296,0.33385990770533563
73,2021-04-20,0.02774699644478492,0.9079445231824376,0.06431201420816537,0.11238081249023389,132.6855010986328,131.5132459256119,1.1722551730209148,neg,0,116444.38431650844,0.0,0.0,116444.38431650844,16.44438431650844,3.0128345538920125,0.0,-0.012829829085842626,1.0773425071334364,0.2578106911608067
74,2021-04-21,0.03008576437326685,0.9092327891354521,0.0606907818883727,0.10239235659824335,133.07423400878906,131.797061940735,1.2771720680540568,neg,0,116444.38431650844,0.0,0.0,116444.38431650844,16.44438431650844,3.3146345141590454,0.0,0.002929731635616273,1.0773262668122792,0.27494229413897225
75,2021-04-22,0.02796675352260684,0.9035919160622196,0.06843807042431878,0.12936675269460254,131.51922607421875,131.74654632864113,-0.22732025442238069,pos,0,116444.38431650844,0.0,0.0,116444.38431650844,16.44438431650844,2.1073754408801526,0.0,-0.01168526684487703,1.0773104661236328,0.20609870475864414
76,2021-04-23,0.027231225438357105,0.9013069829607827,0.07146969692700583,0.1683888660059145,133.89163208007812,132.13656191981147,1.755070160266655,pos,0,116444.38431650844,0.0,0.0,116444.38431650844,16.44438431650844,3.9492365738051713,0.0,0.018038472979764908,1.0772950874543297,0.3097190985753204
77,2021-04-26,0.020987228634333093,0.9149770110832879,0.06403065147572196,0.14472864940831903,134.2903594970703,132.52816147931307,1.7621980177572425,pos,0,116444.38431650844,0.0,0.0,116444.38431650844,16.44438431650844,4.258795953681833,0.0,0.0029779860832057636,1.0772801141196584,0.32699991608513146
78,2021-04-27,0.024418578070904546,0.9087069954107935,0.06687557352535906,0.1519378429410099,133.96139526367188,132.78874944010556,1.172645823566313,pos,0,116444.38431650844,0.0,0.0,116444.38431650844,16.44438431650844,4.0033985073245955,0.0,-0.0024496489147131095,1.0772655303029832,0.31275787720990794
79,2021-04-28,0.03188981906304397,0.893814027356616,0.07429479653630995,0.12453674122762795,133.15399169921875,132.85515712358068,0.29883457563806815,pos,0,116444.38431650844,0.0,0.0,116444.38431650844,16.44438431650844,3.3765558672880993,0.0,-0.0060271361227907105,1.0772513210000156,0.27759786557827165
80,2021-04-29,0.03792768489585509,0.8912617376348616,0.07081543459897259,0.1130826219276028,133.05430603027344,132.89136601570664,0.16294001456680007,neg,0,116444.38431650844,0.0,0.0,116444.38431650844,16.44438431650844,3.299163060708396,0.0,-0.0007486494972714919,1.077237471967319,0.27327029049646684
81,2021-04-30,0.03499746970127258,0.8976786434650421,0.06732540491210516,0.11800242829256029,131.04075622558594,132.55489150841197,-1.5141352828260324,,0,116444.38431650844,0.0,0.0,116444.38431650844,16.44438431650844,1.7359065543165888,0.0,-0.015133293049751861,1.077223969674689,0.18476376859855656
82,2021-05-03,0.031903102922987925,0.9073669023012817,0.06073924889874218,0.09563990145281391,132.11729431152344,132.47532838170494,-0.35803407018150324,neg,0,116444.38431650844,0.0,0.0,116444.38431650844,16.44438431650844,2.5716967410319174,0.0,0.008215292073591618,1.077210801261061,0.23199050751895867
83,2021-05-04,0.038091717534318045,0.8983613121602322,0.06354252380806084,0.0805084487775847,127.4422607421875,131.56022517451993,-4.117964432332428,neg,0,116444.38431650844,0.0,0.0,116444.38431650844,16.44438431650844,-1.0578517448565412,0.0,-0.035385477682524535,1.0771979544936452,0.027246618770181447
84,2021-05-05,0.029203515909133608,0.9119634890451553,0.058840432885009106,0.10175909347671,127.69147491455078,130.85681603634373,-3.165341121792949,neg,0,116444.38431650844,0.0,0.0,116444.38431650844,16.44438431650844,-0.8643697284072827,0.0,0.0019555065243814784,1.0771854177300306,0.03829670484528799
85,2021-05-06,0.03148660721074391,0.9031755952386274,0.06533556558202863,0.11220424074062543,129.32623291015625,130.57852819521872,-1.2522952850624733,neg,0,116444.38431650844,0.0,0.0,116444.38431650844,16.44438431650844,0.4048047747795881,0.0,0.012802405146462803,1.0771731798829873,0.11036028051226421
86,2021-05-07,0.02571228841310086,0.9095415747871813,0.06473804268824256,0.12238167660606229,130.0152130126953,130.47610725294174,-0.4608942402464322,,0,116444.38431650844,0.0,0.0,116444.38431650844,16.44438431650844,0.9397071772735959,0.0,0.0053274582196922715,1.0771612303877744,0.1403397581682425
87,2021-05-10,0.03510418446157144,0.8963356105170119,0.06855508107548845,0.12105388514221153,126.66022491455078,129.7823104641434,-3.1220855495926116,,0,116444.38431650844,0.0,0.0,116444.38431650844,16.44438431650844,-1.6649996748151628,0.0,-0.025804581020968165,1.0771495591717055,-0.0050017552351135875
88,2021-05-11,0.02981393863363644,0.9081214832718415,0.06206202053981821,0.10578260850994979,125.72164154052734,129.04400702348593,-3.3223654829585882,neg,0,116444.38431650844,0.0,0.0,116444.38431650844,16.44438431650844,-2.3936861780333083,0.0,-0.007410245597279208,1.0771381566258422,-0.046276839247655924
89,2021-05-12,0.03175301218113626,0.9092281625258276,0.05902409634597779,0.09545331277831244,122.58633422851562,127.86988469712769,-5.283550468612063,neg,0,116444.38431650844,0.0,0.0,116444.38431650844,16.44438431650844,-4.827839802458208,0.0,-0.024938485320373682,1.0771270135786088,-0.18346059969833575
90,2021-05-13,0.033629830653889706,0.8983138987472502,0.06805355946265035,0.10987918575625803,124.78304290771484,127.30864073541625,-2.5255978277014037,neg,0,116444.38431650844,0.0,0.0,116444.38431650844,16.44438431650844,-3.1223845276936055,0.0,0.01791968650522091,1.0771161212711793,-0.08415219670420516
91,2021-05-14,0.026795088968836686,0.9078712959243118,0.06533192209016207,0.13033412266179611,127.25933074951172,127.2996752834336,-0.040344533921881975,pos,0,116444.38431650844,0.0,0.0,116444.38431650844,16.44438431650844,-1.199872816597055,0.0,0.019844746402187363,1.0771054713345283,0.024662940822746907
92,2021-05-17,0.030596153818407287,0.9034974918666492,0.06590719068778,0.13892065146299434,126.08109283447266,127.07811483816798,-0.9970220036953208,pos,0,116444.38431650844,0.0,0.0,116444.38431650844,16.44438431650844,-2.114619540256165,0.0,-0.009258558159151553,1.0770950557679788,-0.02584036621450467
93,2021-05-18,0.02814979765730107,0.9106874491763018,0.0611627531467903,0.12321716547766437,124.66322326660156,126.63904364333771,-1.9758203767361522,,0,116444.38431650844,0.0,0.0,116444.38431650844,16.44438431650844,-3.215408714693012,0.0,-0.01124569541709608,1.0770848669191537,-0.08698956749058577
94,2021-05-19,0.02847434024809917,0.8973922289449099,0.0741275662059221,0.13190403140130894,124.5034637451172,126.2507563891158,-1.7472926439985912,pos,1,0.0,934.335903283738,116328.05626024821,116328.05626024821,16.328056260248207,-3.3394409640255427,-0.0009990009990008542,-0.0012815288847674022,1.070367924145301,-0.09396697834541104
95,2021-05-20,0.027121546956833272,0.9060781372515536,0.06680347290751543,0.12981168042365593,127.11953735351562,126.4087165644612,0.7108207890544236,pos,0,0.0,934.335903283738,116328.05626024821,116328.05626024821,16.328056260248207,-1.3084039963735672,0.0,0.0210120548433419,1.070359100170019,0.020245681991857674
96,2021-05-21,0.030834090900184078,0.8988113635642963,0.0703553032666219,0.13472159011995025,125.24235534667967,126.19665088850091,-0.9542955418212387,pos,0,0.0,934.335903283738,116328.05626024821,116328.05626024821,16.328056260248207,-2.765788849252021,0.0,-0.014767061349630017,1.0703504621740212,-0.05940377710834489
97,2021-05-24,0.026350590416469647,0.9082152586596105,0.06542960945499907,0.13210817364376076,126.90985107421876,126.32632364954051,0.5835274246782518,pos,0,0.0,934.335903283738,116328.05626024821,116328.05626024821,16.328056260248207,-1.4711978044277862,0.0,0.013314151773362592,1.0703420043389111,0.012320326990911042
98,2021-05-25,0.027340753424963723,0.9107217457247515,0.06193407546339735,0.12198578704994535,126.7101593017578,126.39611194994364,0.31404735181415333,,0,0.0,934.335903283738,116328.05626024821,116328.05626024821,16.328056260248207,-1.6262321928724097,0.0,-0.0015734930800933578,1.0703337210864936,0.0038618287660963486
99,2021-05-26,0.030721271355934714,0.909318663355968,0.05995762027411463,0.10717302329303922,126.66022491455078,126.44413248896312,0.21609242558766084,neg,0,0.0,934.335903283738,116328.05626024821,116328.05626024821,16.328056260248207,-1.6649996748151628,0.0,-0.0003940835327032044,1.070325607066501,0.0017434225676914155
100,2021-05-27,0.036908502044224065,0.9014526312409142,0.06162995962418525,0.10453408872029982,125.0925750732422,126.19839477701386,-1.1058197037716582,neg,0,0.0,934.335903283738,116328.05626024821,116328.05626024821,16.328056260248207,-2.8820735254170637,0.0,-0.012376812392099978,1.0703176571450814,-0.06465473515819233
101,2021-05-28,0.03304031613934417,0.9030837942724642,0.06387351795206428,0.11326561182417093,124.423583984375,125.87570190562496,-1.4521179212499646,neg,0,0.0,934.335903283738,116328.05626024821,116328.05626024821,16.328056260248207,-3.4014570886918247,0.0,-0.005347968002701209,1.0703098663939565,-0.0933114546425588
