Asset A,Asset B,Normal SDD,SDD,Dummy Same Sector
ADA,AION,inf,60339.65899854034,0
ADA,ALGO,inf,48825.18991910095,0
ADA,ATOM,0.0,41820.043565832064,0
ADA,BAND,inf,20793.07459988745,0
ADA,BAT,0.0,52969.240325843,0
ADA,BCH,inf,65972.74523837518,0
ADA,BNB,inf,15707.321771362718,0
ADA,BNT,inf,6255.94725122053,0
ADA,BTC,0.0,44352.189638212316,0
ADA,BTS,inf,56745.72106434737,0
ADA,BTT,0.0,29253.6100022422,0
ADA,BUSD,inf,73977.98343470802,0
ADA,CTXC,inf,63399.16215371714,0
ADA,CVC,0.0,5443.6858711768045,0
ADA,DASH,inf,64827.62679853149,0
ADA,DATA,inf,64096.31455325168,0
ADA,DENT,inf,191799.65924990227,0
ADA,DOGE,0.0,134112.25542043807,0
ADA,ENJ,0.0,23133.32634713291,0
ADA,EOS,inf,69791.29474709558,0
ADA,ETC,inf,64725.430448015846,0
ADA,ETH,0.0,34668.12643307797,0
ADA,FTT,inf,26030.170237976476,0
ADA,FUN,inf,10811.493008258294,0
ADA,GTO,0.0,38604.78961352707,0
ADA,HBAR,inf,45689.40831898552,0
ADA,ICX,0.0,41960.92203514412,0
ADA,IOST,0.0,21131.71878148213,0
ADA,IOTA,0.0,38273.13446431608,0
ADA,IOTX,0.0,21523.93446274258,0
ADA,LINK,inf,41244.427685415074,0
ADA,LSK,inf,59343.875086350155,0
ADA,LTC,inf,54877.882233761135,0
ADA,MATIC,inf,11016.855570523063,0
ADA,MITH,inf,26841.279682181215,0
ADA,NANO,0.0,35732.420587238266,0
ADA,NEO,0.0,48117.219734744416,0
ADA,NULS,inf,57460.22155468979,0
ADA,OMG,0.0,33246.69024477214,0
ADA,ONT,inf,62743.72742682201,0
ADA,QTUM,0.0,48930.98801694378,0
ADA,RLC,0.0,45108.00061121602,0
ADA,STX,inf,24762.321178632028,0
ADA,THETA,0.0,363339.6382425871,0
ADA,TRX,0.0,51657.640331429175,0
ADA,TUSD,inf,73980.15665154449,0
ADA,VET,0.0,16944.485799081467,0
ADA,WAN,0.0,37466.32059807044,0
ADA,WAVES,inf,30956.653805069727,0
ADA,WTC,inf,56382.553722333556,0
ADA,XLM,0.0,41992.43006124401,0
ADA,XMR,0.0,57675.03063047404,0
ADA,XRP,inf,60509.99523795534,0
ADA,XTZ,inf,69118.47409973144,0
ADA,ZEC,inf,61590.025475137125,0
ADA,ZIL,0.0,11889.32587991325,0
ADA,ZRX,0.0,38370.09670281795,0
AION,ALGO,195045167.8229008,895.978125295737,0
AION,ATOM,inf,2057.1301658469733,0
AION,BAND,36639678.17148495,54920.2097400411,0
AION,BAT,inf,299.13018919264056,0
AION,BCH,24726.269287885203,353.1323243743881,0
AION,BNB,16999645.74894535,21660.7651797818,0
AION,BNT,26546948.658639006,77467.58059697608,0
AION,BTC,inf,1843.776989341302,0
AION,BTS,11657.427361645754,134.42669725422763,0
AION,BTT,inf,23610.417982981835,0
AION,BUSD,64306.223657005066,898.3211074897339,0
AION,CTXC,24454.562804624744,97.27772629293665,0
AION,CVC,inf,36532.166916646005,0
AION,DASH,34317.548887287754,274.1560969461076,0
AION,DATA,28409.79423710436,130.30823550811238,0
AION,DENT,3147615848.035802,349564.7960161036,0
AION,DOGE,inf,249286.56872497904,0
AION,ENJ,inf,14839.80210453535,0
AION,EOS,36449.53663274299,486.371038990368,0
AION,ETC,18416.474276028734,261.7392810627827,0
AION,ETH,inf,4740.853653157773,0
AION,FTT,1198707226.9062822,7785.098631906384,0
AION,FUN,12366757737.377928,27514.36357170232,0
AION,GTO,inf,4851.968418127814,0
AION,HBAR,66776.88283915474,1400.2904211585428,0
AION,ICX,inf,1806.1776961990968,0
AION,IOST,inf,11002.830065165834,0
AION,IOTA,inf,2714.1100979779962,0
AION,IOTX,inf,11490.299387991432,0
AION,LINK,7682494.202034277,3040.420729580291,0
AION,LSK,355548.9477311414,46.30965991105797,0
AION,LTC,4120742.3336503594,524.3392180995689,0
AION,MATIC,19677269.194683746,30183.70644772106,0
AION,MITH,401172752.0789319,20588.43322777786,0
AION,NANO,inf,4461.15633957703,0
AION,NEO,inf,1217.0844278942768,0
AION,NULS,1488135.0967675203,127.96175875879169,0
AION,OMG,inf,8921.811012493969,0
AION,ONT,3017623.9313859944,92.4659497601938,0
AION,QTUM,inf,982.1855715333936,0
AION,RLC,inf,2286.328964157493,0
AION,STX,37185747.867580354,10020.113541289902,0
AION,THETA,inf,664873.4508386293,0
AION,TRX,inf,676.2302730417792,0
AION,TUSD,65435.61360473945,898.5524595117658,0
AION,VET,inf,44685.28935450185,0
AION,WAN,inf,3284.4306585319573,0
AION,WAVES,2085790.0383818839,7711.258073397449,0
AION,WTC,3828.0315127823287,111.89420503660726,0
AION,XLM,inf,2367.2275364207567,0
AION,XMR,inf,350.2624146332639,0
AION,XRP,81306.59749485417,315.4682923134078,0
AION,XTZ,46466.92485153268,426.3570378400995,0
AION,ZEC,12938.122872147165,159.10670806847358,0
AION,ZIL,inf,104794.0651688594,0
AION,ZRX,inf,2968.786380323905,0
ALGO,ATOM,inf,345.8095269388975,0
ALGO,BAND,76149094.53029944,43714.876618184906,0
ALGO,BAT,inf,415.75926917090464,0
ALGO,BCH,197429492.28171337,1454.8333386690183,0
ALGO,BNB,109544601.71126267,16744.363216453992,0
ALGO,BNT,84672895.22464687,65111.550511134046,0
ALGO,BTC,inf,431.85326643041,0
ALGO,BTS,192815260.01162624,522.0886963850922,0
ALGO,BTT,inf,20713.418449064222,0
ALGO,BUSD,201344479.27838078,2816.0359611616195,0
ALGO,CTXC,198725834.36682257,1158.2247703432856,0
ALGO,CVC,inf,28057.2599810062,0
ALGO,DASH,199112476.32169104,1339.064072738065,0
ALGO,DATA,199051738.8944108,1260.439055235178,0
ALGO,DENT,2159565879.38859,335555.96984084445,0
ALGO,DOGE,inf,233299.43606506672,0
ALGO,ENJ,inf,11625.251020780828,0
ALGO,EOS,199539159.75763166,2042.688356158895,0
ALGO,ETC,196753166.2474578,1374.6640659284637,0
ALGO,ETH,inf,1854.9002356073775,0
ALGO,FTT,487846675.9062951,4640.203475675354,0
ALGO,FUN,9573348028.626137,19641.3085375347,0
ALGO,GTO,inf,3590.221593943023,0
ALGO,HBAR,189352528.83644843,834.9381548876293,0
ALGO,ICX,inf,456.2237455151887,0
ALGO,IOST,inf,6858.553844371905,0
ALGO,IOTA,inf,959.5102047949083,0
ALGO,IOTX,inf,7420.117566178051,0
ALGO,LINK,128986837.41344301,873.7168405187662,0
ALGO,LSK,179981827.6051091,740.5953815871973,0
ALGO,LTC,146100373.92194888,377.99340492798075,0
ALGO,MATIC,104772363.57221542,24287.84246714352,0
ALGO,MITH,145746605.67346904,17418.269939857182,0
ALGO,NANO,inf,1759.238273404387,0
ALGO,NEO,inf,480.0021734902056,0
ALGO,NULS,165750584.8004966,616.5596485435386,0
ALGO,OMG,inf,5330.390256720627,0
ALGO,ONT,152703890.25215203,1009.5650666531632,0
ALGO,QTUM,inf,547.5611948119961,0
ALGO,RLC,inf,823.3163994132578,0
ALGO,STX,76123703.6548681,6611.547557004956,0
ALGO,THETA,inf,634553.4981554534,0
ALGO,TRX,inf,519.6881074533563,0
ALGO,TUSD,201413464.81759843,2816.501698027554,0
ALGO,VET,inf,37476.795739532834,0
ALGO,WAN,inf,1608.8532619970947,0
ALGO,WAVES,160538917.12138078,4100.863375436194,0
ALGO,WTC,195516370.97734737,506.6159515626005,0
ALGO,XLM,inf,563.5201836454199,0
ALGO,XMR,inf,569.5766141462302,0
ALGO,XRP,190792413.5859139,1029.6179131309927,0
ALGO,XTZ,200260395.38759267,1910.3986790703734,0
ALGO,ZEC,196107051.41850293,866.4238402973565,0
ALGO,ZIL,inf,89832.02487207588,0
ALGO,ZRX,inf,841.3583887118668,0
ATOM,BAND,inf,38449.91020502094,0
ATOM,BAT,0.0,1061.3687573239258,0
ATOM,BCH,inf,2939.601504288359,0
ATOM,BNB,inf,13370.42036450058,0
ATOM,BNT,inf,57283.56209910893,0
ATOM,BTC,0.0,333.1578140197591,0
ATOM,BTS,inf,1449.6226327634952,0
ATOM,BTT,0.0,18452.11236755944,0
ATOM,BUSD,inf,4794.813572700102,0
ATOM,CTXC,inf,2523.3861521206645,0
ATOM,CVC,0.0,23014.0445023543,0
ATOM,DASH,inf,2738.7257058495957,0
ATOM,DATA,inf,2669.9694425858734,0
ATOM,DENT,inf,323192.84007277456,0
ATOM,DOGE,0.0,223247.01703654672,0
ATOM,ENJ,0.0,9378.98375369769,0
ATOM,EOS,inf,3780.5478082750196,0
ATOM,ETC,inf,2800.3349672299732,0
ATOM,ETH,0.0,947.0542604930507,0
ATOM,FTT,inf,2931.9964061853284,0
ATOM,FUN,inf,15844.401407947465,0
ATOM,GTO,0.0,3084.58030697659,0
ATOM,HBAR,inf,943.8188340044439,0
ATOM,ICX,0.0,235.4044535743283,0
ATOM,IOST,0.0,4569.149883646062,0
ATOM,IOTA,0.0,422.3283982836452,0
ATOM,IOTX,0.0,5161.033378597956,0
ATOM,LINK,inf,463.2135520881965,0
ATOM,LSK,inf,1825.7072469971997,0
ATOM,LTC,inf,1097.9473527886196,0
ATOM,MATIC,inf,20092.194006774684,0
ATOM,MITH,inf,15174.373574114701,0
ATOM,NANO,0.0,1014.6531361119561,0
ATOM,NEO,0.0,681.0096670347563,0
ATOM,NULS,inf,1608.2789227157998,0
ATOM,OMG,0.0,3875.7955733114504,0
ATOM,ONT,inf,2317.9939424414024,0
ATOM,QTUM,0.0,900.8128352721146,0
ATOM,RLC,0.0,801.3089315598518,0
ATOM,STX,inf,4678.696195618451,0
ATOM,THETA,0.0,612076.562474015,0
ATOM,TRX,0.0,1012.1719536446963,0
ATOM,TUSD,inf,4795.416194143284,0
ATOM,VET,0.0,32880.09114978123,0
ATOM,WAN,0.0,1024.2285012147204,0
ATOM,WAVES,inf,2607.41182657099,0
ATOM,WTC,inf,1403.412046617997,0
ATOM,XLM,0.0,326.6385170911547,0
ATOM,XMR,0.0,1435.7375565049585,0
ATOM,XRP,inf,2130.045223085855,0
ATOM,XTZ,inf,3626.651024365992,0
ATOM,ZEC,inf,2068.4559604650685,0
ATOM,ZIL,0.0,80740.0950023969,0
ATOM,ZRX,0.0,316.6943794848205,0
BAND,BAT,inf,49304.9439519989,0
BAND,BCH,37505757.68926706,59222.30989871258,0
BAND,BNB,16701032.662234308,28427.085722958276,0
BAND,BNT,8611695.51314062,20621.986401841063,0
BAND,BTC,inf,40655.255182354886,0
BAND,BTS,35741562.53085795,51456.32067097688,0
BAND,BTT,inf,38569.241294388885,0
BAND,BUSD,39052460.32836974,66185.25918108039,0
BAND,CTXC,38076939.70554969,57547.86210144036,0
BAND,CVC,inf,18792.311093005163,0
BAND,DASH,38243947.05298926,59072.80177837002,0
BAND,DATA,38235760.49455376,58542.616744318635,0
BAND,DENT,2771513792.0618205,249308.18708998256,0
BAND,DOGE,inf,171927.04226656002,0
BAND,ENJ,inf,33185.75813399775,0
BAND,EOS,38371261.9003946,62610.22109468392,0
BAND,ETC,37341645.6685473,58697.33644381867,0
BAND,ETH,inf,31802.56095324782,0
BAND,FTT,904792886.6485578,31883.840712681973,0
BAND,FUN,11259974142.160372,18477.98646899303,0
BAND,GTO,inf,38850.80469987613,0
BAND,HBAR,34793638.68403832,45508.281808002226,0
BAND,ICX,inf,40063.0710058673,0
BAND,IOST,inf,27242.71317252366,0
BAND,IOTA,inf,37407.81158413516,0
BAND,IOTX,inf,23953.60486318162,0
BAND,LINK,11824483.91934014,33713.23796583543,0
BAND,LSK,31274553.448576834,54311.44822393956,0
BAND,LTC,19373942.996241644,49531.827813732765,0
BAND,MATIC,17304237.21668768,29361.93488007169,0
BAND,MITH,273039219.8843994,34000.077327223975,0
BAND,NANO,inf,34644.93447108743,0
BAND,NEO,inf,42994.136059474324,0
BAND,NULS,25905991.68326377,51664.32810415373,0
BAND,OMG,inf,21925.610546064832,0
BAND,ONT,21099811.283036307,55847.3649447823,0
BAND,QTUM,inf,44657.12773229663,0
BAND,RLC,inf,35800.607383588474,0
BAND,STX,13911520.708038868,28358.693801006426,0
BAND,THETA,inf,442562.82178210444,0
BAND,TRX,inf,46257.80739985436,0
BAND,TUSD,39088280.99989026,66187.91235465134,0
BAND,VET,inf,26814.4916898257,0
BAND,WAN,inf,35525.683870328256,0
BAND,WAVES,22926749.449488804,26206.61613970071,0
BAND,WTC,36851568.0689587,51789.527925566,0
BAND,XLM,inf,38600.0725461947,0
BAND,XMR,inf,51008.62421753052,0
BAND,XRP,34791816.37154841,54070.89856331108,0
BAND,XTZ,38641925.18490466,61880.400005228,0
BAND,ZEC,36911680.510550685,54940.04690414441,0
BAND,ZIL,inf,29898.591397356373,0
BAND,ZRX,inf,34860.625668931854,0
BAT,BCH,inf,991.6347814648693,0
BAT,BNB,inf,17450.5262810975,0
BAT,BNT,inf,69353.85841732904,0
BAT,BTC,0.0,1020.1722657365519,0
BAT,BTS,inf,146.51987368973124,0
BAT,BTT,0.0,19886.69506412844,0
BAT,BUSD,inf,2031.4802393970112,0
BAT,CTXC,inf,557.6264179775872,0
BAT,CVC,0.0,30866.473724892545,0
BAT,DASH,inf,855.3336500360102,0
BAT,DATA,inf,649.418895025556,0
BAT,DENT,inf,334156.5327633615,0
BAT,DOGE,0.0,236211.71679200456,0
BAT,ENJ,0.0,11332.816275932691,0
BAT,EOS,inf,1362.2137141368369,0
BAT,ETC,inf,788.2565851730624,0
BAT,ETH,0.0,3069.0693803684303,0
BAT,FTT,inf,5257.729449324957,0
BAT,FUN,inf,22851.41832016205,0
BAT,GTO,0.0,3227.1294372919087,0
BAT,HBAR,inf,529.0387702083525,0
BAT,ICX,0.0,807.7821394485458,0
BAT,IOST,0.0,8017.070783371312,0
BAT,IOTA,0.0,1356.7004442260218,0
BAT,IOTX,0.0,8409.222015148414,0
BAT,LINK,inf,1926.186857290639,0
BAT,LSK,inf,256.71059304628034,0
BAT,LTC,inf,441.02014343851835,0
BAT,MATIC,inf,25037.579177539545,0
BAT,MITH,inf,16939.790297204672,0
BAT,NANO,0.0,2892.148266746558,0
BAT,NEO,0.0,568.191657831973,0
BAT,NULS,inf,211.84261004136403,0
BAT,OMG,0.0,6866.463778102985,0
BAT,ONT,inf,532.0504708160958,0
BAT,QTUM,0.0,374.40002139457965,0
BAT,RLC,0.0,1477.2515381795772,0
BAT,STX,inf,7182.518742201407,0
BAT,THETA,0.0,639410.2089863434,0
BAT,TRX,0.0,288.86316107520497,0
BAT,TUSD,inf,2031.8204682746473,0
BAT,VET,0.0,38522.56430279262,0
BAT,WAN,0.0,1802.5506670955574,0
BAT,WAVES,inf,5589.165809237304,0
BAT,WTC,inf,109.15074523756435,0
BAT,XLM,0.0,1372.4328584402133,0
BAT,XMR,0.0,446.4676724590489,0
BAT,XRP,inf,538.0947521639087,0
BAT,XTZ,inf,1273.518234988411,0
BAT,ZEC,inf,517.8399230397199,0
BAT,ZIL,0.0,95006.23454833376,0
BAT,ZRX,0.0,1700.3595270031192,0
BCH,BNB,17851093.549371287,25615.003467918814,0
BCH,BNT,27574787.238152508,84605.32871010978,0
BCH,BTC,inf,2428.8996290207515,0
BCH,BTS,42159.37963381499,556.5889374756761,0
BCH,BTT,inf,28275.8614364054,0
BCH,BUSD,22505.244516841813,271.2717506139887,0
BCH,CTXC,6469.4575304921445,138.42553070436293,0
BCH,CVC,inf,41049.13845493248,0
BCH,DASH,5543.36504447425,35.14663125194814,0
BCH,DATA,7990.8927626581535,129.85938061957222,0
BCH,DENT,3161745103.578199,368189.31351302436,0
BCH,DOGE,inf,256503.88574053088,0
BCH,ENJ,inf,18699.403357837047,0
BCH,EOS,8076.51103613427,82.8724578006252,0
BCH,ETC,6780.944646351414,74.86709681316364,0
BCH,ETH,inf,5781.601185008493,0
BCH,FTT,1205540004.9627612,10085.275911491864,0
BCH,FUN,12384070318.950098,30797.883719978206,0
BCH,GTO,inf,7067.780984988662,0
BCH,HBAR,133258.3046445217,2599.6389486170565,0
BCH,ICX,inf,2955.617895680856,0
BCH,IOST,inf,13585.350192817208,0
BCH,IOTA,inf,4065.642237291687,0
BCH,IOTX,inf,14629.047967360806,0
BCH,LINK,8048694.878020449,3829.8416649718847,0
BCH,LSK,509519.0153375843,324.7884311516483,0
BCH,LTC,4362193.983354383,594.681934370962,0
BCH,MATIC,20674330.7869954,35212.294889744466,0
BCH,MITH,405865576.6037829,24981.640427875645,0
BCH,NANO,inf,5423.583170935749,0
BCH,NEO,inf,1885.2539019374278,0
BCH,NULS,1791267.6277716372,594.5192787796177,0
BCH,OMG,inf,10869.826328610803,0
BCH,ONT,3417101.067528221,143.18582843995972,0
BCH,QTUM,inf,1856.8246303138526,0
BCH,RLC,inf,3330.6217912728625,0
BCH,STX,38376912.28650571,12591.313710517885,0
BCH,THETA,inf,687578.1799877837,0
BCH,TRX,inf,1364.7774382750526,0
BCH,TUSD,23106.106715572074,271.4028221678805,0
BCH,VET,inf,49677.63600173568,0
BCH,WAN,inf,5101.580356332908,0
BCH,WAVES,2274025.1067872862,9160.186698032421,0
BCH,WTC,14699.864065120983,609.6783247708013,0
BCH,XLM,inf,3048.964273897403,0
BCH,XMR,inf,396.7009968071927,0
BCH,XRP,118389.93950131896,422.1218753939339,0
BCH,XTZ,13170.039203762313,78.5599872491304,0
BCH,ZEC,4168.840793670126,111.29869152714659,0
BCH,ZIL,inf,112264.9895185905,0
BCH,ZRX,inf,4254.155269416201,0
BNB,BNT,5511444.211515438,27169.556359299106,0
BNB,BTC,inf,15037.166445442188,0
BNB,BTS,16406413.104791965,19604.102229826665,0
BNB,BTT,inf,5428.469843753796,0
BNB,BUSD,19006721.190695085,30546.630660842602,0
BNB,CTXC,18164070.152192865,23590.889642110113,0
BNB,CVC,inf,5624.551806240034,0
BNB,DASH,18303337.531795666,24801.061450647885,0
BNB,DATA,18277113.464766283,24216.390757862682,0
BNB,DENT,2765959712.596055,225274.90376181598,0
BNB,DOGE,inf,148802.69785906665,0
BNB,ENJ,inf,3593.083574693636,0
BNB,EOS,18420542.78071048,27692.247058988858,0
BNB,ETC,17465113.105477855,24145.105098157954,0
BNB,ETH,inf,10676.60185127836,0
BNB,FTT,935963643.7859892,4285.4657163946285,0
BNB,FUN,11583977884.123814,8592.576401528651,0
BNB,GTO,inf,8139.921815053578,0
BNB,HBAR,15317201.313556949,13731.089412200981,0
BNB,ICX,inf,12534.364622272305,0
BNB,IOST,inf,3537.3944595015155,0
BNB,IOTA,inf,9938.553858938001,0
BNB,IOTX,inf,4479.283832338137,0
BNB,LINK,6110799.453030792,13924.9730143204,0
BNB,LSK,12681567.166822597,21180.179088335582,0
BNB,LTC,6727392.221521241,19713.054582701283,0
BNB,MATIC,2125563.998082072,4207.188391549838,0
BNB,MITH,266015788.55130512,4388.255287977233,0
BNB,NANO,inf,10507.286007314144,0
BNB,NEO,inf,14796.139194642652,0
BNB,NULS,9672971.154234564,20314.087556692768,0
BNB,OMG,inf,11514.162303298705,0
BNB,ONT,7049120.838349774,23412.362675017022,0
BNB,QTUM,inf,14562.005499262421,0
BNB,RLC,inf,15631.743776587704,0
BNB,STX,5386141.041454381,3439.6655273013685,0
BNB,THETA,inf,464254.83276192896,0
BNB,TRX,inf,16256.57422373052,0
BNB,TUSD,19022671.16060085,30547.759895488805,0
BNB,VET,inf,8155.620779537124,0
BNB,WAN,inf,9182.872511103076,0
BNB,WAVES,9458384.549949517,9721.881873878488,0
BNB,WTC,17217000.943426657,19541.64376927151,0
BNB,XLM,inf,13676.883452645234,0
BNB,XMR,inf,20922.660540253568,0
BNB,XRP,15627263.905379053,21374.554870073403,0
BNB,XTZ,18677414.815098412,27419.059627452538,0
BNB,ZEC,17458701.48507507,22859.25735865769,0
BNB,ZIL,inf,40752.47312661786,0
BNB,ZRX,inf,11712.93808182019,0
BNT,BTC,inf,60322.78103394857,0
BNT,BTS,25843655.62491566,73744.14265260618,0
BNT,BTT,inf,41205.013160390045,0
BNT,BUSD,28952800.405873023,93192.57451697647,0
BNT,CTXC,27982039.268965434,81320.73428703722,0
BNT,CVC,inf,14556.097943917139,0
BNT,DASH,28137451.88101671,83350.12203530633,0
BNT,DATA,28096099.231883556,82173.88995493318,0
BNT,DENT,2730097566.75275,181402.2119328325,0
BNT,DOGE,inf,143737.0286060748,0
BNT,ENJ,inf,32917.30722390808,0
BNT,EOS,28318637.049918085,88642.22733711476,0
BNT,ETC,27312938.318883523,83215.87202434932,0
BNT,ETH,inf,49641.557788722785,0
BNT,FTT,887670983.559234,39570.27811376677,0
BNT,FUN,11337033207.29891,22182.076806572073,0
BNT,GTO,inf,53315.376973499864,0
BNT,HBAR,24407600.116387047,61102.875864891605,0
BNT,ICX,inf,57070.66324725007,0
BNT,IOST,inf,33505.97168623304,0
BNT,IOTA,inf,53214.81617734679,0
BNT,IOTX,inf,31240.200676528097,0
BNT,LINK,8237314.198717497,55755.20956899671,0
BNT,LSK,21336657.257943355,76833.52035683779,0
BNT,LTC,11957809.745444737,72376.27761822076,0
BNT,MATIC,3537491.681143597,18195.727442098723,0
BNT,MITH,264108544.07838893,38311.94405965872,0
BNT,NANO,inf,51412.222606689065,0
BNT,NEO,inf,64256.92527393839,0
BNT,NULS,16539928.861154934,73732.32000637545,0
BNT,OMG,inf,44330.55640590847,0
BNT,ONT,13174714.890171735,80227.38807336982,0
BNT,QTUM,inf,65249.13129338715,0
BNT,RLC,inf,58117.23109996762,0
BNT,STX,5952890.509353007,37383.03742276003,0
BNT,THETA,inf,335760.3949209351,0
BNT,TRX,inf,68230.63430282482,0
BNT,TUSD,28980029.45232787,93195.27317571235,0
BNT,VET,inf,24243.310496471826,0
BNT,WAN,inf,51523.32069292221,0
BNT,WAVES,15731693.74590379,44578.69673140274,0
BNT,WTC,26775852.775990482,73179.15712189069,0
BNT,XLM,inf,58420.74952325836,0
BNT,XMR,inf,74991.29572606811,0
BNT,XRP,25284088.053726792,78509.75155778707,0
BNT,XTZ,28567719.143219773,87718.29746504092,0
BNT,ZEC,27056840.567750126,79336.39259987767,0
BNT,ZIL,inf,11179.68349158395,0
BNT,ZRX,inf,53130.83091569535,0
BTC,BTS,inf,1307.1675163833484,0
BTC,BTT,0.0,19870.3154586146,0
BTC,BUSD,inf,4159.470998984931,0
BTC,CTXC,inf,2205.4127302447746,0
BTC,CVC,0.0,24690.263506478623,0
BTC,DASH,inf,2339.721915128925,0
BTC,DATA,inf,2310.320848384734,0
BTC,DENT,inf,328556.34386414476,0
BTC,DOGE,0.0,228269.91919047767,0
BTC,ENJ,0.0,10390.763487480845,0
BTC,EOS,inf,3279.1082119511275,0
BTC,ETC,inf,2427.7981929944485,0
BTC,ETH,0.0,858.268442747776,0
BTC,FTT,inf,3618.3834800166997,0
BTC,FUN,inf,16913.932727062635,0
BTC,GTO,0.0,3519.502418599598,0
BTC,HBAR,inf,1003.3899605733354,0
BTC,ICX,0.0,475.79469201654626,0
BTC,IOST,0.0,5607.140210768673,0
BTC,IOTA,0.0,863.8210797993161,0
BTC,IOTX,0.0,6208.961213216098,0
BTC,LINK,inf,548.9193796770176,0
BTC,LSK,inf,1620.127387771947,0
BTC,LTC,inf,654.9897610555207,0
BTC,MATIC,inf,21868.457579441023,0
BTC,MITH,inf,16459.24133991309,0
BTC,NANO,0.0,1215.4371005670246,0
BTC,NEO,0.0,725.3161794304124,0
BTC,NULS,inf,1484.0720255624874,0
BTC,OMG,0.0,4492.374687322605,0
BTC,ONT,inf,2044.4814723350944,0
BTC,QTUM,0.0,1001.076873365429,0
BTC,RLC,0.0,969.409270369714,0
BTC,STX,inf,5327.760228467994,0
BTC,THETA,0.0,618645.154066952,0
BTC,TRX,0.0,963.4274263754398,0
BTC,TUSD,inf,4160.049526137809,0
BTC,VET,0.0,34805.53662961948,0
BTC,WAN,0.0,1435.3331723207348,0
BTC,WAVES,inf,2638.623717942514,0
BTC,WTC,inf,1354.8354037776057,0
BTC,XLM,0.0,221.98521290538994,0
BTC,XMR,0.0,1066.0811126379265,0
BTC,XRP,inf,1832.2986393664391,0
BTC,XTZ,inf,3162.3141186840908,0
BTC,ZEC,inf,1743.4169657888417,0
BTC,ZIL,0.0,82666.64819482913,0
BTC,ZRX,0.0,760.158945303486,0
BTS,BTT,inf,21704.35142533042,0
BTS,BUSD,107181.20521312379,1387.2308176740548,0
BTS,CTXC,52704.62007520655,272.19955549366387,0
BTS,CVC,inf,33561.12949845021,0
BTS,DASH,63737.93728456273,475.00098778173515,0
BTS,DATA,58989.96039215363,344.0881553745804,0
BTS,DENT,3140946002.2600474,342879.6628160441,0
BTS,DOGE,inf,241300.55248914316,0
BTS,ENJ,inf,13373.806651822706,0
BTS,EOS,67639.77613202919,831.0429831901083,0
BTS,ETC,30384.570343850944,412.5117340610651,0
BTS,ETH,inf,3663.833521490335,0
BTS,FTT,1193483663.004799,6524.83125884751,0
BTS,FUN,12348594652.465605,24822.7208631817,0
BTS,GTO,inf,3959.202381518259,0
BTS,HBAR,43521.47597537721,1018.9899180161159,0
BTS,ICX,inf,1263.441877150945,0
BTS,IOST,inf,9505.5835435512,0
BTS,IOTA,inf,1959.6478327368684,0
BTS,IOTX,inf,9982.36423372544,0
BTS,LINK,7245089.123783472,2259.0839710581727,0
BTS,LSK,278305.8450599793,100.59065178942245,0
BTS,LTC,3795677.5150298495,335.6503974294122,0
BTS,MATIC,19087216.88280539,27975.401911816072,0
BTS,MITH,398419865.04122484,18737.402243425575,0
BTS,NANO,inf,3444.4142881481675,0
BTS,NEO,inf,733.8890925105469,0
BTS,NULS,1330491.7425403004,118.90267442669295,0
BTS,OMG,inf,7635.005306200195,0
BTS,ONT,2770462.300600756,231.94291866208874,0
BTS,QTUM,inf,553.6243334503754,0
BTS,RLC,inf,1749.207747801337,0
BTS,STX,36258798.07588928,8549.563951996475,0
BTS,THETA,inf,653302.6921587376,0
BTS,TRX,inf,326.32150266076263,0
BTS,TUSD,108609.28414151426,1387.521188006886,0
BTS,VET,inf,41407.460071993875,0
BTS,WAN,inf,2504.33139245808,0
BTS,WAVES,1871002.8932273074,6430.706725952331,0
BTS,WTC,14984.033368255941,74.03995939421729,0
BTS,XLM,inf,1671.3192958882153,0
BTS,XMR,inf,282.68662715376325,0
BTS,XRP,54351.78589274571,301.64423620223744,0
BTS,XTZ,83199.46670955732,769.1399511268214,0
BTS,ZEC,24115.487913885172,228.90082939218183,0
BTS,ZIL,inf,99748.47043739083,0
BTS,ZRX,inf,2194.5925897370066,0
BTT,BUSD,inf,32682.249415287373,0
BTT,CTXC,inf,25744.774792396274,0
BTT,CVC,0.0,13507.901215947688,0
BTT,DASH,inf,27570.669021926144,0
BTT,DATA,inf,26318.583850633822,0
BTT,DENT,inf,201048.70875477444,0
BTT,DOGE,0.0,158986.32569230968,0
BTT,ENJ,0.0,6179.773810391571,0
BTT,EOS,inf,29795.52498643046,0
BTT,ETC,inf,26487.860401099704,0
BTT,ETH,0.0,16191.463122727586,0
BTT,FTT,inf,9644.76251806295,0
BTT,FUN,inf,16414.017057231606,0
BTT,GTO,0.0,8120.033304741812,0
BTT,HBAR,inf,16736.916126983488,0
BTT,ICX,0.0,16475.243960949872,0
BTT,IOST,0.0,9849.428290389578,0
BTT,IOTA,0.0,14133.334419431461,0
BTT,IOTX,0.0,9187.299052300157,0
BTT,LINK,inf,19012.37234142218,0
BTT,LSK,inf,23308.276534942015,0
BTT,LTC,inf,23397.45192910633,0
BTT,MATIC,inf,11000.582241516642,0
BTT,MITH,inf,1678.3643792247633,0
BTT,NANO,0.0,16206.879479955249,0
BTT,NEO,0.0,18122.829567135585,0
BTT,NULS,inf,22444.71147982252,0
BTT,OMG,0.0,15669.530555190226,0
BTT,ONT,inf,25626.28050480774,0
BTT,QTUM,0.0,16579.542831483523,0
BTT,RLC,0.0,19242.213374643183,0
BTT,STX,inf,7599.647788875507,0
BTT,THETA,0.0,467177.92920672445,0
BTT,TRX,0.0,18147.61821273037,0
BTT,TUSD,inf,32683.22253702512,0
BTT,VET,0.0,11895.343693978713,0
BTT,WAN,0.0,11844.522432326712,0
BTT,WAVES,inf,15388.075961643226,0
BTT,WTC,inf,21845.592347342852,0
BTT,XLM,0.0,18472.65449742717,0
BTT,XMR,0.0,24206.910701161705,0
BTT,XRP,inf,23532.103272972166,0
BTT,XTZ,inf,29598.39750129469,0
BTT,ZEC,inf,25537.903258030456,0
BTT,ZIL,0.0,51994.40552638555,0
BTT,ZRX,0.0,16214.42972284612,0
BUSD,CTXC,10881.894139886632,517.1968668108042,0
BUSD,CVC,inf,47545.075737432046,0
BUSD,DASH,7514.573257126661,335.0464367813949,0
BUSD,DATA,8450.874212903402,441.4208597025281,0
BUSD,DENT,3173871171.921075,382661.01915522874,0
BUSD,DOGE,inf,270587.6023240493,0
BUSD,ENJ,inf,22497.14559123758,0
BUSD,EOS,5405.285022921502,80.14283515824653,0
BUSD,ETC,38479.91060913377,446.03107503002235,0
BUSD,ETH,inf,8414.460117798748,0
BUSD,FTT,1215127772.0075188,13324.135173229042,0
BUSD,FUN,12414469607.750141,36274.76977880352,0
BUSD,GTO,inf,9497.903090849692,0
BUSD,HBAR,232616.2133093511,4122.768614572577,0
BUSD,ICX,inf,4777.272939925662,0
BUSD,IOST,inf,17361.231645752487,0
BUSD,IOTA,inf,6258.329157378552,0
BUSD,IOTX,inf,18314.22061282262,0
BUSD,LINK,8842240.506833723,5904.011568175756,0
BUSD,LSK,707776.9194031775,947.7916123997643,0
BUSD,LTC,4988822.590623148,1611.7376160324955,0
BUSD,MATIC,21831722.968824368,40564.21956322934,0
BUSD,MITH,410813110.15563744,29345.732305309783,0
BUSD,NANO,inf,8006.549265723009,0
BUSD,NEO,inf,3439.3643079299673,0
BUSD,NULS,2135954.4140343107,1358.0491501569538,0
BUSD,OMG,inf,13899.946466954993,0
BUSD,ONT,3914989.9910540585,574.6897328143845,0
BUSD,QTUM,inf,3340.000802689459,0
BUSD,RLC,inf,5059.792754223234,0
BUSD,STX,40115993.77003603,16236.644251453852,0
BUSD,THETA,inf,711467.9362994154,0
BUSD,TRX,inf,2635.353256653587,0
BUSD,TUSD,15.556944658766614,4.8165478363679476e-05,0
BUSD,VET,inf,56622.14496622723,0
BUSD,WAN,inf,7387.316836135662,0
BUSD,WAVES,2699504.322839721,12241.211375878076,0
BUSD,WTC,49611.39446646177,1410.1944061255672,0
BUSD,XLM,inf,5025.880933775784,0
BUSD,XMR,inf,1202.6049131017517,0
BUSD,XRP,215361.33602642955,1090.462832983002,0
BUSD,XTZ,1876.8755059941088,107.48507882292418,0
BUSD,ZEC,37552.520286908264,650.0844244236032,0
BUSD,ZIL,inf,122889.89621469866,0
BUSD,ZRX,inf,6402.120519777507,0
CTXC,CVC,inf,38903.07416971923,0
CTXC,DASH,2239.7131729551797,101.23171788488622,0
CTXC,DATA,1147.1090629141986,48.93527009879263,0
CTXC,DENT,3163432921.079393,358171.73416369496,0
CTXC,DOGE,inf,253218.778869768,0
CTXC,ENJ,inf,16547.32966781811,0
CTXC,EOS,2054.8001986462077,215.93905629847006,0
CTXC,ETC,13395.433443850852,115.51527581844073,0
CTXC,ETH,inf,5373.998901289658,0
CTXC,FTT,1208341062.610281,8911.94125259118,0
CTXC,FUN,12394467155.970049,29253.482161488897,0
CTXC,GTO,inf,5824.429490004726,0
CTXC,HBAR,149119.45790567406,1890.2279381575686,0
CTXC,ICX,inf,2363.915945292777,0
CTXC,IOST,inf,12349.4459444692,0
CTXC,IOTA,inf,3369.9458812969438,0
CTXC,IOTX,inf,13044.945741893362,0
CTXC,LINK,8354587.500057609,3542.312566690423,0
CTXC,LSK,549514.5295216665,107.5325393892197,0
CTXC,LTC,4608243.9163320325,574.0238553720784,0
CTXC,MATIC,20941822.761134047,32577.250053087002,0
CTXC,MITH,406875545.5784478,22582.709956775987,0
CTXC,NANO,inf,5020.74340700817,0
CTXC,NEO,inf,1576.275928245922,0
CTXC,NULS,1863086.9006571255,286.73267703471123,0
CTXC,OMG,inf,10056.886631795904,0
CTXC,ONT,3542017.5643716385,60.39626221625775,0
CTXC,QTUM,inf,1370.9719147470626,0
CTXC,RLC,inf,2849.8144166956645,0
CTXC,STX,38903433.87743826,11344.502834845609,0
CTXC,THETA,inf,676044.0527433823,0
CTXC,TRX,inf,996.5748234229184,0
CTXC,TUSD,11260.049889568305,517.3549296541927,0
CTXC,VET,inf,47222.92340889442,0
CTXC,WAN,inf,4142.83286236032,0
CTXC,WAVES,2435146.8814168717,8622.469805416325,0
CTXC,WTC,15583.944908734342,269.5582766086553,0
CTXC,XLM,inf,2761.969007329379,0
CTXC,XMR,inf,387.11699639781807,0
CTXC,XRP,143938.48325328523,319.8141124288873,0
CTXC,XTZ,4352.515097705712,180.41531476510238,0
CTXC,ZEC,11445.026895086783,96.35566875487498,0
CTXC,ZIL,inf,108940.74251830293,0
CTXC,ZRX,inf,3617.619630622402,0
CVC,DASH,inf,40140.57734211854,0
CVC,DATA,inf,39502.833751361,0
CVC,DENT,inf,203249.20296928656,0
CVC,DOGE,0.0,146624.5345086302,0
CVC,ENJ,0.0,10045.46120143608,0
CVC,EOS,inf,44031.71302287724,0
CVC,ETC,inf,39961.93205817752,0
CVC,ETH,0.0,17577.53860537117,0
CVC,FTT,inf,11551.249067716693,0
CVC,FUN,inf,4399.758820607821,0
CVC,GTO,0.0,19032.535200339684,0
CVC,HBAR,inf,25367.814987658057,0
CVC,ICX,0.0,22641.251613550536,0
CVC,IOST,0.0,8746.001946971257,0
CVC,IOTA,0.0,19932.63754429275,0
CVC,IOTX,0.0,8815.693569602787,0
CVC,LINK,inf,22591.40530539303,0
CVC,LSK,inf,35620.822918889695,0
CVC,LTC,inf,32379.217690917078,0
CVC,MATIC,inf,5468.3285637812505,0
CVC,MITH,inf,12032.73479310252,0
CVC,NANO,0.0,18604.633451999784,0
CVC,NEO,0.0,27184.24885481655,0
CVC,NULS,inf,34395.774448719836,0
CVC,OMG,0.0,16974.341558888384,0
CVC,ONT,inf,38492.74505346405,0
CVC,QTUM,0.0,27375.375341356095,0
CVC,RLC,0.0,25473.260981791544,0
CVC,STX,inf,10579.730216231279,0
CVC,THETA,0.0,411823.55023452285,0
CVC,TRX,0.0,29342.054113229005,0
CVC,TUSD,inf,47546.76462695339,0
CVC,VET,0.0,10678.455586673643,0
CVC,WAN,0.0,18810.830792901917,0
CVC,WAVES,inf,14664.097577045826,0
CVC,WTC,inf,33419.62738510225,0
CVC,XLM,0.0,22781.225533603745,0
CVC,XMR,0.0,34550.973472125115,0
CVC,XRP,inf,36268.46519721292,0
CVC,XTZ,inf,43594.73039059278,0
CVC,ZEC,inf,37555.03850405388,0
CVC,ZIL,0.0,20960.233046460868,0
CVC,ZRX,0.0,20365.58367661437,0
DASH,DATA,1864.64580061858,88.95346321619985,0
DASH,DENT,3166286472.3957143,365140.4229181823,0
DASH,DOGE,inf,255759.78879453067,0
DASH,ENJ,inf,18002.555902118966,0
DASH,EOS,1128.553872890238,110.17263719622137,0
DASH,ETC,15526.847295249656,83.53808528870947,0
DASH,ETH,inf,5677.040218578221,0
DASH,FTT,1209383232.258446,9584.30710291349,0
DASH,FUN,12397263597.070154,30274.32168647426,0
DASH,GTO,inf,6759.41016396228,0
DASH,HBAR,165889.506211291,2340.5363464077527,0
DASH,ICX,inf,2702.5871714789705,0
DASH,IOST,inf,13040.30845571463,0
DASH,IOTA,inf,3791.636813489746,0
DASH,IOTX,inf,14101.889759820597,0
DASH,LINK,8415968.159869889,3788.831797643793,0
DASH,LSK,581671.7857378798,232.01277130745046,0
DASH,LTC,4642618.403559341,577.6737563813987,0
DASH,MATIC,21108430.30030873,34146.468042026616,0
DASH,MITH,407885731.01848435,24366.949888937306,0
DASH,NANO,inf,5263.339884388977,0
DASH,NEO,inf,1819.0967160184744,0
DASH,NULS,1933200.9056123863,530.2877499211259,0
DASH,OMG,inf,10821.396881780372,0
DASH,ONT,3627501.7140676402,128.92308666872515,0
DASH,QTUM,inf,1744.0655453615539,0
DASH,RLC,inf,3290.0729871486974,0
DASH,STX,39114415.764389604,12205.149982449031,0
DASH,THETA,inf,684182.997543643,0
DASH,TRX,inf,1286.8870282417918,0
DASH,TUSD,7786.361260176786,335.16721611479943,0
DASH,VET,inf,49171.679306303304,0
DASH,WAN,inf,4817.382545703373,0
DASH,WAVES,2462641.541648209,8991.060411316306,0
DASH,WTC,22027.722654192374,477.4958551189498,0
DASH,XLM,inf,2941.553002834185,0
DASH,XMR,inf,395.57299568919797,0
DASH,XRP,156065.4490248096,403.3003728208831,0
DASH,XTZ,2719.8797802169724,102.46880076547512,0
DASH,ZEC,13858.130530595841,105.05900928845946,0
DASH,ZIL,inf,111230.03578182647,0
DASH,ZRX,inf,4050.8825519439597,0
DATA,DENT,3164427069.393245,359447.1397138005,0
DATA,DOGE,inf,255456.49253320898,0
DATA,ENJ,inf,16936.77980887338,0
DATA,EOS,1710.930918120614,179.58075034838888,0
DATA,ETC,16402.613685230837,132.04356332764505,0
DATA,ETH,inf,5597.134310632467,0
DATA,FTT,1209139525.4696171,9210.938745172414,0
DATA,FUN,12396533584.427916,29637.062489210202,0
DATA,GTO,inf,6137.149585290488,0
DATA,HBAR,156232.1813533802,1977.4725155744145,0
DATA,ICX,inf,2497.3329611823215,0
DATA,IOST,inf,12697.595410643453,0
DATA,IOTA,inf,3592.7185092438617,0
DATA,IOTX,inf,13404.969450346849,0
DATA,LINK,8424281.711041754,3754.0562031421177,0
DATA,LSK,567803.6016842348,140.77934431950894,0
DATA,LTC,4657821.180699933,637.8614054353501,0
DATA,MATIC,21034437.17206731,33043.11594824672,0
DATA,MITH,407414844.4522075,23205.399270688416,0
DATA,NANO,inf,5256.917896373656,0
DATA,NEO,inf,1760.0752608779007,0
DATA,NULS,1900717.9189140215,365.3765997507279,0
DATA,OMG,inf,10469.626580795826,0
DATA,ONT,3595117.596199745,88.67825123961181,0
DATA,QTUM,inf,1550.9052475805308,0
DATA,RLC,inf,3057.875913983905,0
DATA,STX,39068250.442854926,11779.362036609149,0
DATA,THETA,inf,678431.5770351383,0
DATA,TRX,inf,1152.918932536506,0
DATA,TUSD,8789.816095920705,441.5690201279208,0
DATA,VET,inf,48308.44862095979,0
DATA,WAN,inf,4411.207858678451,0
DATA,WAVES,2470909.19412082,8936.339645772829,0
DATA,WTC,18686.036239030964,327.37760674313944,0
DATA,XLM,inf,2924.146054120126,0
DATA,XMR,inf,449.2190867793458,0
DATA,XRP,155773.53255382032,411.74815159711824,0
DATA,XTZ,3012.3257143743904,142.33900886970193,0
DATA,ZEC,14730.598063252424,138.59391891035688,0
DATA,ZIL,inf,109961.76857260811,0
DATA,ZRX,inf,3804.8077984232104,0
DENT,DOGE,inf,237709.3620415232,0
DENT,ENJ,inf,235035.98131604574,0
DENT,EOS,3166904014.9857225,373274.7250441763,0
DENT,ETC,3157047180.881006,363055.8168596346,0
DENT,ETH,inf,308075.238687747,0
DENT,FTT,1021287700.9320414,273533.7781263797,0
DENT,FUN,5953441958.704332,238088.73641397996,0
DENT,GTO,inf,280174.4488910383,0
DENT,HBAR,3125400984.5451217,315616.6606236473,0
DENT,ICX,inf,314883.2926250871,0
DENT,IOST,inf,264902.8421048487,0
DENT,IOTA,inf,306519.08721230755,0
DENT,IOTX,inf,256043.56294354543,0
DENT,LINK,2955716964.899729,324161.06814455,0
DENT,LSK,3086521151.222748,348254.28123486903,0
DENT,LTC,2996993247.735313,348374.90060165204,0
DENT,MATIC,2736424579.3808923,205848.99771776295,0
DENT,MITH,1461273025.0631049,214946.02289480236,0
DENT,NANO,inf,312110.63437624706,0
DENT,NEO,inf,329295.27078022994,0
DENT,NULS,3035521643.9459743,345158.9560736839,0
DENT,OMG,inf,294754.53491278004,0
DENT,ONT,2988132366.454675,358018.64389559184,0
DENT,QTUM,inf,323676.59559756034,0
DENT,RLC,inf,325459.6252860248,0
DENT,STX,2603204352.0412197,263978.4042182532,0
DENT,THETA,inf,118021.69522153109,0
DENT,TRX,inf,330146.3942964362,0
DENT,TUSD,3174044338.944013,382664.2362659899,0
DENT,VET,inf,195656.03973029187,0
DENT,WAN,inf,294594.9737024222,0
DENT,WAVES,3043114677.726383,296245.6345957809,0
DENT,WTC,3151096754.5064464,341930.6347298477,0
DENT,XLM,inf,324080.1605244695,0
DENT,XMR,inf,352428.6716034361,0
DENT,XRP,3133782903.880974,352231.73877759086,0
DENT,XTZ,3169976168.1056156,372356.9269274936,0
DENT,ZEC,3156517748.978358,358241.3206159629,0
DENT,ZIL,inf,151276.10084277068,0
DENT,ZRX,inf,311964.1493134324,0
DOGE,ENJ,0.0,177421.80654369504,0
DOGE,EOS,inf,263006.3113223225,0
DOGE,ETC,inf,250286.53955478984,0
DOGE,ETH,0.0,208414.71657964375,0
DOGE,FTT,inf,188175.8581089287,0
DOGE,FUN,inf,166605.6193575512,0
DOGE,GTO,0.0,203447.5342102065,0
DOGE,HBAR,inf,226127.52459715545,0
DOGE,ICX,0.0,222738.87224248113,0
DOGE,IOST,0.0,178550.307941461,0
DOGE,IOTA,0.0,209837.15669918802,0
DOGE,IOTX,0.0,186250.75269268994,0
DOGE,LINK,inf,220319.68187030844,0
DOGE,LSK,inf,247514.71199383328,0
DOGE,LTC,inf,240857.8848088083,0
DOGE,MATIC,inf,154973.46290234532,0
DOGE,MITH,inf,163131.28311498906,0
DOGE,NANO,0.0,203183.18831658442,0
DOGE,NEO,0.0,221048.62889033536,0
DOGE,NULS,inf,243559.45720758077,0
DOGE,OMG,0.0,205648.8674255485,0
DOGE,ONT,inf,251728.6741260314,0
DOGE,QTUM,0.0,222904.14629811817,0
DOGE,RLC,0.0,228267.14555232355,0
DOGE,STX,inf,177272.79983162365,0
DOGE,THETA,0.0,318584.4584414797,0
DOGE,TRX,0.0,229578.4545363068,0
DOGE,TUSD,inf,270590.2175106737,0
DOGE,VET,0.0,99608.25886559341,0
DOGE,WAN,0.0,210009.6604803321,0
DOGE,WAVES,inf,203119.5723378236,0
DOGE,WTC,inf,243159.7038185137,0
DOGE,XLM,0.0,221695.55393923083,0
DOGE,XMR,0.0,244328.31834669932,0
DOGE,XRP,inf,244162.04040612982,0
DOGE,XTZ,inf,262648.1724287541,0
DOGE,ZEC,inf,249587.98806064355,0
DOGE,ZIL,0.0,124660.86257131932,0
DOGE,ZRX,0.0,216924.3880737489,0
ENJ,EOS,inf,20215.49712687996,0
ENJ,ETC,inf,17586.86808331517,0
ENJ,ETH,0.0,7874.404840500416,0
ENJ,FTT,inf,2712.329303632934,0
ENJ,FUN,inf,9969.497461211391,0
ENJ,GTO,0.0,4732.641544332832,0
ENJ,HBAR,inf,7663.45485235546,0
ENJ,ICX,0.0,8104.691554638805,0
ENJ,IOST,0.0,3398.954344223688,0
ENJ,IOTA,0.0,6693.691449417384,0
ENJ,IOTX,0.0,2141.2810009827235,0
ENJ,LINK,inf,10228.881157193015,0
ENJ,LSK,inf,14648.737211373478,0
ENJ,LTC,inf,14098.650564243824,0
ENJ,MATIC,inf,4053.9434701883233,0
ENJ,MITH,inf,4186.091991401702,0
ENJ,NANO,0.0,8375.057460455457,0
ENJ,NEO,0.0,10666.717419786688,0
ENJ,NULS,inf,13797.068421476288,0
ENJ,OMG,0.0,9305.565325802008,0
ENJ,ONT,inf,16604.771840943715,0
ENJ,QTUM,0.0,9983.882034686476,0
ENJ,RLC,0.0,10533.44832385695,0
ENJ,STX,inf,2936.1034791036095,0
ENJ,THETA,0.0,487796.79179435864,0
ENJ,TRX,0.0,11314.168689416,0
ENJ,TUSD,inf,22498.078075909252,0
ENJ,VET,0.0,14419.121264245141,0
ENJ,WAN,0.0,5442.636104428207,0
ENJ,WAVES,inf,7991.199449742293,0
ENJ,WTC,inf,13122.57337925335,0
ENJ,XLM,0.0,9977.170176418582,0
ENJ,XMR,0.0,15082.631679174447,0
ENJ,XRP,inf,15497.355514285884,0
ENJ,XTZ,inf,19898.227864753746,0
ENJ,ZEC,inf,16420.147899666274,0
ENJ,ZIL,0.0,50029.27348680145,0
ENJ,ZRX,0.0,8143.196031823876,0
EOS,ETC,17174.643741621156,173.26629019803138,0
EOS,ETH,inf,7085.285279633888,0
EOS,FTT,1210533933.1789188,11509.516247239706,0
EOS,FUN,12400916133.360207,33445.78320277176,0
EOS,GTO,inf,7948.291207994361,0
EOS,HBAR,177389.0677811928,3198.3527133189286,0
EOS,ICX,inf,3732.977491931784,0
EOS,IOST,inf,15292.762169263158,0
EOS,IOTA,inf,5002.689855733944,0
EOS,IOTX,inf,16219.44391319995,0
EOS,LINK,8497939.188079614,4830.588861583947,0
EOS,LSK,598342.4244215474,504.55915558090726,0
EOS,LTC,4717392.102127616,1066.8868908512288,0
EOS,MATIC,21252976.853444483,37503.89897151743,0
EOS,MITH,408093017.3878668,26578.786954998664,0
EOS,NANO,inf,6688.97276706765,0
EOS,NEO,inf,2557.949053657444,0
EOS,NULS,1955668.9046529676,842.6203994238818,0
EOS,OMG,inf,12248.995708468676,0
EOS,ONT,3658525.3510161513,253.16036822470414,0
EOS,QTUM,inf,2421.4123483723256,0
EOS,RLC,inf,4092.240901790702,0
EOS,STX,39276534.075314805,14194.251575161128,0
EOS,THETA,inf,698110.0255287366,0
EOS,TRX,inf,1839.1209379269771,0
EOS,TUSD,5626.737928688994,80.20251564584203,0
EOS,VET,inf,52755.869659745396,0
EOS,WAN,inf,6015.904697768397,0
EOS,WAVES,2509233.9652396943,10645.044013279166,0
EOS,WTC,24968.98279611067,861.8103865750059,0
EOS,XLM,inf,3992.2184530228087,0
EOS,XMR,inf,746.0029294094028,0
EOS,XRP,159060.078881549,626.1829338004239,0
EOS,XTZ,1274.2879297550426,12.407549379900168,0
EOS,ZEC,16666.17233562733,300.18375363181747,0
EOS,ZIL,inf,117404.11166827436,0
EOS,ZRX,inf,5195.369491854773,0
ETC,ETH,inf,5624.608182637055,0
ETC,FTT,1203026185.2762654,9414.210355939707,0
ETC,FUN,12379720477.230886,30250.13212836886,0
ETC,GTO,inf,6327.298221956212,0
ETC,HBAR,114819.28772603345,2311.879320334339,0
ETC,ICX,inf,2725.174627155082,0
ETC,IOST,inf,12838.272869898992,0
ETC,IOTA,inf,3635.3100555775072,0
ETC,IOTX,inf,13925.50375730981,0
ETC,LINK,7959505.084830803,3744.5420623591685,0
ETC,LSK,457311.6165360382,246.5023057823418,0
ETC,LTC,4289295.189773719,615.483780174069,0
ETC,MATIC,20339359.066269234,33851.728386554496,0
ETC,MITH,403882120.56252325,23421.312786661536,0
ETC,NANO,inf,5080.669557626203,0
ETC,NEO,inf,1564.4823238170306,0
ETC,NULS,1684406.9103503353,454.1482518525375,0
ETC,OMG,inf,10552.320092313283,0
ETC,ONT,3265761.6272127116,111.82769078393387,0
ETC,QTUM,inf,1482.2610256993692,0
ETC,RLC,inf,3207.792171255612,0
ETC,STX,37890409.894684814,11741.930623673079,0
ETC,THETA,inf,681426.3356584006,0
ETC,TRX,inf,1093.8895708147513,0
ETC,TUSD,39146.610913767436,446.171008344396,0
ETC,VET,inf,47310.89824918254,0
ETC,WAN,inf,4624.342177957495,0
ETC,WAVES,2229016.0476537757,8939.75098157903,0
ETC,WTC,12666.040726665035,478.6316904895241,0
ETC,XLM,inf,2953.6062481334034,0
ETC,XMR,inf,395.38352638738974,0
ETC,XRP,92491.51353894129,293.7359209785714,0
ETC,XTZ,25424.238630916898,165.50996052053097,0
ETC,ZEC,6022.98747201119,101.15248075702328,0
ETC,ZIL,inf,110725.73490058552,0
ETC,ZRX,inf,4007.946384250576,0
ETH,FTT,inf,2008.18536303153,0
ETH,FUN,inf,10826.767985460066,0
ETH,GTO,0.0,3126.836096416729,0
ETH,HBAR,inf,2254.4293047798687,0
ETH,ICX,0.0,1191.0794909609108,0
ETH,IOST,0.0,3112.0807002937054,0
ETH,IOTA,0.0,1005.3461620925467,0
ETH,IOTX,0.0,3721.966233405898,0
ETH,LINK,inf,610.9254368559672,0
ETH,LSK,inf,4388.909011641196,0
ETH,LTC,inf,2743.3511887973655,0
ETH,MATIC,inf,16914.685491808686,0
ETH,MITH,inf,12940.879929882245,0
ETH,NANO,0.0,609.5114853655443,0
ETH,NEO,0.0,1837.4606017978747,0
ETH,NULS,inf,3976.725300228809,0
ETH,OMG,0.0,2779.8037540690466,0
ETH,ONT,inf,5097.342991501124,0
ETH,QTUM,0.0,2248.9019705184323,0
ETH,RLC,0.0,1647.1134570455133,0
ETH,STX,inf,3022.0386213534066,0
ETH,THETA,0.0,582565.3539406777,0
ETH,TRX,0.0,2555.2526904132083,0
ETH,TUSD,inf,8415.275133867051,0
ETH,VET,0.0,26929.10770138495,0
ETH,WAN,0.0,1344.8452662908694,0
ETH,WAVES,inf,1093.3419510103652,0
ETH,WTC,inf,3822.05625720685,0
ETH,XLM,0.0,594.6241622447162,0
ETH,XMR,0.0,3487.340457167795,0
ETH,XRP,inf,4473.177474444328,0
ETH,XTZ,inf,6906.69085218797,0
ETH,ZEC,inf,4617.584759365021,0
ETH,ZIL,0.0,68637.32655098931,0
ETH,ZRX,0.0,779.6277638599653,0
FTT,FUN,6375529337.629782,8537.806245557123,0
FTT,GTO,inf,2275.293476287592,0
FTT,HBAR,1182892212.4577296,3127.0962393846503,0
FTT,ICX,inf,2544.517974553975,0
FTT,IOST,inf,709.0294849856732,0
FTT,IOTA,inf,1620.4173793331047,0
FTT,IOTX,inf,1331.902136658639,0
FTT,LINK,1040843902.1259499,3561.932154595705,0
FTT,LSK,1159475737.3722699,7443.652460533983,0
FTT,LTC,1075372989.3088257,6321.1873392988455,0
FTT,MATIC,918856958.9858335,8482.14180731529,0
FTT,MITH,360100097.70371795,7241.457216301859,0
FTT,NANO,inf,2099.916392142108,0
FTT,NEO,inf,4143.256255385845,0
FTT,NULS,1124746337.0644288,6962.263153975528,0
FTT,OMG,inf,4807.94962862632,0
FTT,ONT,1092170038.254056,8810.662443560981,0
FTT,QTUM,inf,4131.440656490607,0
FTT,RLC,inf,4549.963658485331,0
FTT,STX,825531333.0513204,934.5240816997882,0
FTT,THETA,inf,537963.1533869616,0
FTT,TRX,inf,4978.749518103576,0
FTT,TUSD,1215265820.6320662,13324.945455691717,0
FTT,VET,inf,19019.694877820526,0
FTT,WAN,inf,1594.5252791203393,0
FTT,WAVES,1115853614.755988,2834.463687189231,0
FTT,WTC,1200314295.3920257,6440.303353454182,0
FTT,XLM,inf,3160.9149310654693,0
FTT,XMR,inf,7222.711351195772,0
FTT,XRP,1187863729.9173398,7928.733075579215,0
FTT,XTZ,1212490521.7897544,11287.879694959438,0
FTT,ZEC,1202389618.2246194,8419.616527062375,0
FTT,ZIL,inf,58360.5571469082,0
FTT,ZRX,inf,2405.4749020756963,0
FUN,GTO,inf,14733.28884105736,0
FUN,HBAR,12318590829.96411,18487.61107235134,0
FUN,ICX,inf,16039.315266428244,0
FUN,IOST,inf,6551.226029608836,0
FUN,IOTA,inf,14430.701197372586,0
FUN,IOTX,inf,6804.771114005965,0
FUN,LINK,11808397153.455954,15023.283337248457,0
FUN,LSK,12247527597.609451,26730.339486583696,0
FUN,LTC,11949552460.846869,23448.288711391997,0
FUN,MATIC,11517230446.778687,9107.29100745946,0
FUN,MITH,9228995019.778038,13660.360092996987,0
FUN,NANO,inf,12106.561870877762,0
FUN,NEO,inf,19924.99847739027,0
FUN,NULS,12134312956.53257,25469.598275325683,0
FUN,OMG,inf,11877.694341479979,0
FUN,ONT,12032242432.691355,28853.80763138264,0
FUN,QTUM,inf,20297.959340564707,0
FUN,RLC,inf,17691.658749594822,0
FUN,STX,11182179554.04183,8751.363170375804,0
FUN,THETA,inf,461848.5257731104,0
FUN,TRX,inf,21897.181809497986,0
FUN,TUSD,12414962215.87572,36276.301835927006,0
FUN,VET,inf,17094.890965594546,0
FUN,WAN,inf,13892.42091419295,0
FUN,WAVES,12084399306.736904,10220.791228869135,0
FUN,WTC,12370413532.40231,24945.11486567034,0
FUN,XLM,inf,15233.12623951292,0
FUN,XMR,inf,25581.92672467253,0
FUN,XRP,12334285144.305895,27553.45623108082,0
FUN,XTZ,12406359812.733194,32945.48273341526,0
FUN,ZEC,12374855360.054327,28007.02390557722,0
FUN,ZIL,inf,31653.237717221007,0
FUN,ZRX,inf,13402.972205456828,0
GTO,HBAR,inf,2314.8524691582493,0
GTO,ICX,0.0,2282.748304462039,0
GTO,IOST,0.0,4127.125483587851,0
GTO,IOTA,0.0,1710.3591147066259,0
GTO,IOTX,0.0,3993.801542250397,0
GTO,LINK,inf,3607.966027129956,0
GTO,LSK,inf,4735.675070440889,0
GTO,LTC,inf,4647.739850928207,0
GTO,MATIC,inf,15205.578301977006,0
GTO,MITH,inf,5821.3447435848,0
GTO,NANO,0.0,3324.4561055145823,0
GTO,NEO,0.0,2847.664308439629,0
GTO,NULS,inf,4322.195616045457,0
GTO,OMG,0.0,4994.3121820728065,0
GTO,ONT,inf,5788.5287937018,0
GTO,QTUM,0.0,2072.1921581341894,0
GTO,RLC,0.0,3524.546158125145,0
GTO,STX,inf,2451.440927065382,0
GTO,THETA,0.0,568179.5233988722,0
GTO,TRX,0.0,2641.2421501634312,0
GTO,TUSD,inf,9498.528176073309,0
GTO,VET,0.0,23719.825504944685,0
GTO,WAN,0.0,925.461042589936,0
GTO,WAVES,inf,4272.629360054399,0
GTO,WTC,inf,4058.629016896437,0
GTO,XLM,0.0,3063.066923444598,0
GTO,XMR,0.0,5072.29251509278,0
GTO,XRP,inf,4844.904503936062,0
GTO,XTZ,inf,7790.883948148593,0
GTO,ZEC,inf,5690.929763523296,0
GTO,ZIL,0.0,72323.17023276929,0
GTO,ZRX,0.0,2455.1869599712195,0
HBAR,ICX,inf,499.17264367374844,0
HBAR,IOST,inf,5551.8320404373535,0
HBAR,IOTA,inf,830.2522871415227,0
HBAR,IOTX,inf,5670.696561994345,0
HBAR,LINK,6728550.484151461,1915.4051350585953,0
HBAR,LSK,170352.74875721778,1315.0624521948007,0
HBAR,LTC,3368173.7022205805,1288.5304497013506,0
HBAR,MATIC,17636478.242955346,19271.488649686893,0
HBAR,MITH,393679219.69437814,13921.666590859884,0
HBAR,NANO,inf,2277.0184558079955,0
HBAR,NEO,inf,1017.7196621303394,0
HBAR,NULS,1090897.237420311,1176.348199344575,0
HBAR,OMG,inf,6271.105020503086,0
HBAR,ONT,2439279.009249879,1931.6310604597797,0
HBAR,QTUM,inf,794.0875559506856,0
HBAR,RLC,inf,1688.8998976259277,0
HBAR,STX,34680886.39490002,5156.638680504685,0
HBAR,THETA,inf,610174.489702668,0
HBAR,TRX,inf,942.5307322590227,0
HBAR,TUSD,234410.99177840873,4123.190463986689,0
HBAR,VET,inf,33530.628098755384,0
HBAR,WAN,inf,1028.4107329399112,0
HBAR,WAVES,1623475.5713662833,4580.186526997351,0
HBAR,WTC,76147.12758652784,906.2732349523377,0
HBAR,XLM,inf,1304.4670642553242,0
HBAR,XMR,inf,1565.0099607182935,0
HBAR,XRP,93790.75401928333,1843.5379543999873,0
HBAR,XTZ,198761.9371446248,3063.056275418229,0
HBAR,ZEC,103571.80433930446,1850.6018213436405,0
HBAR,ZIL,inf,85124.42710136254,0
HBAR,ZRX,inf,1343.2493287543934,0
ICX,IOST,0.0,4304.932261369394,0
ICX,IOTA,0.0,287.2192864416481,0
ICX,IOTX,0.0,4771.600179512736,0
ICX,LINK,inf,877.4732525580004,0
ICX,LSK,inf,1598.2843901634703,0
ICX,LTC,inf,1188.9860279727186,0
ICX,MATIC,inf,18988.747146873342,0
ICX,MITH,inf,13692.48926689657,0
ICX,NANO,0.0,1172.8602143674457,0
ICX,NEO,0.0,672.3391757220252,0
ICX,NULS,inf,1414.8930360518832,0
ICX,OMG,0.0,4327.121671683297,0
ICX,ONT,inf,2214.7072943514604,0
ICX,QTUM,0.0,675.2471433771824,0
ICX,RLC,0.0,969.9833627252632,0
ICX,STX,inf,4319.469956095526,0
ICX,THETA,0.0,605862.8763352726,0
ICX,TRX,0.0,852.3698467293568,0
ICX,TUSD,inf,4777.83803434827,0
ICX,VET,0.0,32017.45203265459,0
ICX,WAN,0.0,624.3482756682081,0
ICX,WAVES,inf,2984.2146682205207,0
ICX,WTC,inf,1171.865480826645,0
ICX,XLM,0.0,537.1729266654735,0
ICX,XMR,0.0,1531.1881998982867,0
ICX,XRP,inf,2094.7711304946392,0
ICX,XTZ,inf,3575.066013076718,0
ICX,ZEC,inf,2065.974499569681,0
ICX,ZIL,0.0,80508.45103316216,0
ICX,ZRX,0.0,446.0440219861018,0
IOST,IOTA,0.0,3080.177730359586,0
IOST,IOTX,0.0,1347.5148483205692,0
IOST,LINK,inf,4934.331463730852,0
IOST,LSK,inf,10583.503350645045,0
IOST,LTC,inf,9104.614357670856,0
IOST,MATIC,inf,7447.055171189573,0
IOST,MITH,inf,7630.898910169571,0
IOST,NANO,0.0,2982.4655587249745,0
IOST,NEO,0.0,6238.657477331825,0
IOST,NULS,inf,9869.635172406759,0
IOST,OMG,0.0,5110.722173084908,0
IOST,ONT,inf,12053.633179927858,0
IOST,QTUM,0.0,6462.064423446151,0
IOST,RLC,0.0,6279.210707212549,0
IOST,STX,inf,1258.6342917876643,0
IOST,THETA,0.0,520068.8643831453,0
IOST,TRX,0.0,7506.608231112548,0
IOST,TUSD,inf,17362.23911755106,0
IOST,VET,0.0,16189.674320762364,0
IOST,WAN,0.0,3102.7145858479353,0
IOST,WAVES,inf,3427.5496799722096,0
IOST,WTC,inf,9380.264196628075,0
IOST,XLM,0.0,4829.842745394139,0
IOST,XMR,0.0,10153.342209027987,0
IOST,XRP,inf,11105.38100786615,0
IOST,XTZ,inf,15003.996882050149,0
IOST,ZEC,inf,11599.734012293111,0
IOST,ZIL,0.0,51611.09997124788,0
IOST,ZRX,0.0,3710.9983215760512,0
IOTA,IOTX,0.0,3741.187751350019,0
IOTA,LINK,inf,967.3022272534447,0
IOTA,LSK,inf,2481.392191247463,0
IOTA,LTC,inf,1891.8490481668982,0
IOTA,MATIC,inf,16584.794185440012,0
IOTA,MITH,inf,11379.196097762642,0
IOTA,NANO,0.0,815.5134614965609,0
IOTA,NEO,0.0,769.6721490295461,0
IOTA,NULS,inf,2154.174689612098,0
IOTA,OMG,0.0,3782.4355781316963,0
IOTA,ONT,inf,3198.464350779158,0
IOTA,QTUM,0.0,779.2369591651209,0
IOTA,RLC,0.0,1281.2626937906273,0
IOTA,STX,inf,2866.408481073073,0
IOTA,THETA,0.0,591325.8525658738,0
IOTA,TRX,0.0,1160.226246320345,0
IOTA,TUSD,inf,6258.96084633945,0
IOTA,VET,0.0,27338.585335772328,0
IOTA,WAN,0.0,389.07009827366005,0
IOTA,WAVES,inf,2407.614049019507,0
IOTA,WTC,inf,1928.333101224962,0
IOTA,XLM,0.0,667.0921750763403,0
IOTA,XMR,0.0,2291.48647857642,0
IOTA,XRP,inf,2729.600276050163,0
IOTA,XTZ,inf,4841.694087530044,0
IOTA,ZEC,inf,2970.2424439234264,0
IOTA,ZIL,0.0,75463.7051041876,0
IOTA,ZRX,0.0,439.3558141459157,0
IOTX,LINK,inf,5205.0312140785345,0
IOTX,LSK,inf,11228.145910874455,0
IOTX,LTC,inf,10007.013850356216,0
IOTX,MATIC,inf,6261.383100278738,0
IOTX,MITH,inf,6793.5648234098335,0
IOTX,NANO,0.0,4428.788592057581,0
IOTX,NEO,0.0,6979.407761123186,0
IOTX,NULS,inf,10249.296220611766,0
IOTX,OMG,0.0,3776.578811555991,0
IOTX,ONT,inf,12711.309270052425,0
IOTX,QTUM,0.0,7057.086073335317,0
IOTX,RLC,0.0,5706.254730133445,0
IOTX,STX,inf,1794.2529152098355,0
IOTX,THETA,0.0,510843.2164580973,0
IOTX,TRX,0.0,7978.809107796877,0
IOTX,TUSD,inf,18315.358465040696,0
IOTX,VET,0.0,16701.122444672266,0
IOTX,WAN,0.0,2967.0167967658176,0
IOTX,WAVES,inf,3368.7125955081374,0
IOTX,WTC,inf,9828.622118913376,0
IOTX,XLM,0.0,5758.898350309755,0
IOTX,XMR,0.0,10837.150596212598,0
IOTX,XRP,inf,11930.645026584309,0
IOTX,XTZ,inf,15896.512487492515,0
IOTX,ZEC,inf,12430.222710710923,0
IOTX,ZIL,0.0,49268.40270987309,0
IOTX,ZRX,0.0,3979.041963664155,0
LINK,LSK,5281917.78897346,2807.918060261223,0
LINK,LTC,1156070.0658979437,1627.4437726456858,0
LINK,MATIC,7888808.082982124,21079.857260093897,0
LINK,MITH,329091345.3067365,15471.189046871597,0
LINK,NANO,inf,1104.7294617015596,0
LINK,NEO,inf,950.7044657575574,0
LINK,NULS,3510162.637150103,2392.563541102788,0
LINK,OMG,inf,2524.1002016851758,0
LINK,ONT,2179885.465764426,3165.836114338911,0
LINK,QTUM,inf,1394.7756133445075,0
LINK,RLC,inf,497.4458853016162,0
LINK,STX,15316625.470856458,4650.221824327271,0
LINK,THETA,inf,608571.3657432756,0
LINK,TRX,inf,1467.5248837838367,0
LINK,TUSD,8858295.580653314,5904.765562306121,0
LINK,VET,inf,31461.040000337154,0
LINK,WAN,inf,1371.0253538556944,0
LINK,WAVES,2108068.4728697687,1726.7514531251097,0
LINK,WTC,7767763.466020211,2376.698246143157,0
LINK,XLM,inf,465.425409105318,0
LINK,XMR,inf,1955.3524048743386,0
LINK,XRP,6780558.456505965,2786.910759636151,0
LINK,XTZ,8639761.50823235,4661.700825691009,0
LINK,ZEC,7790229.567254166,2833.596756319767,0
LINK,ZIL,inf,77985.0667781086,0
LINK,ZRX,inf,579.9999509816444,0
LSK,LTC,2398287.8510563076,387.9063916284515,0
LSK,MATIC,15117132.629500266,29804.25786050145,0
LSK,MITH,379503628.0434755,20396.024069867835,0
LSK,NANO,inf,4112.556114533675,0
LSK,NEO,inf,1080.4596441394865,0
LSK,NULS,524100.5968752869,163.1162186052014,0
LSK,OMG,inf,8703.14262530967,0
LSK,ONT,1427638.6200492135,104.41336673366328,0
LSK,QTUM,inf,869.6003333066753,0
LSK,RLC,inf,2242.6486662114758,0
LSK,STX,30698217.65889656,9727.822537100417,0
LSK,THETA,inf,662340.7610957755,0
LSK,TRX,inf,585.8701905998927,0
LSK,TUSD,711257.3710922607,948.01502174915,0
LSK,VET,inf,44160.40772628036,0
LSK,WAN,inf,3129.773085597254,0
LSK,WAVES,1011650.5438625407,7275.63621532219,0
LSK,WTC,387271.3505756663,73.55724400467578,0
LSK,XLM,inf,2100.740721648736,0
LSK,XMR,inf,268.2859492042573,0
LSK,XRP,248698.92918554044,277.6221256744264,0
LSK,XTZ,643247.9352485458,457.5144679198871,0
LSK,ZEC,440120.7186805629,127.53370369595355,0
LSK,ZIL,inf,103633.521171446,0
LSK,ZRX,inf,2753.713877587964,0
LTC,MATIC,8808344.80316179,28216.245618012046,0
LTC,MITH,343737179.0510202,20008.510509945463,0
LTC,NANO,inf,2722.938995637915,0
LTC,NEO,inf,695.2689779148393,0
LTC,NULS,1610592.5864750468,468.97512188948747,0
LTC,OMG,inf,7151.169798994917,0
LTC,ONT,1184060.2240444445,504.357957177019,0
LTC,QTUM,inf,794.5202570982852,0
LTC,RLC,inf,1633.2263116512945,0
LTC,STX,18800082.735146593,8334.938285495637,0
LTC,THETA,inf,653309.7557812311,0
LTC,TRX,inf,536.8760821867893,0
LTC,TUSD,4999212.2410505675,1612.0809840656816,0
LTC,VET,inf,41453.90269951449,0
LTC,WAN,inf,2705.4247684976503,0
LTC,WAVES,620271.5203857517,5297.620266109201,0
LTC,WTC,4180860.245266122,412.9276022733611,0
LTC,XLM,inf,1039.7418864285378,0
LTC,XMR,inf,128.8069239125784,0
LTC,XRP,3463829.853470103,469.7567163826356,0
LTC,XTZ,4834317.192573013,1016.8953839917881,0
LTC,ZEC,4206048.629338828,321.2981053096978,0
LTC,ZIL,inf,97048.2914164622,0
LTC,ZRX,inf,1983.7248651346276,0
MATIC,MITH,266478947.1299157,9369.208595644797,0
MATIC,NANO,inf,17480.38071605779,0
MATIC,NEO,inf,23275.996521141013,0
MATIC,NULS,11667337.740117664,28556.172467328754,0
MATIC,OMG,inf,17867.437772199548,0
MATIC,ONT,9247125.039408263,32521.572408191063,0
MATIC,QTUM,inf,23096.326629272087,0
MATIC,RLC,inf,22392.406457644254,0
MATIC,STX,6362641.468119336,8592.098890457282,0
MATIC,THETA,inf,426052.1769035463,0
MATIC,TRX,inf,24976.756547259796,0
MATIC,TUSD,21849286.792788398,40565.52987484511,0
MATIC,VET,inf,11717.440165918588,0
MATIC,WAN,inf,15380.206541598285,0
MATIC,WAVES,11816021.112718532,15887.556355926048,0
MATIC,WTC,19893419.902327806,27534.539431687535,0
MATIC,XLM,inf,21073.48982602582,0
MATIC,XMR,inf,29858.997258672065,0
MATIC,XRP,18621512.949144617,31120.981735914716,0
MATIC,XTZ,21493496.769749478,37064.788358655685,0
MATIC,ZEC,20252368.38322385,32051.253837432087,0
MATIC,ZIL,inf,32341.08366735207,0
MATIC,ZRX,inf,18208.443023723823,0
MITH,NANO,inf,13265.230534664415,0
MITH,NEO,inf,15361.043379323106,0
MITH,NULS,359802672.858807,19386.761632556278,0
MITH,OMG,inf,12239.037495373606,0
MITH,ONT,342267959.8910648,22503.920898201228,0
MITH,QTUM,inf,13907.540090274892,0
MITH,RLC,inf,15757.3161217779,0
MITH,STX,211953272.70821628,4949.014486272889,0
MITH,THETA,inf,475073.2037884583,0
MITH,TRX,inf,15470.156153365288,0
MITH,TUSD,410882548.66113734,29346.746724746838,0
MITH,VET,inf,11326.569668131458,0
MITH,WAN,inf,9216.78167187928,0
MITH,WAVES,361691581.33860195,12098.323760698873,0
MITH,WTC,402508237.7311531,18870.95180876848,0
MITH,XLM,inf,15075.009086128837,0
MITH,XMR,inf,20974.796382917735,0
MITH,XRP,394382826.6442076,20421.499414687773,0
MITH,XTZ,409287378.5957022,26314.540420258014,0
MITH,ZEC,403944801.19932866,22336.67067015727,0
MITH,ZIL,inf,49546.10114970195,0
MITH,ZRX,inf,13132.836844395462,0
NANO,NEO,0.0,1561.1058552942386,0
NANO,NULS,inf,3659.3724472817535,0
NANO,OMG,0.0,3972.0711315377343,0
NANO,ONT,inf,4753.102931334748,0
NANO,QTUM,0.0,2031.433483949451,0
NANO,RLC,0.0,2068.1500875826796,0
NANO,STX,inf,3355.1711694648247,0
NANO,THETA,0.0,589375.1795262913,0
NANO,TRX,0.0,2516.5345079702975,0
NANO,TUSD,inf,8007.287069691932,0
NANO,VET,0.0,26515.53148666555,0
NANO,WAN,0.0,1616.2403143785555,0
NANO,WAVES,inf,2238.862915190316,0
NANO,WTC,inf,3537.5496458076796,0
NANO,XLM,0.0,770.4024293446674,0
NANO,XMR,0.0,3438.4977753588555,0
NANO,XRP,inf,4300.535130077323,0
NANO,XTZ,inf,6490.542663466007,0
NANO,ZEC,inf,4318.669422896106,0
NANO,ZIL,0.0,71641.58815306809,0
NANO,ZRX,0.0,963.7540582758849,0
NEO,NULS,inf,883.3673296046366,0
NEO,OMG,0.0,4730.2569846181805,0
NEO,ONT,inf,1336.1648475255165,0
NEO,QTUM,0.0,233.67263182676228,0
NEO,RLC,0.0,1008.047834401405,0
NEO,STX,inf,5434.070004653754,0
NEO,THETA,0.0,625727.9815877972,0
NEO,TRX,0.0,265.8901778878675,0
NEO,TUSD,inf,3439.8731661255842,0
NEO,VET,0.0,33138.32295764684,0
NEO,WAN,0.0,1309.6719756698733,0
NEO,WAVES,inf,3767.599978012097,0
NEO,WTC,inf,844.5256204560962,0
NEO,XLM,0.0,807.9109574441335,0
NEO,XMR,0.0,738.72530398307,0
NEO,XRP,inf,1033.4146628874482,0
NEO,XTZ,inf,2479.098207485967,0
NEO,ZEC,inf,1180.5590908230872,0
NEO,ZIL,0.0,87926.47341664923,0
NEO,ZRX,0.0,1110.5860856748407,0
NULS,OMG,inf,7783.936141198311,0
NULS,ONT,415512.0791271993,210.90612267544734,0
NULS,QTUM,inf,708.0446422454011,0
NULS,RLC,inf,1621.015838322082,0
NULS,STX,25302796.28167057,8998.661027379283,0
NULS,THETA,inf,656352.6385954724,0
NULS,TRX,inf,511.39243269730304,0
NULS,TUSD,2143425.3134370963,1358.3729046851731,0
NULS,VET,inf,42041.87876661419,0
NULS,WAN,inf,2715.7408641681413,0
NULS,WAVES,819351.8877773288,6771.439802498985,0
NULS,WTC,1566710.9322962882,121.99331983196306,0
NULS,XLM,inf,1886.5424988799637,0
NULS,XMR,inf,351.9045455342979,0
NULS,XRP,1222558.6033162442,412.9249475432395,0
NULS,XTZ,2025417.4931232277,747.9747288866116,0
NULS,ZEC,1647813.9041772278,253.71641474292073,0
NULS,ZIL,inf,100668.53006432512,0
NULS,ZRX,inf,2314.359572724683,0
OMG,ONT,inf,9346.366696439809,0
OMG,QTUM,0.0,5230.357879530429,0
OMG,RLC,0.0,2990.536745127696,0
OMG,STX,inf,4432.878162274581,0
OMG,THETA,0.0,563014.9653948201,0
OMG,TRX,0.0,5569.6224947481205,0
OMG,TUSD,inf,13901.166629976262,0
OMG,VET,0.0,24483.817535964736,0
OMG,WAN,0.0,3117.228414581159,0
OMG,WAVES,inf,1786.0247405363184,0
OMG,WTC,inf,7812.286806866739,0
OMG,XLM,0.0,4028.2786594429745,0
OMG,XMR,0.0,7433.809131105922,0
OMG,XRP,inf,8467.162204646484,0
OMG,XTZ,inf,12019.14534172569,0
OMG,ZEC,inf,9067.8909038146,0
OMG,ZIL,0.0,62757.92774057868,0
OMG,ZRX,0.0,2846.8556335639287,0
ONT,QTUM,inf,1235.3638759934004,0
ONT,RLC,inf,2451.2561694186015,0
ONT,STX,20615105.539635498,11104.288117886059,0
ONT,THETA,inf,675013.7048250729,0
ONT,TRX,inf,857.8288738714189,0
ONT,TUSD,3925089.2636346873,574.9031631382373,0
ONT,VET,inf,46558.26582738083,0
ONT,WAN,inf,3967.549993245544,0
ONT,WAVES,935292.353252749,8178.672604397753,0
ONT,WTC,3119256.39348666,249.13478181352428,0
ONT,XLM,inf,2583.1748855766773,0
ONT,XMR,inf,275.7467075152641,0
ONT,XRP,2532534.274507591,281.73207979311854,0
ONT,XTZ,3762236.679123671,210.21944503433573,0
ONT,ZEC,3218676.353485829,49.78956156624192,0
ONT,ZIL,inf,107953.30219592874,0
ONT,ZRX,inf,3354.346372361764,0
QTUM,RLC,0.0,1212.1791969860092,0
QTUM,STX,inf,5340.325849675313,0
QTUM,THETA,0.0,623816.3934658086,0
QTUM,TRX,0.0,144.1684938833016,0
QTUM,TUSD,inf,3340.4465561178495,0
QTUM,VET,0.0,33303.97615621986,0
QTUM,WAN,0.0,1102.252426850357,0
QTUM,WAVES,inf,4236.886467775126,0
QTUM,WTC,inf,629.8857194205029,0
QTUM,XLM,0.0,997.6136620482779,0
QTUM,XMR,0.0,874.7878794480794,0
QTUM,XRP,inf,868.907367164852,0
QTUM,XTZ,inf,2333.129651967654,0
QTUM,ZEC,inf,1149.4610963936075,0
QTUM,ZIL,0.0,88822.30595712937,0
QTUM,ZRX,0.0,1210.9778514389354,0
RLC,STX,inf,5732.32948580968,0
RLC,THETA,0.0,616966.0553638438,0
RLC,TRX,0.0,1256.674741090516,0
RLC,TUSD,inf,5060.5338930778635,0
RLC,VET,0.0,33598.884184917246,0
RLC,WAN,0.0,1397.7797931149898,0
RLC,WAVES,inf,2962.6547429155507,0
RLC,WTC,inf,1784.0371811838759,0
RLC,XLM,0.0,1058.5275700354728,0
RLC,XMR,0.0,1729.472874955506,0
RLC,XRP,inf,2407.488172340377,0
RLC,XTZ,inf,3886.0208353757644,0
RLC,ZEC,inf,2346.8252530414184,0
RLC,ZIL,0.0,82521.5937008783,0
RLC,ZRX,0.0,827.0227838007597,0
STX,THETA,inf,523567.53234077786,0
STX,TRX,inf,6283.455567670773,0
STX,TUSD,40143026.35807922,16237.60808219733,0
STX,VET,inf,14732.15163179311,0
STX,WAN,inf,2463.0563132360376,0
STX,WAVES,24028581.553499073,3026.1974282838155,0
STX,WTC,37511808.16256998,8632.921847872967,0
STX,XLM,inf,4592.209656940125,0
STX,XMR,inf,9224.837196047738,0
STX,XRP,35011824.29329137,9698.039055918927,0
STX,XTZ,39640037.70667244,13967.081476527359,0
STX,ZEC,37803531.684846744,10669.894842849539,0
STX,ZIL,inf,54022.78108079784,0
STX,ZRX,inf,3846.5670689070007,0
THETA,TRX,0.0,633960.6337614593,0
THETA,TUSD,inf,711473.7727507226,0
THETA,VET,0.0,398193.01444615796,0
THETA,WAN,0.0,579293.8840862248,0
THETA,WAVES,inf,562337.7687812271,0
THETA,WTC,inf,652316.4834355204,0
THETA,XLM,0.0,612249.068449836,0
THETA,XMR,0.0,661115.0422351421,0
THETA,XRP,inf,665940.4161913776,0
THETA,XTZ,inf,696467.5801322777,0
THETA,ZEC,inf,673060.1527696674,0
THETA,ZIL,0.0,276692.2645889719,0
THETA,ZRX,0.0,597125.7120797442,0
TRX,TUSD,inf,2635.773392817976,0
TRX,VET,0.0,35967.361946065976,0
TRX,WAN,0.0,1454.6646392260711,0
TRX,WAVES,inf,4577.191902322262,0
TRX,WTC,inf,459.23969888484305,0
TRX,XLM,0.0,1114.5516088670545,0
TRX,XMR,0.0,512.5396620168477,0
TRX,XRP,inf,529.4834676052989,0
TRX,XTZ,inf,1790.2943837322155,0
TRX,ZEC,inf,771.5418470591898,0
TRX,ZIL,0.0,92170.80229745248,0
TRX,ZRX,0.0,1488.7491891159223,0
TUSD,VET,inf,56623.86490902482,0
TUSD,WAN,inf,7388.01452464143,0
TUSD,WAVES,2707976.2923518415,12242.237731636636,0
TUSD,WTC,50520.544236304384,1410.4702987911758,0
TUSD,XLM,inf,5026.505429189876,0
TUSD,XMR,inf,1202.932211609185,0
TUSD,XRP,217216.85318339278,1090.7056285889437,0
TUSD,XTZ,2024.2533229602993,107.56470997489892,0
TUSD,ZEC,38465.60007144494,650.3070171160371,0
TUSD,ZIL,inf,122892.95915427993,0
TUSD,ZRX,inf,6402.853928459359,0
VET,WAN,0.0,25844.46853888578,0
VET,WAVES,inf,24049.818574470784,0
VET,WTC,inf,41799.87823494192,0
VET,XLM,0.0,32499.237303463782,0
VET,XMR,0.0,42971.18247722227,0
VET,XRP,inf,43375.17867495272,0
VET,XTZ,inf,52378.57846855712,0
VET,ZEC,inf,45797.67938945675,0
VET,ZIL,0.0,29438.78389074675,0
VET,ZRX,0.0,29887.881716336993,0
WAN,WAVES,inf,2278.5385344574483,0
WAN,WTC,inf,2486.8170542750113,0
WAN,XLM,0.0,1251.9719981872108,0
WAN,XMR,0.0,3062.3096629408064,0
WAN,XRP,inf,3365.478652062759,0
WAN,XTZ,inf,5847.954004175596,0
WAN,ZEC,inf,3824.878112518719,0
WAN,ZIL,0.0,72517.62124724501,0
WAN,ZRX,0.0,719.3526996112008,0
WAVES,WTC,2129933.4905837458,6567.649808039754,0
WAVES,XLM,inf,2208.085580333498,0
WAVES,XMR,inf,5950.1583135069,0
WAVES,XRP,1580660.4304930414,6915.149479061187,0
WAVES,XTZ,2593664.8794531105,10489.193392620313,0
WAVES,ZEC,2143991.8984519206,7615.078228118673,0
WAVES,ZIL,inf,61353.58461472569,0
WAVES,ZRX,inf,2108.2608816596544,0
WTC,XLM,inf,1766.9398923977549,0
WTC,XMR,inf,345.86392188236584,0
WTC,XRP,91606.48435939428,412.085575057402,0
WTC,XTZ,33795.21660344362,786.3499957117431,0
WTC,ZEC,6854.126078107845,273.6163521040596,0
WTC,ZIL,inf,99758.29375996851,0
WTC,ZRX,inf,2203.1911213481653,0
XLM,XMR,0.0,1545.4472657971332,0
XLM,XRP,inf,2126.391201929427,0
XLM,XTZ,inf,3852.4553071282567,0
XLM,ZEC,inf,2230.540426765698,0
XLM,ZIL,0.0,79907.32756399273,0
XLM,ZRX,0.0,526.8300743272257,0
XMR,XRP,inf,273.4252229650684,0
XMR,XTZ,inf,717.3916711302226,0
XMR,ZEC,inf,151.96146508806729,0
XMR,ZIL,0.0,100774.58196761354,0
XMR,ZRX,0.0,2403.515922214284,0
XRP,XTZ,184707.1803356862,626.7214423435206,0
XRP,ZEC,89751.50108127095,211.64977506566535,0
XRP,ZIL,inf,104579.35999505923,0
XRP,ZRX,inf,3059.376990339998,0
XTZ,ZEC,24352.192940159814,267.0077336867944,0
XTZ,ZIL,inf,116599.91609832733,0
XTZ,ZRX,inf,4990.003077511563,0
ZEC,ZIL,inf,106436.68779145934,0
ZEC,ZRX,inf,3149.943348499477,0
ZIL,ZRX,0.0,75386.2968096024,0
